{"type":"FeatureCollection","features":[{"type":"Feature","properties":{"unit_id":"BD3026","level":"district","name_en":"Dhaka","name_bn":"ঢাকা","division":"Dhaka","kiln_count":null,"kiln_share":null},"geometry":{"type":"Polygon","coordinates":[[[90.0285,24.0352],[90.0205,24.0297],[90.0248,24.0228],[90.0617,24.0302],[90.0653,24.0383],[90.0698,24.0325],[90.075,24.0429],[90.1084,24.0196],[90.1108,24.0288],[90.1484,24.0355],[90.148,24.0265],[90.1635,24.0211],[90.1776,24.0009],[90.1932,24.0102],[90.2376,24.0082],[90.235,24.0295],[90.2418,24.0316],[90.2591,24.0135],[90.2509,23.9985],[90.2696,23.9616],[90.2965,23.9607],[90.2995,23.9484],[90.3182,23.9502],[90.3171,23.9567],[90.3356,23.9477],[90.3423,23.9576],[90.3518,23.8781],[90.3603,23.8936],[90.38,23.8996],[90.3941,23.8808],[90.4378,23.9007],[90.4588,23.8961],[90.473,23.8663],[90.4728,23.8417],[90.4904,23.8165],[90.4709,23.7827],[90.512,23.7109],[90.4669,23.6907],[90.4491,23.6692],[90.4712,23.6345],[90.4305,23.6138],[90.3912,23.6522],[90.3691,23.6543],[90.3459,23.6398],[90.2865,23.6736],[90.27,23.6535],[90.249,23.6547],[90.2492,23.6335],[90.2258,23.6127],[90.2264,23.5998],[90.2083,23.5895],[90.2068,23.5667],[90.1774,23.5563],[90.1762,23.5268],[90.1523,23.5337],[90.1304,23.5654],[90.109,23.5684],[90.1108,23.5747],[90.0741,23.5661],[90.0399,23.576],[90.0546,23.5863],[90.0385,23.5964],[90.0358,23.6094],[90.045,23.6132],[90.0392,23.629],[90.0076,23.6275],[90.006,23.6444],[90.02,23.6536],[90.0186,23.6698],[90.0377,23.6822],[90.0412,23.713],[90.0504,23.7117],[90.051,23.7238],[90.0802,23.7158],[90.0824,23.7249],[90.0989,23.729],[90.1155,23.7146],[90.1241,23.7329],[90.1466,23.7469],[90.157,23.7437],[90.1584,23.725],[90.1886,23.7144],[90.2066,23.7236],[90.2262,23.7073],[90.257,23.7139],[90.218,23.7459],[90.2458,23.8025],[90.2451,23.8368],[90.1513,23.8277],[90.15,23.8423],[90.1088,23.8955],[90.0874,23.9119],[90.0655,23.9105],[90.0757,23.9266],[90.0627,23.9305],[90.0622,23.951],[90.0745,23.9605],[90.0503,23.959],[90.0384,23.9704],[90.038,23.983],[90.0568,24.0005],[90.0459,23.9969],[90.042,24.0051],[90.0258,24.0049],[90.0224,24.0167],[90.0131,24.0079],[90.0047,24.0155],[90.0166,24.0226],[90.0075,24.0369],[90.0189,24.0446],[90.0285,24.0352]]]}},{"type":"Feature","properties":{"unit_id":"BD5081","level":"district","name_en":"Rajshahi","name_bn":"রাজশাহী","division":"Rajshahi","kiln_count":null,"kiln_share":null},"geometry":{"type":"Polygon","coordinates":[[[88.5773,24.6965],[88.5705,24.6849],[88.5765,24.6807],[88.592,24.7],[88.6181,24.7018],[88.6282,24.6724],[88.6225,24.6476],[88.6366,24.6212],[88.6481,24.6354],[88.6525,24.6281],[88.6829,24.6404],[88.693,24.6295],[88.7051,24.6321],[88.6944,24.6435],[88.7015,24.667],[88.7342,24.6671],[88.7416,24.688],[88.7673,24.6707],[88.7974,24.6892],[88.814,24.6717],[88.8112,24.6563],[88.8617,24.656],[88.8793,24.6349],[88.883,24.6434],[88.8903,24.6372],[88.9099,24.6432],[88.9339,24.5882],[88.9418,24.5914],[88.9542,24.5786],[88.9631,24.5835],[88.9632,24.552],[88.9401,24.5397],[88.922,24.5482],[88.8973,24.5384],[88.8993,24.5287],[88.8883,24.5341],[88.8814,24.5212],[88.898,24.5217],[88.8983,24.512],[88.9247,24.5205],[88.9284,24.5147],[88.8927,24.475],[88.8995,24.4653],[88.892,24.4562],[88.9012,24.4477],[88.8934,24.3641],[88.8617,24.3641],[88.8454,24.3434],[88.8459,24.3194],[88.8535,24.3034],[88.8685,24.3148],[88.8788,24.2929],[88.9042,24.2921],[88.9017,24.2728],[88.9191,24.2555],[88.898,24.2329],[88.881,24.2287],[88.8747,24.2373],[88.8686,24.2117],[88.8763,24.1995],[88.8675,24.1875],[88.8736,24.1826],[88.8617,24.1673],[88.8951,24.1644],[88.894,24.1545],[88.9028,24.1548],[88.8589,24.1142],[88.8451,24.1312],[88.8153,24.1268],[88.7751,24.1533],[88.7822,24.1616],[88.7348,24.2195],[88.741,24.253],[88.7336,24.282],[88.7057,24.3122],[88.6593,24.3143],[88.6526,24.3051],[88.629,24.3051],[88.6239,24.3155],[88.5998,24.3108],[88.5884,24.3141],[88.5874,24.3244],[88.568,24.3266],[88.5551,24.2935],[88.527,24.3445],[88.5083,24.3427],[88.4333,24.3827],[88.3909,24.3715],[88.3461,24.3757],[88.2918,24.4161],[88.3325,24.447],[88.3062,24.4852],[88.3129,24.5208],[88.3008,24.5641],[88.3594,24.6023],[88.3683,24.5936],[88.3707,24.6023],[88.3906,24.5988],[88.4235,24.6161],[88.4195,24.6344],[88.4313,24.6431],[88.4215,24.6506],[88.4347,24.651],[88.437,24.6678],[88.4921,24.6578],[88.4886,24.6646],[88.5112,24.6731],[88.5122,24.6829],[88.4806,24.6799],[88.4736,24.6691],[88.4579,24.682],[88.4823,24.6815],[88.4893,24.7099],[88.5023,24.7203],[88.567,24.7032],[88.5773,24.6965]]]}},{"type":"Feature","properties":{"unit_id":"BD4047","level":"district","name_en":"Khulna","name_bn":"খুলনা","division":"Khulna","kiln_count":null,"kiln_share":null},"geometry":{"type":"Polygon","coordinates":[[[89.484,22.9525],[89.514,22.9285],[89.5224,22.9434],[89.5559,22.9623],[89.5661,22.9929],[89.5863,22.9861],[89.5852,22.977],[89.6134,22.9552],[89.6193,22.973],[89.6283,22.9621],[89.6491,22.9702],[89.6547,22.9838],[89.6764,22.9706],[89.6924,22.9803],[89.7546,22.969],[89.7501,22.9473],[89.7269,22.9237],[89.7418,22.9238],[89.7215,22.9043],[89.7291,22.8964],[89.712,22.8912],[89.7204,22.8866],[89.7142,22.8781],[89.6955,22.875],[89.7178,22.8483],[89.7112,22.8254],[89.6792,22.8163],[89.6755,22.7954],[89.6656,22.7992],[89.6548,22.7538],[89.6466,22.7521],[89.6435,22.7734],[89.6311,22.7627],[89.6104,22.7719],[89.5982,22.7212],[89.5848,22.7164],[89.6024,22.7],[89.5691,22.6908],[89.5802,22.6673],[89.5582,22.6789],[89.5478,22.6634],[89.5549,22.6389],[89.531,22.611],[89.566,22.5598],[89.6278,22.3403],[89.5871,22.2743],[89.5916,22.2374],[89.5472,22.206],[89.5513,22.1864],[89.5862,22.1385],[89.59,22.1106],[89.5433,21.968],[89.5508,21.9359],[89.5753,21.9077],[89.5491,21.8299],[89.5677,21.8],[89.6224,21.7479],[89.6131,21.7055],[89.6375,21.6638],[89.5417,21.6635],[89.4975,21.6924],[89.4687,21.677],[89.4338,21.6726],[89.3489,21.6709],[89.3259,21.6853],[89.3095,21.8495],[89.3384,21.8809],[89.3701,21.8951],[89.3727,21.9165],[89.3619,21.9478],[89.3228,21.9912],[89.2862,22.0611],[89.3028,22.0917],[89.263,22.0898],[89.2786,22.141],[89.3226,22.1923],[89.3068,22.2158],[89.3104,22.2342],[89.2904,22.2551],[89.3162,22.2741],[89.3176,22.2844],[89.2825,22.2858],[89.2775,22.3086],[89.2507,22.3385],[89.2525,22.3455],[89.274,22.3458],[89.2645,22.3759],[89.2363,22.375],[89.2569,22.3977],[89.2404,22.4273],[89.2446,22.4464],[89.2581,22.4516],[89.2562,22.4654],[89.2856,22.4751],[89.255,22.4957],[89.2488,22.5301],[89.2358,22.5478],[89.2646,22.5875],[89.2635,22.6018],[89.2435,22.6086],[89.2458,22.6172],[89.2609,22.6195],[89.2432,22.6366],[89.2602,22.6581],[89.2636,22.6322],[89.2865,22.621],[89.276,22.6309],[89.3032,22.6489],[89.2616,22.6673],[89.2611,22.717],[89.2644,22.6965],[89.2845,22.6973],[89.3006,22.6819],[89.3068,22.7138],[89.3306,22.7155],[89.3318,22.7283],[89.3114,22.7495],[89.2989,22.7877],[89.2901,22.7954],[89.2714,22.7901],[89.2653,22.8119],[89.2474,22.8113],[89.2572,22.8326],[89.2466,22.836],[89.255,22.8498],[89.2669,22.843],[89.2668,22.8536],[89.286,22.849],[89.289,22.8626],[89.3102,22.8532],[89.2964,22.843],[89.3296,22.8386],[89.3244,22.8275],[89.3476,22.8311],[89.358,22.8627],[89.3448,22.871],[89.3572,22.8809],[89.3406,22.922],[89.3628,22.9242],[89.37,22.9347],[89.3957,22.934],[89.3947,22.9431],[89.4266,22.9584],[89.429,22.9969],[89.456,23.0114],[89.484,22.9525]]]}},{"type":"Feature","properties":{"unit_id":"BD1004","level":"district","name_en":"Barguna","name_bn":"বরগুনা","division":"Barishal","kiln_count":null,"kiln_share":null},"geometry":{"type":"Polygon","coordinates":[[[90.2265,22.4375],[90.1866,22.3919],[90.1794,22.344],[90.1655,22.3371],[90.1745,22.3217],[90.1379,22.337],[90.1597,22.3111],[90.1454,22.3018],[90.1538,22.2565],[90.2227,22.2132],[90.2324,22.226],[90.2244,22.2343],[90.236,22.2383],[90.2463,22.2617],[90.2871,22.2584],[90.2874,22.2317],[90.2882,22.241],[90.3346,22.2613],[90.329,22.2437],[90.3611,22.2293],[90.3647,22.2129],[90.3487,22.2016],[90.3734,22.1925],[90.3375,22.1639],[90.3459,22.1104],[90.333,22.1083],[90.3311,22.0822],[90.3257,22.0906],[90.3123,22.0886],[90.3158,22.0813],[90.2766,22.0617],[90.2895,22.0539],[90.2709,22.0263],[90.2527,22.0268],[90.2475,22.0164],[90.2409,22.0285],[90.2185,22.0291],[90.2403,22.0401],[90.2223,22.0425],[90.2355,22.055],[90.204,22.067],[90.1972,22.0737],[90.2078,22.0788],[90.1974,22.0885],[90.1811,22.0817],[90.1892,22.0555],[90.1973,22.0612],[90.1956,22.0511],[90.2096,22.0468],[90.203,22.0408],[90.2088,22.0273],[90.1962,22.0288],[90.2012,22.0189],[90.1756,22.0213],[90.1843,22.0096],[90.1758,22.0006],[90.1909,21.9808],[90.1593,21.9831],[90.137,21.9594],[90.1462,21.9303],[90.1163,21.9252],[90.1169,21.9023],[90.0909,21.8456],[90.0402,21.8492],[90.0134,21.8679],[90.0088,21.9151],[90.022,21.9504],[90.0588,21.9703],[90.0304,21.976],[90.0298,21.9868],[89.9833,21.9812],[89.9543,21.9665],[89.9069,21.9674],[89.8776,22.0483],[89.8955,22.1006],[89.8901,22.157],[89.9264,22.1581],[89.9407,22.1746],[89.9571,22.1686],[89.9681,22.1908],[89.9633,22.2187],[89.9744,22.2009],[89.9806,22.2065],[89.9885,22.1984],[89.999,22.2115],[89.9963,22.2286],[90.0172,22.2281],[90.0272,22.2566],[90.023,22.2913],[90.0389,22.3029],[90.0411,22.3168],[90.0535,22.3138],[90.0487,22.3348],[90.0684,22.3394],[90.0771,22.3532],[90.0947,22.3449],[90.1143,22.3632],[90.1464,22.4099],[90.1764,22.4325],[90.1768,22.4596],[90.1881,22.4778],[90.2168,22.4734],[90.2455,22.4801],[90.2265,22.4375]]]}},{"type":"Feature","properties":{"unit_id":"BD1006","level":"district","name_en":"Barishal","name_bn":"বরিশাল","division":"Barishal","kiln_count":null,"kiln_share":null},"geometry":{"type":"Polygon","coordinates":[[[90.615,23.0047],[90.6372,22.9988],[90.6576,22.9779],[90.7015,22.9117],[90.6945,22.9011],[90.6606,22.903],[90.6628,22.883],[90.6815,22.8743],[90.6665,22.8511],[90.6382,22.8298],[90.6121,22.8248],[90.5838,22.8064],[90.5806,22.7914],[90.5671,22.7895],[90.5594,22.7686],[90.5684,22.7197],[90.5495,22.6886],[90.5227,22.6864],[90.5423,22.6659],[90.5301,22.6165],[90.5564,22.5934],[90.5382,22.5891],[90.5455,22.5655],[90.5159,22.5556],[90.5316,22.5491],[90.5158,22.532],[90.5031,22.5457],[90.4791,22.5304],[90.4582,22.533],[90.4272,22.4598],[90.4124,22.4774],[90.3659,22.5011],[90.3393,22.4679],[90.3156,22.4818],[90.2959,22.4678],[90.2774,22.4745],[90.2641,22.4598],[90.2341,22.4537],[90.2455,22.4801],[90.1906,22.4773],[90.1999,22.4926],[90.2792,22.5405],[90.2804,22.5594],[90.3026,22.5563],[90.31,22.5757],[90.3376,22.5764],[90.3259,22.6044],[90.3467,22.6124],[90.3827,22.5906],[90.3798,22.6077],[90.3424,22.6233],[90.3519,22.637],[90.3717,22.6327],[90.3716,22.6487],[90.3238,22.6608],[90.3225,22.6442],[90.3143,22.6615],[90.3205,22.6738],[90.2731,22.6894],[90.2728,22.7327],[90.2568,22.754],[90.2246,22.7522],[90.1986,22.7855],[90.1851,22.7816],[90.1841,22.7607],[90.1651,22.7463],[90.1663,22.7591],[90.1428,22.7558],[90.1405,22.7671],[90.0767,22.7824],[90.0623,22.8054],[90.0493,22.8098],[90.0543,22.8266],[90.0288,22.8179],[90.0353,22.8673],[90.0183,22.8686],[90.0172,22.8762],[90.0343,22.9331],[90.0567,22.9316],[90.0576,22.9705],[90.069,22.9676],[90.077,22.9828],[90.0838,22.9805],[90.0943,23.0068],[90.1264,23.0051],[90.1273,23.0261],[90.1439,23.0481],[90.136,23.052],[90.1541,23.0555],[90.1629,23.0707],[90.1989,23.0596],[90.2144,23.0744],[90.2353,23.0504],[90.2289,22.988],[90.2383,22.9627],[90.2478,22.978],[90.2582,22.976],[90.257,22.9661],[90.3226,22.985],[90.3295,23.0083],[90.3116,23.0346],[90.3129,23.0536],[90.3705,23.0589],[90.4194,23.0447],[90.4273,23.0374],[90.4116,23.0214],[90.4188,23.0067],[90.4934,23.021],[90.4952,23.0334],[90.5111,23.0423],[90.5017,23.0583],[90.5155,23.0562],[90.5161,23.0808],[90.5448,23.0801],[90.615,23.0047]]]}},{"type":"Feature","properties":{"unit_id":"BD1009","level":"district","name_en":"Bhola","name_bn":"ভোলা","division":"Barishal","kiln_count":null,"kiln_share":null},"geometry":{"type":"Polygon","coordinates":[[[90.7211,22.8117],[90.7662,22.7789],[90.7835,22.661],[90.9002,22.5471],[90.9905,22.3895],[91.0236,22.2991],[91.0151,22.2569],[91.0213,22.1919],[90.9562,22.0276],[90.8558,22.0488],[90.8574,21.8385],[90.5937,21.8456],[90.5991,21.92],[90.6188,21.968],[90.5859,21.988],[90.5941,22.0041],[90.5784,22.0596],[90.5854,22.1408],[90.571,22.156],[90.6302,22.2625],[90.6538,22.2797],[90.6633,22.325],[90.6644,22.418],[90.6556,22.4518],[90.624,22.4784],[90.5849,22.561],[90.5301,22.6165],[90.5423,22.6659],[90.5227,22.6864],[90.5495,22.6886],[90.5684,22.7197],[90.5595,22.7697],[90.5838,22.8064],[90.6526,22.8388],[90.672,22.8645],[90.7161,22.8685],[90.7211,22.8117]]]}},{"type":"Feature","properties":{"unit_id":"BD1042","level":"district","name_en":"Jhalokati","name_bn":"ঝালকাঠি","division":"Barishal","kiln_count":null,"kiln_share":null},"geometry":{"type":"Polygon","coordinates":[[[90.2185,22.7688],[90.2246,22.7522],[90.2568,22.754],[90.2728,22.7327],[90.2731,22.6894],[90.3205,22.6738],[90.3143,22.6615],[90.3225,22.6442],[90.3238,22.6608],[90.3706,22.6503],[90.3717,22.6327],[90.3519,22.637],[90.3424,22.6233],[90.3798,22.6077],[90.3843,22.5932],[90.3668,22.5934],[90.3461,22.6125],[90.3259,22.6044],[90.3376,22.5764],[90.31,22.5757],[90.3026,22.5563],[90.2804,22.5594],[90.2792,22.5405],[90.2059,22.4995],[90.1783,22.4639],[90.1764,22.4325],[90.1464,22.4099],[90.116,22.3649],[90.0947,22.3449],[90.0771,22.3532],[90.0684,22.3394],[90.0508,22.3354],[90.0559,22.3542],[90.0347,22.3732],[90.0342,22.361],[90.0178,22.3704],[90.0222,22.3913],[90.039,22.401],[90.0263,22.4425],[90.0592,22.4414],[90.0643,22.4644],[90.0778,22.4391],[90.1008,22.4435],[90.1056,22.4613],[90.122,22.4666],[90.1331,22.4833],[90.1185,22.5017],[90.111,22.4914],[90.1011,22.4973],[90.0785,22.4846],[90.0721,22.5092],[90.0616,22.5031],[90.0645,22.5529],[90.0542,22.5798],[90.0639,22.5954],[90.0749,22.5877],[90.0953,22.5919],[90.1101,22.6096],[90.0946,22.6544],[90.1378,22.6727],[90.1574,22.7188],[90.188,22.7402],[90.1746,22.7569],[90.1846,22.7616],[90.1851,22.7816],[90.1951,22.7847],[90.2185,22.7688]]]}},{"type":"Feature","properties":{"unit_id":"BD1078","level":"district","name_en":"Patuakhali","name_bn":"পটুয়াখালী","division":"Barishal","kiln_count":null,"kiln_share":null},"geometry":{"type":"Polygon","coordinates":[[[90.5849,22.561],[90.624,22.4784],[90.6552,22.4527],[90.6644,22.418],[90.6633,22.325],[90.6538,22.2797],[90.6302,22.2625],[90.571,22.156],[90.5854,22.1408],[90.5784,22.0596],[90.5941,22.0041],[90.5859,21.988],[90.6188,21.968],[90.5991,21.92],[90.602,21.897],[90.534,21.8701],[90.4754,21.7988],[90.4361,21.8173],[90.3158,21.8316],[90.2515,21.8292],[90.2191,21.8065],[90.1774,21.7944],[90.1038,21.8111],[90.0785,21.845],[90.0936,21.8492],[90.1169,21.9023],[90.1157,21.9241],[90.1458,21.9293],[90.136,21.9576],[90.1569,21.9817],[90.1909,21.9808],[90.1758,22.0006],[90.1843,22.0096],[90.1758,22.0216],[90.2004,22.0187],[90.1966,22.0294],[90.2088,22.0273],[90.203,22.0408],[90.2096,22.0468],[90.1956,22.0511],[90.1973,22.0612],[90.1892,22.0555],[90.1811,22.0817],[90.1974,22.0885],[90.2078,22.0788],[90.1972,22.0737],[90.204,22.067],[90.2355,22.055],[90.2223,22.0425],[90.2403,22.0401],[90.2185,22.0291],[90.2409,22.0285],[90.2475,22.0164],[90.2527,22.0268],[90.2709,22.0263],[90.2895,22.0539],[90.2766,22.0617],[90.3158,22.0813],[90.3123,22.0886],[90.3257,22.0906],[90.3311,22.0822],[90.333,22.1083],[90.3459,22.1104],[90.3375,22.1639],[90.3739,22.1954],[90.3487,22.2016],[90.3647,22.2129],[90.3611,22.2293],[90.329,22.2437],[90.3346,22.2613],[90.2882,22.241],[90.2874,22.2317],[90.2813,22.2448],[90.2871,22.2584],[90.2463,22.2617],[90.236,22.2383],[90.2244,22.2343],[90.2324,22.226],[90.2227,22.2132],[90.1838,22.2322],[90.1538,22.2565],[90.1454,22.3018],[90.1597,22.3111],[90.1379,22.337],[90.1745,22.3217],[90.1655,22.3371],[90.1794,22.344],[90.1866,22.3919],[90.197,22.4122],[90.214,22.4156],[90.2341,22.4537],[90.2641,22.4598],[90.2774,22.4745],[90.2959,22.4678],[90.3156,22.4818],[90.3393,22.4679],[90.3659,22.5011],[90.4124,22.4774],[90.4272,22.4598],[90.4582,22.533],[90.4791,22.5304],[90.5031,22.5457],[90.5174,22.5328],[90.5316,22.5491],[90.5156,22.5553],[90.5455,22.5655],[90.5382,22.5891],[90.5569,22.5932],[90.5849,22.561]]]}},{"type":"Feature","properties":{"unit_id":"BD1079","level":"district","name_en":"Pirojpur","name_bn":"পিরোজপুর","division":"Barishal","kiln_count":null,"kiln_share":null},"geometry":{"type":"Polygon","coordinates":[[[90.0363,22.86],[90.0288,22.8179],[90.0543,22.8266],[90.0493,22.8098],[90.0623,22.8054],[90.0767,22.7824],[90.1405,22.7671],[90.1428,22.7558],[90.1663,22.7591],[90.1651,22.7463],[90.1756,22.7512],[90.1891,22.7427],[90.1574,22.7188],[90.1378,22.6727],[90.0946,22.6544],[90.1101,22.6096],[90.1012,22.5967],[90.0762,22.5878],[90.0644,22.5956],[90.0542,22.5798],[90.0645,22.5529],[90.0616,22.5031],[90.0721,22.5092],[90.0785,22.4846],[90.1011,22.4973],[90.111,22.4914],[90.1185,22.5017],[90.1331,22.4833],[90.122,22.4666],[90.1056,22.4613],[90.1008,22.4435],[90.0778,22.4391],[90.0643,22.4644],[90.0592,22.4414],[90.0263,22.4425],[90.039,22.401],[90.0222,22.3913],[90.018,22.3697],[90.0342,22.361],[90.0347,22.3732],[90.0559,22.3542],[90.0486,22.3344],[90.0535,22.3138],[90.0411,22.3168],[90.0389,22.3029],[90.023,22.2913],[90.0272,22.2566],[90.0172,22.2281],[89.9963,22.2286],[89.999,22.2115],[89.9885,22.1984],[89.9806,22.2065],[89.9744,22.2009],[89.9633,22.2187],[89.9681,22.1908],[89.9571,22.1686],[89.9407,22.1746],[89.9264,22.1581],[89.8901,22.157],[89.8574,22.2608],[89.8664,22.3033],[89.894,22.3466],[89.8988,22.3736],[89.8692,22.4156],[89.8998,22.4406],[89.9314,22.4455],[89.9436,22.4642],[89.9294,22.4761],[89.8923,22.4755],[89.8804,22.4973],[89.9131,22.5046],[89.9514,22.4912],[89.9658,22.4927],[89.9672,22.5033],[89.92,22.5093],[89.9514,22.5464],[89.962,22.5925],[89.9155,22.6037],[89.9265,22.6442],[89.8868,22.6627],[89.896,22.6767],[89.9069,22.6559],[89.9373,22.6794],[89.9149,22.6941],[89.8651,22.6911],[89.8603,22.6998],[89.9067,22.7271],[89.9274,22.722],[89.9334,22.7516],[89.9091,22.7545],[89.9068,22.7734],[89.94,22.7832],[89.9162,22.7998],[89.9174,22.809],[89.9489,22.8238],[89.9374,22.8638],[89.9628,22.8529],[89.9878,22.8657],[90.0289,22.8686],[90.0363,22.86]]]}},{"type":"Feature","properties":{"unit_id":"BD2003","level":"district","name_en":"Bandarban","name_bn":"বান্দরবান","division":"Chattogram","kiln_count":null,"kiln_share":null},"geometry":{"type":"Polygon","coordinates":[[[92.2165,22.3106],[92.2846,22.344],[92.389,22.3326],[92.4283,22.2705],[92.4634,22.2495],[92.4763,22.2096],[92.4908,22.1951],[92.5118,22.1133],[92.5044,22.0788],[92.5411,22.0371],[92.5372,21.9936],[92.5801,21.9334],[92.6211,21.8261],[92.6089,21.8151],[92.6,21.7021],[92.6085,21.5837],[92.6519,21.357],[92.6801,21.2892],[92.6352,21.2724],[92.6204,21.2495],[92.5952,21.2447],[92.5573,21.3841],[92.5259,21.3716],[92.5071,21.3777],[92.5092,21.3617],[92.4974,21.3515],[92.4741,21.3544],[92.4576,21.3692],[92.439,21.3656],[92.4278,21.38],[92.4263,21.4325],[92.38,21.481],[92.3671,21.4798],[92.3521,21.4622],[92.3435,21.4671],[92.3295,21.4192],[92.2973,21.4191],[92.2916,21.431],[92.2692,21.4277],[92.2696,21.4],[92.2538,21.3854],[92.2586,21.3634],[92.2243,21.3519],[92.1974,21.3284],[92.1984,21.3095],[92.2175,21.2782],[92.2199,21.2575],[92.212,21.2481],[92.2207,21.2336],[92.2003,21.2008],[92.1764,21.1835],[92.1694,21.1901],[92.1661,21.2203],[92.1916,21.266],[92.1798,21.2693],[92.1574,21.3101],[92.1278,21.4028],[92.1443,21.4007],[92.1564,21.4122],[92.1569,21.4284],[92.1776,21.4323],[92.2017,21.3892],[92.2189,21.3983],[92.2409,21.395],[92.2474,21.4051],[92.2283,21.4432],[92.2408,21.4499],[92.2407,21.4667],[92.2229,21.4783],[92.2168,21.4988],[92.2029,21.4968],[92.2019,21.5083],[92.187,21.5037],[92.1859,21.4946],[92.1834,21.5062],[92.17,21.5041],[92.1582,21.5338],[92.1859,21.5645],[92.1705,21.5845],[92.1754,21.596],[92.1646,21.6032],[92.1487,21.5916],[92.1422,21.6157],[92.0995,21.6369],[92.1158,21.6502],[92.1017,21.6525],[92.1136,21.6642],[92.0943,21.6833],[92.1159,21.7023],[92.1091,21.7166],[92.1208,21.7185],[92.1133,21.7384],[92.1563,21.7349],[92.1626,21.7685],[92.1767,21.7861],[92.1823,21.7881],[92.1831,21.7768],[92.1903,21.7735],[92.1937,21.7747],[92.1964,21.786],[92.2128,21.7879],[92.2055,21.816],[92.1979,21.8241],[92.1875,21.8178],[92.1812,21.8447],[92.1694,21.8347],[92.1913,21.7753],[92.1848,21.7778],[92.185,21.7871],[92.1805,21.7906],[92.1645,21.7731],[92.1458,21.7757],[92.1339,21.7943],[92.1096,21.7884],[92.1037,21.804],[92.083,21.8053],[92.0794,21.8211],[92.0931,21.8373],[92.0852,21.8849],[92.0621,21.9039],[92.0751,21.9227],[92.099,21.9216],[92.1173,21.9338],[92.1113,21.9172],[92.1293,21.9018],[92.1749,21.9109],[92.1606,21.9448],[92.1842,21.9441],[92.2159,21.9737],[92.2033,21.9895],[92.2049,22.0003],[92.2179,22.0057],[92.2022,22.0084],[92.1939,22.024],[92.1784,22.0239],[92.1626,22.043],[92.1783,22.065],[92.1546,22.07],[92.1638,22.0854],[92.1417,22.0925],[92.1734,22.1123],[92.1605,22.1289],[92.1717,22.1411],[92.1576,22.1658],[92.1654,22.1842],[92.1535,22.1941],[92.1399,22.2346],[92.1442,22.2562],[92.1367,22.2715],[92.1575,22.3319],[92.1468,22.3417],[92.1487,22.3494],[92.2023,22.3431],[92.2165,22.3106]]]}},{"type":"Feature","properties":{"unit_id":"BD2012","level":"district","name_en":"Brahmanbaria","name_bn":"ব্রাহ্মণবাড়িয়া","division":"Chattogram","kiln_count":null,"kiln_share":null},"geometry":{"type":"Polygon","coordinates":[[[91.329,24.2516],[91.3243,24.2315],[91.3008,24.2248],[91.2976,24.2144],[91.2853,24.2192],[91.275,24.2045],[91.2864,24.1965],[91.3133,24.2052],[91.3142,24.1856],[91.308,24.1924],[91.2775,24.1828],[91.2757,24.1585],[91.2617,24.146],[91.271,24.1429],[91.2711,24.1247],[91.2934,24.1197],[91.2695,24.1128],[91.268,24.0947],[91.2927,24.0945],[91.2856,24.0608],[91.3042,24.0573],[91.3127,24.0412],[91.3039,24.0262],[91.3091,24.0178],[91.2955,24.007],[91.3035,23.9962],[91.2994,23.9717],[91.2876,23.9678],[91.2851,23.9824],[91.2713,23.963],[91.2641,23.9454],[91.2753,23.9247],[91.2334,23.9269],[91.2458,23.913],[91.2289,23.8983],[91.2296,23.8808],[91.2545,23.8378],[91.2329,23.8106],[91.2304,23.7642],[91.2185,23.7368],[91.2059,23.75],[91.1677,23.7502],[91.1485,23.7119],[91.1532,23.6888],[91.2069,23.6865],[91.2038,23.6505],[91.1906,23.6471],[91.1926,23.6544],[91.1715,23.6572],[91.156,23.6709],[91.1256,23.6686],[91.118,23.6977],[91.1115,23.6933],[91.1087,23.7069],[91.1017,23.7049],[91.1076,23.7093],[91.098,23.7096],[91.1097,23.7174],[91.0813,23.7202],[91.0856,23.7304],[91.0735,23.7282],[91.0782,23.7371],[91.0683,23.7309],[91.0716,23.74],[91.057,23.7466],[91.0649,23.7596],[91.0488,23.7596],[91.0528,23.7696],[91.0416,23.7638],[91.0473,23.7739],[91.0387,23.775],[91.0348,23.7963],[91.0038,23.7879],[90.995,23.7945],[90.9987,23.7867],[90.9591,23.7743],[90.9013,23.7669],[90.8851,23.753],[90.8824,23.7252],[90.8694,23.718],[90.8018,23.7349],[90.7986,23.7555],[90.775,23.7134],[90.7851,23.687],[90.7702,23.6849],[90.7625,23.6999],[90.7415,23.6929],[90.7215,23.7406],[90.7662,23.8047],[90.7628,23.8607],[90.8333,23.8645],[90.8591,23.8787],[90.8943,23.8646],[90.9069,23.8686],[90.9312,23.9134],[90.9512,23.9302],[90.9543,23.9591],[90.973,23.973],[90.9733,24.0189],[91.0501,24.0901],[91.0409,24.1189],[90.9863,24.1554],[90.9912,24.1703],[91.0148,24.1831],[91.0391,24.2137],[91.0912,24.2118],[91.0788,24.2281],[91.0857,24.2407],[91.1396,24.2443],[91.1753,24.2655],[91.1962,24.2402],[91.2863,24.2247],[91.285,24.2454],[91.3129,24.2681],[91.329,24.2516]]]}},{"type":"Feature","properties":{"unit_id":"BD2013","level":"district","name_en":"Chandpur","name_bn":"চাঁদপুর","division":"Chattogram","kiln_count":null,"kiln_share":null},"geometry":{"type":"Polygon","coordinates":[[[90.7098,23.4532],[90.7113,23.4326],[90.7359,23.4138],[90.7341,23.4266],[90.7553,23.4143],[90.771,23.4478],[90.7938,23.4332],[90.8326,23.4708],[90.8465,23.4727],[90.8511,23.4593],[90.8768,23.4543],[90.8978,23.3961],[90.9299,23.3771],[90.9329,23.3471],[90.9556,23.3484],[90.9803,23.2885],[90.9941,23.2929],[91.0282,23.2302],[91.0118,23.2049],[91.0179,23.1944],[90.9989,23.1808],[91.0113,23.1536],[91.0073,23.1402],[90.9645,23.1295],[90.9549,23.1439],[90.9028,23.15],[90.891,23.1659],[90.8463,23.1614],[90.8506,23.1484],[90.8363,23.1333],[90.7964,23.1158],[90.792,23.0759],[90.7521,23.0662],[90.7551,23.06],[90.7311,23.041],[90.6919,23.0633],[90.6613,23.0493],[90.6689,23.0334],[90.6605,23.0243],[90.6728,23.0173],[90.6635,23.015],[90.6518,22.983],[90.6372,22.9988],[90.6176,23.0025],[90.5714,23.0494],[90.5329,23.0935],[90.5272,23.1167],[90.5556,23.1245],[90.5671,23.1406],[90.5663,23.1648],[90.5799,23.1737],[90.5948,23.2072],[90.5956,23.2474],[90.5818,23.2526],[90.5546,23.2979],[90.5816,23.3364],[90.5388,23.3797],[90.5385,23.3905],[90.5744,23.4432],[90.5842,23.4807],[90.5774,23.4956],[90.6186,23.4901],[90.6415,23.5044],[90.6863,23.4954],[90.7098,23.4532]]]}},{"type":"Feature","properties":{"unit_id":"BD2015","level":"district","name_en":"Chattogram","name_bn":"চট্টগ্রাম","division":"Chattogram","kiln_count":null,"kiln_share":null},"geometry":{"type":"MultiPolygon","coordinates":[[[[91.7202,22.9826],[91.7312,22.954],[91.7187,22.8878],[91.7568,22.8601],[91.7637,22.8192],[91.794,22.7672],[91.8188,22.7904],[91.8385,22.7871],[91.8343,22.7728],[91.841,22.7787],[91.8543,22.7672],[91.8605,22.7745],[91.8568,22.7547],[91.8755,22.7666],[91.8913,22.7618],[91.8981,22.7488],[91.8873,22.7497],[91.878,22.7172],[91.8846,22.6982],[91.8989,22.6924],[91.9246,22.6989],[91.9272,22.68],[91.9435,22.6694],[91.9351,22.6585],[91.9419,22.6079],[91.9639,22.5724],[91.9779,22.5114],[91.9736,22.4905],[92.0001,22.4914],[92.0226,22.5147],[92.0184,22.5245],[92.0294,22.5331],[92.0077,22.592],[92.0151,22.609],[92.0331,22.6142],[92.0397,22.6269],[92.0483,22.6104],[92.0735,22.6193],[92.084,22.6133],[92.0814,22.5983],[92.1073,22.5728],[92.1014,22.5621],[92.1089,22.561],[92.1105,22.5342],[92.1176,22.5362],[92.1257,22.517],[92.1358,22.4841],[92.1304,22.4653],[92.1446,22.444],[92.1185,22.4301],[92.1014,22.4076],[92.1229,22.3748],[92.1428,22.3757],[92.135,22.36],[92.1493,22.356],[92.1469,22.3405],[92.1575,22.3322],[92.1368,22.2712],[92.1459,22.2113],[92.1654,22.1842],[92.1576,22.1658],[92.1631,22.1473],[92.1718,22.1456],[92.1605,22.1293],[92.171,22.1072],[92.1417,22.0925],[92.1638,22.0854],[92.1546,22.07],[92.1783,22.065],[92.1626,22.043],[92.1784,22.0239],[92.1939,22.024],[92.2022,22.0084],[92.2181,22.0052],[92.2049,22.0003],[92.216,21.9741],[92.197,21.9632],[92.1973,21.952],[92.1762,21.9417],[92.1606,21.9448],[92.1749,21.9109],[92.1293,21.9018],[92.1113,21.9172],[92.1176,21.9337],[92.099,21.9216],[92.0751,21.9227],[92.0595,21.9071],[92.0572,21.9218],[92.0387,21.9219],[92.0344,21.9051],[91.9717,21.9035],[91.9651,21.8816],[91.9577,21.891],[91.9281,21.8787],[91.925,21.8583],[91.9143,21.8578],[91.9066,21.931],[91.8776,21.9457],[91.8851,22.0126],[91.8577,22.1082],[91.838,22.1162],[91.8114,22.1729],[91.8122,22.2078],[91.7785,22.2321],[91.7733,22.263],[91.755,22.2851],[91.7451,22.3993],[91.739,22.4089],[91.644,22.4067],[91.6157,22.4966],[91.4963,22.6502],[91.4514,22.7387],[91.4447,22.8094],[91.4617,22.8319],[91.4741,22.8755],[91.4617,22.8824],[91.4591,22.9064],[91.5145,22.9055],[91.5389,22.934],[91.5278,22.9514],[91.5383,22.9463],[91.5482,22.9587],[91.567,22.9518],[91.5902,22.9777],[91.606,22.9725],[91.6136,22.9589],[91.6007,22.955],[91.6093,22.9574],[91.622,22.9423],[91.6242,22.9618],[91.6362,22.9629],[91.6462,22.9852],[91.6523,22.976],[91.6767,22.9844],[91.6806,22.9772],[91.7006,22.9888],[91.7202,22.9826]]],[[[91.3492,22.6042],[91.3498,22.6099],[91.3524,22.6098],[91.3572,22.6017],[91.3492,22.6042]]],[[[91.3436,22.5833],[91.3235,22.6104],[91.3349,22.6112],[91.3366,22.5991],[91.3439,22.6115],[91.3486,22.6026],[91.3536,22.586],[91.3436,22.5833]]],[[[91.5783,22.426],[91.5653,22.4],[91.5157,22.3858],[91.4768,22.4006],[91.4409,22.3974],[91.3827,22.4395],[91.3987,22.4435],[91.3829,22.4865],[91.3847,22.5588],[91.4138,22.5656],[91.4101,22.5825],[91.4282,22.6103],[91.4394,22.6181],[91.4561,22.6133],[91.5023,22.5667],[91.559,22.4791],[91.5783,22.426]]],[[[91.3996,22.6968],[91.4068,22.6839],[91.4004,22.6705],[91.3757,22.686],[91.3664,22.6544],[91.3112,22.6618],[91.3347,22.6849],[91.3493,22.7298],[91.3814,22.7166],[91.3787,22.7054],[91.3996,22.6968]]]]}},{"type":"Feature","properties":{"unit_id":"BD2019","level":"district","name_en":"Cumilla","name_bn":"কুমিল্লা","division":"Chattogram","kiln_count":null,"kiln_share":null},"geometry":{"type":"Polygon","coordinates":[[[91.0474,23.7737],[91.0416,23.7638],[91.0528,23.7696],[91.0488,23.7596],[91.0649,23.7596],[91.0571,23.7465],[91.0716,23.74],[91.0683,23.7308],[91.0782,23.7371],[91.0735,23.7282],[91.0856,23.7304],[91.0813,23.7202],[91.1097,23.7174],[91.098,23.7096],[91.1076,23.7093],[91.1059,23.7061],[91.1017,23.7049],[91.1066,23.7023],[91.1087,23.7069],[91.1115,23.6933],[91.118,23.6977],[91.1256,23.6686],[91.1563,23.6687],[91.1634,23.5947],[91.1773,23.5925],[91.1948,23.5634],[91.1942,23.5477],[91.2125,23.551],[91.2003,23.5207],[91.2076,23.5125],[91.2232,23.5148],[91.2179,23.4997],[91.2355,23.5022],[91.2365,23.4897],[91.2492,23.4897],[91.2515,23.453],[91.276,23.4141],[91.2799,23.377],[91.2938,23.3747],[91.2846,23.3703],[91.2912,23.3513],[91.3196,23.3599],[91.3105,23.3426],[91.2965,23.3408],[91.2902,23.3195],[91.3146,23.3048],[91.3002,23.293],[91.3167,23.2814],[91.3111,23.2718],[91.3176,23.2535],[91.3265,23.2525],[91.3187,23.2452],[91.3235,23.1593],[91.3693,23.0702],[91.329,23.0662],[91.3131,23.0498],[91.2791,23.061],[91.2439,23.0581],[91.2363,23.0668],[91.2237,23.0588],[91.2177,23.0666],[91.1865,23.0602],[91.1641,23.0828],[91.1397,23.0719],[91.0837,23.0673],[91.0502,23.0815],[91.0358,23.1132],[91.0241,23.1044],[91.0136,23.1143],[90.9854,23.1156],[90.9796,23.133],[91.0105,23.1459],[90.9989,23.1808],[91.0179,23.1944],[91.0118,23.2049],[91.0281,23.2313],[90.9941,23.2929],[90.9803,23.2885],[90.9556,23.3484],[90.9329,23.3471],[90.9301,23.3767],[90.8978,23.3961],[90.8771,23.4541],[90.8511,23.4593],[90.8465,23.4727],[90.8173,23.4632],[90.8169,23.4472],[90.7997,23.447],[90.7938,23.4332],[90.7707,23.4477],[90.7545,23.414],[90.7343,23.4266],[90.735,23.4141],[90.7114,23.4325],[90.7098,23.4532],[90.6863,23.4954],[90.7046,23.5065],[90.7072,23.5194],[90.6836,23.5596],[90.6447,23.5769],[90.6476,23.5891],[90.6638,23.5916],[90.651,23.6183],[90.6252,23.6192],[90.6464,23.6773],[90.6797,23.6829],[90.7223,23.6648],[90.733,23.6699],[90.7415,23.6929],[90.7605,23.6996],[90.7712,23.6843],[90.7847,23.6865],[90.775,23.7134],[90.7986,23.7555],[90.8018,23.7349],[90.8694,23.718],[90.8824,23.7252],[90.8851,23.753],[90.9013,23.7669],[90.9591,23.7743],[90.9987,23.7867],[90.995,23.7945],[91.0038,23.7879],[91.0348,23.7963],[91.0387,23.775],[91.0474,23.7737]]]}},{"type":"Feature","properties":{"unit_id":"BD2022","level":"district","name_en":"Cox's Bazar","name_bn":"কক্সবাজার","division":"Chattogram","kiln_count":null,"kiln_share":null},"geometry":{"type":"MultiPolygon","coordinates":[[[[92.0622,21.9028],[92.0852,21.8849],[92.0931,21.8373],[92.0794,21.8211],[92.083,21.8053],[92.1037,21.804],[92.1096,21.7884],[92.1339,21.7943],[92.1435,21.7768],[92.1645,21.7731],[92.1772,21.7903],[92.1847,21.7877],[92.1859,21.7766],[92.1921,21.7763],[92.1708,21.842],[92.1855,21.8438],[92.1875,21.8178],[92.1979,21.8241],[92.2058,21.8152],[92.2126,21.787],[92.1964,21.786],[92.1937,21.7747],[92.1893,21.7735],[92.1831,21.7768],[92.1823,21.7881],[92.1774,21.7868],[92.1626,21.7685],[92.1563,21.7349],[92.1133,21.7384],[92.1208,21.7185],[92.1091,21.7166],[92.1159,21.7023],[92.0943,21.6833],[92.1136,21.6642],[92.1017,21.6525],[92.1158,21.6502],[92.0995,21.6369],[92.1422,21.6157],[92.1487,21.5916],[92.1646,21.6032],[92.1754,21.596],[92.1705,21.5845],[92.1859,21.5645],[92.1588,21.5357],[92.1606,21.5253],[92.1748,21.5005],[92.1834,21.5062],[92.1859,21.4946],[92.187,21.5037],[92.2017,21.5084],[92.2039,21.4958],[92.2168,21.4988],[92.2235,21.4775],[92.2378,21.4746],[92.2408,21.4499],[92.2283,21.4432],[92.2475,21.403],[92.2017,21.3892],[92.1872,21.4259],[92.1627,21.4326],[92.1443,21.4007],[92.1277,21.4017],[92.1574,21.3101],[92.1798,21.2693],[92.1916,21.266],[92.1648,21.2151],[92.1758,21.1623],[92.1998,21.1615],[92.2014,21.1241],[92.2239,21.1204],[92.2341,21.0971],[92.2588,21.0792],[92.2646,21.0623],[92.254,21.0237],[92.2715,20.9808],[92.2709,20.9404],[92.3159,20.8847],[92.3687,20.7178],[92.3456,20.7201],[92.3143,20.7436],[92.2808,20.827],[92.2175,20.9267],[92.1852,21.0108],[92.0544,21.167],[92.0462,21.1846],[92.0425,21.3046],[92.0188,21.366],[91.9463,21.4619],[91.9756,21.4806],[91.9618,21.4999],[91.9442,21.5035],[91.9218,21.491],[91.9176,21.4742],[91.8939,21.4745],[91.8664,21.4956],[91.8419,21.5339],[91.8533,21.5624],[91.8436,21.6477],[91.8728,21.7222],[91.8557,21.7315],[91.904,21.8591],[91.9229,21.8558],[91.9236,21.8759],[91.9569,21.8908],[91.9651,21.8816],[91.9717,21.9035],[92.0344,21.9051],[92.0387,21.9219],[92.0568,21.922],[92.0622,21.9028]]],[[[92.3312,20.5907],[92.3151,20.6276],[92.3296,20.636],[92.3312,20.5907]]],[[[91.8798,21.9211],[91.8927,21.8958],[91.8946,21.8608],[91.8457,21.7243],[91.8336,21.7211],[91.8294,21.7427],[91.8447,21.7754],[91.8421,21.8051],[91.8512,21.8245],[91.8409,21.8585],[91.8463,21.8993],[91.8702,21.9231],[91.8798,21.9211]]]]}},{"type":"Feature","properties":{"unit_id":"BD2030","level":"district","name_en":"Feni","name_bn":"ফেনী","division":"Chattogram","kiln_count":null,"kiln_share":null},"geometry":{"type":"Polygon","coordinates":[[[91.4183,23.2557],[91.4541,23.2604],[91.4478,23.2438],[91.4579,23.2462],[91.4703,23.2278],[91.4505,23.219],[91.4584,23.2133],[91.4754,23.2205],[91.4844,23.2094],[91.4824,23.1986],[91.4708,23.1965],[91.4849,23.1884],[91.5032,23.1922],[91.5067,23.1801],[91.4916,23.1777],[91.4982,23.1718],[91.491,23.1578],[91.5072,23.1544],[91.4952,23.1472],[91.4998,23.1425],[91.5153,23.1449],[91.504,23.1274],[91.5178,23.1256],[91.5115,23.1045],[91.5227,23.1042],[91.5194,23.0944],[91.5304,23.0914],[91.5256,23.0832],[91.5354,23.0638],[91.5252,23.0555],[91.5367,23.0546],[91.5306,23.0387],[91.5502,23.0387],[91.5384,23.0198],[91.5479,23.0191],[91.5423,22.9993],[91.5567,22.9966],[91.5563,22.9789],[91.5789,22.965],[91.567,22.9518],[91.5482,22.9587],[91.5383,22.9463],[91.5278,22.9514],[91.5389,22.934],[91.5141,22.9053],[91.4591,22.9064],[91.4617,22.8824],[91.4741,22.8755],[91.4617,22.8319],[91.4447,22.8094],[91.4512,22.7375],[91.3814,22.7752],[91.3669,22.8002],[91.3395,22.7872],[91.3118,22.8092],[91.3135,22.8207],[91.3377,22.8203],[91.3095,22.8441],[91.335,22.8423],[91.3393,22.8605],[91.3519,22.8524],[91.3518,22.8654],[91.3368,22.8626],[91.3424,22.8761],[91.3275,22.8811],[91.3442,22.8801],[91.3427,22.8959],[91.3524,22.8944],[91.341,22.9127],[91.3098,22.907],[91.3006,22.8965],[91.2801,22.9016],[91.2676,22.8843],[91.2483,22.9043],[91.263,22.9114],[91.2605,22.9559],[91.2525,22.9631],[91.2652,23.0273],[91.2592,23.0559],[91.2791,23.061],[91.3131,23.0498],[91.3411,23.0684],[91.3694,23.0702],[91.3961,23.056],[91.416,23.0638],[91.4164,23.0831],[91.3996,23.0966],[91.4022,23.1135],[91.3784,23.1847],[91.3855,23.2276],[91.3985,23.2295],[91.3913,23.2468],[91.407,23.2478],[91.3971,23.2651],[91.4096,23.2558],[91.4104,23.2837],[91.4183,23.2557]]]}},{"type":"Feature","properties":{"unit_id":"BD2046","level":"district","name_en":"Khagrachhari","name_bn":"খাগড়াছড়ি","division":"Chattogram","kiln_count":null,"kiln_share":null},"geometry":{"type":"Polygon","coordinates":[[[91.9784,23.7338],[92.0084,23.6642],[92.0415,23.6481],[92.0891,23.6467],[92.114,23.5992],[92.1305,23.55],[92.1451,23.4493],[92.0656,23.395],[92.133,23.3488],[92.1445,23.2471],[92.1646,23.1783],[92.1996,23.1178],[92.0884,23.0952],[92.1222,23.014],[92.1298,22.966],[92.0521,22.8961],[91.9996,22.9004],[91.9941,22.8852],[92.0162,22.8571],[91.9846,22.8494],[91.9746,22.7964],[92.0014,22.7268],[91.9666,22.7178],[91.9625,22.691],[91.9337,22.6875],[91.9237,22.6992],[91.8989,22.6924],[91.8846,22.6982],[91.878,22.7172],[91.8873,22.7497],[91.8981,22.7488],[91.8913,22.7618],[91.8755,22.7666],[91.8568,22.7547],[91.8605,22.7745],[91.8543,22.7672],[91.841,22.7787],[91.8343,22.7728],[91.8385,22.7871],[91.8188,22.7904],[91.794,22.7672],[91.7637,22.8192],[91.7568,22.8601],[91.7187,22.8878],[91.733,22.9387],[91.7204,22.9821],[91.7104,22.9844],[91.7708,23.0338],[91.768,23.0412],[91.7793,23.0299],[91.7755,23.07],[91.8057,23.0638],[91.8338,23.0941],[91.812,23.0977],[91.8087,23.1645],[91.7873,23.2049],[91.7828,23.2398],[91.775,23.2427],[91.7756,23.2677],[91.7596,23.2823],[91.7655,23.2993],[91.7431,23.3067],[91.7875,23.3392],[91.7843,23.352],[91.7975,23.3636],[91.7895,23.3976],[91.8124,23.3854],[91.8252,23.4011],[91.8209,23.3592],[91.837,23.3603],[91.8498,23.401],[91.9196,23.4522],[91.9398,23.45],[91.9509,23.4655],[91.9665,23.4678],[91.9637,23.4975],[91.9708,23.5028],[91.9564,23.5228],[91.9647,23.5344],[91.9342,23.6855],[91.9574,23.6944],[91.9485,23.714],[91.9626,23.7342],[91.9784,23.7338]]]}},{"type":"Feature","properties":{"unit_id":"BD2051","level":"district","name_en":"Lakshmipur","name_bn":"লক্ষ্মীপুর","division":"Chattogram","kiln_count":null,"kiln_share":null},"geometry":{"type":"Polygon","coordinates":[[[90.9028,23.15],[90.9135,23.1533],[90.9122,23.1456],[90.9549,23.1439],[90.9631,23.1317],[90.9412,23.1019],[90.9453,23.0866],[90.9297,23.0914],[90.9302,23.0821],[90.9108,23.0808],[90.9188,23.0662],[90.8993,23.0719],[90.9186,23.0429],[90.893,23.0366],[90.8916,23.0163],[90.919,23.0148],[90.9334,22.9867],[90.9443,22.9981],[90.966,22.9794],[90.9767,22.9841],[90.9864,22.972],[90.9977,22.9782],[91.002,22.9615],[90.9825,22.9192],[90.9924,22.9045],[90.9826,22.8938],[90.9886,22.8803],[90.9697,22.8662],[90.9426,22.8635],[90.9442,22.8383],[90.9252,22.8139],[90.8888,22.8097],[90.9773,22.7537],[90.9759,22.7146],[91.0043,22.7071],[91.0122,22.6879],[90.9812,22.6381],[91.0,22.6142],[91.0231,22.5421],[90.9315,22.4934],[90.8914,22.559],[90.7842,22.6597],[90.7662,22.7789],[90.7211,22.8117],[90.7164,22.8682],[90.672,22.8645],[90.6815,22.8743],[90.6628,22.883],[90.6606,22.903],[90.6945,22.9011],[90.7015,22.9117],[90.6518,22.983],[90.6635,23.015],[90.6728,23.0173],[90.6604,23.0246],[90.6689,23.0334],[90.6662,23.0534],[90.6997,23.0621],[90.7311,23.041],[90.7551,23.06],[90.7521,23.0662],[90.7928,23.0764],[90.7967,23.1164],[90.8363,23.1333],[90.8506,23.1484],[90.8463,23.1614],[90.8914,23.1658],[90.9028,23.15]]]}},{"type":"Feature","properties":{"unit_id":"BD2075","level":"district","name_en":"Noakhali","name_bn":"নোয়াখালী","division":"Chattogram","kiln_count":null,"kiln_share":null},"geometry":{"type":"MultiPolygon","coordinates":[[[[90.9858,23.1154],[91.0136,23.1143],[91.0241,23.1044],[91.0364,23.1129],[91.0437,23.0882],[91.0792,23.0685],[91.1397,23.0719],[91.1641,23.0828],[91.1865,23.0602],[91.2177,23.0666],[91.2237,23.0588],[91.2363,23.0668],[91.2373,23.0596],[91.2592,23.0559],[91.2652,23.0273],[91.2525,22.9631],[91.2605,22.9559],[91.263,22.9114],[91.2505,22.9091],[91.2504,22.8969],[91.2676,22.8843],[91.2801,22.9016],[91.3006,22.8965],[91.3098,22.907],[91.341,22.9127],[91.3524,22.8944],[91.3427,22.8959],[91.3442,22.8801],[91.3275,22.8811],[91.3424,22.8761],[91.3368,22.8626],[91.3518,22.8654],[91.3519,22.8524],[91.3393,22.8605],[91.335,22.8423],[91.3095,22.8441],[91.3377,22.8203],[91.3313,22.8169],[91.3135,22.8207],[91.3118,22.8092],[91.3395,22.7872],[91.3669,22.8002],[91.3814,22.7752],[91.4563,22.7356],[91.4946,22.6541],[91.4476,22.6938],[91.3493,22.7298],[91.3275,22.6742],[91.2721,22.638],[91.3236,22.5585],[91.3526,22.5597],[91.3459,22.5536],[91.3549,22.5517],[91.353,22.5259],[91.3429,22.5314],[91.3446,22.5441],[91.3347,22.5322],[91.3436,22.5169],[91.3299,22.5206],[91.3349,22.5086],[91.3278,22.5014],[91.3099,22.5074],[91.3188,22.4993],[91.2909,22.4835],[91.2658,22.5204],[91.2697,22.5431],[91.2381,22.5428],[91.2633,22.5188],[91.2525,22.5067],[91.1841,22.5075],[91.1895,22.4594],[91.2214,22.453],[91.2275,22.3612],[91.1873,22.3743],[91.2081,22.2694],[91.1881,22.2717],[91.1893,22.2425],[91.1681,22.1813],[91.0477,22.0876],[91.0237,22.1034],[91.0211,22.1184],[90.9931,22.1216],[91.0213,22.1919],[91.0151,22.2569],[91.0236,22.2991],[91.0009,22.368],[90.9315,22.4934],[91.0231,22.5421],[91.0,22.6142],[90.9812,22.6381],[91.0122,22.6879],[91.0043,22.7071],[90.9759,22.7146],[90.9773,22.7537],[90.8888,22.8097],[90.9252,22.8139],[90.9442,22.8383],[90.9426,22.8635],[90.9697,22.8662],[90.9886,22.8803],[90.9826,22.8938],[90.9924,22.9045],[90.9825,22.9192],[91.0,22.9531],[90.999,22.9772],[90.9861,22.9721],[90.9737,22.985],[90.966,22.9794],[90.9443,22.9981],[90.9334,22.9867],[90.919,23.0148],[90.8967,23.0116],[90.888,23.026],[90.8964,23.0397],[90.9066,23.035],[90.9049,23.0425],[90.9186,23.0429],[90.8993,23.0719],[90.919,23.0663],[90.9105,23.0806],[90.9302,23.0821],[90.9297,23.0914],[90.9453,23.0866],[90.941,23.1009],[90.9534,23.1135],[90.9522,23.1262],[90.9798,23.1324],[90.9858,23.1154]]],[[[91.0788,22.0274],[91.0771,22.0218],[91.0697,22.0213],[91.0788,22.0274]]],[[[91.0586,22.0303],[91.0564,22.0518],[91.0484,22.0486],[91.0493,22.0547],[91.071,22.0637],[91.0827,22.0641],[91.0827,22.0535],[91.0586,22.0303]]],[[[91.0342,22.0386],[91.0202,22.0345],[91.0247,22.044],[90.9927,22.0231],[90.9834,22.0279],[90.9747,22.0515],[90.9802,22.0815],[91.0033,22.1005],[91.0498,22.0738],[91.0342,22.0386]]],[[[91.3632,22.3704],[91.3969,22.3889],[91.3984,22.375],[91.3767,22.3521],[91.3632,22.3704]]],[[[91.2458,22.4263],[91.2565,22.4355],[91.2664,22.4232],[91.2562,22.4098],[91.2458,22.4263]]],[[[91.2718,22.4479],[91.2769,22.4476],[91.271,22.4431],[91.2718,22.4479]]]]}},{"type":"Feature","properties":{"unit_id":"BD2084","level":"district","name_en":"Rangamati","name_bn":"রাঙ্গামাটি","division":"Chattogram","kiln_count":null,"kiln_share":null},"geometry":{"type":"Polygon","coordinates":[[[92.1768,23.7081],[92.2002,23.707],[92.2114,23.6928],[92.2126,23.6525],[92.2327,23.6669],[92.241,23.7198],[92.2656,23.7251],[92.2891,23.7015],[92.2892,23.6749],[92.2736,23.6438],[92.2815,23.6395],[92.279,23.6258],[92.2809,23.6323],[92.2967,23.624],[92.2874,23.6186],[92.286,23.5966],[92.2959,23.588],[92.3007,23.594],[92.3074,23.5786],[92.3072,23.5359],[92.3173,23.5283],[92.3175,23.4869],[92.3268,23.4781],[92.3187,23.4697],[92.3296,23.466],[92.3302,23.428],[92.344,23.4327],[92.3471,23.4121],[92.3555,23.41],[92.3542,23.3813],[92.3647,23.3794],[92.3581,23.37],[92.3699,23.3725],[92.3792,23.3624],[92.3655,23.3234],[92.387,23.3054],[92.3824,23.2856],[92.4003,23.237],[92.35,23.235],[92.3638,23.1558],[92.3567,23.1341],[92.3672,23.1264],[92.3578,23.1069],[92.379,23.0867],[92.3925,23.0524],[92.3826,23.037],[92.3845,22.9832],[92.3744,22.9717],[92.372,22.9352],[92.3972,22.9305],[92.4018,22.9123],[92.4208,22.9196],[92.4341,22.8858],[92.4469,22.8964],[92.448,22.8781],[92.4647,22.8561],[92.4583,22.852],[92.4646,22.8422],[92.4538,22.8433],[92.4624,22.8321],[92.4559,22.8202],[92.4701,22.7987],[92.4778,22.7497],[92.5059,22.7393],[92.5165,22.7214],[92.5302,22.6047],[92.5391,22.5893],[92.5325,22.587],[92.5377,22.5749],[92.5218,22.5598],[92.5396,22.5405],[92.5437,22.513],[92.551,22.513],[92.5427,22.4975],[92.5509,22.4194],[92.5803,22.3177],[92.5761,22.2727],[92.5903,22.2528],[92.5946,22.175],[92.6079,22.1688],[92.6055,22.1254],[92.5788,22.1433],[92.5614,22.1283],[92.5992,22.0603],[92.5918,22.0409],[92.5973,22.0084],[92.6104,21.9926],[92.6044,21.979],[92.6324,21.8751],[92.6313,21.8622],[92.6138,21.851],[92.5801,21.9334],[92.5372,21.9936],[92.5411,22.0371],[92.5044,22.0788],[92.5119,22.1122],[92.5047,22.1507],[92.4613,22.252],[92.4283,22.2705],[92.3883,22.3328],[92.2846,22.344],[92.2165,22.3106],[92.1962,22.3483],[92.1487,22.3494],[92.135,22.36],[92.1428,22.3757],[92.1229,22.3748],[92.1014,22.4076],[92.1185,22.4301],[92.1446,22.444],[92.1304,22.4653],[92.1358,22.4841],[92.1257,22.517],[92.1176,22.5362],[92.1105,22.5342],[92.1089,22.561],[92.1014,22.5621],[92.1073,22.5728],[92.0814,22.5983],[92.0883,22.6086],[92.0735,22.6193],[92.0483,22.6104],[92.041,22.6272],[92.0331,22.6142],[92.0151,22.609],[92.0081,22.5866],[92.0293,22.5328],[92.0057,22.4942],[91.9762,22.4894],[91.9639,22.5724],[91.942,22.6078],[91.9351,22.6585],[91.9435,22.6694],[91.9272,22.68],[91.9281,22.6886],[91.9625,22.691],[91.9666,22.7178],[92.0014,22.7268],[91.9746,22.7964],[91.9846,22.8494],[92.0162,22.8571],[91.9941,22.8852],[91.9979,22.8976],[92.0074,22.9043],[92.0521,22.8961],[92.1299,22.9663],[92.1201,23.0206],[92.0884,23.0952],[92.1996,23.1178],[92.1646,23.1783],[92.1445,23.2471],[92.133,23.3488],[92.0655,23.3959],[92.1395,23.4417],[92.1459,23.4541],[92.1302,23.5512],[92.0965,23.6367],[92.0781,23.6479],[92.0771,23.668],[92.0832,23.6804],[92.0987,23.6759],[92.1208,23.6935],[92.1449,23.7335],[92.1725,23.737],[92.1768,23.7081]]]}},{"type":"Feature","properties":{"unit_id":"BD3029","level":"district","name_en":"Faridpur","name_bn":"ফরিদপুর","division":"Dhaka","kiln_count":null,"kiln_share":null},"geometry":{"type":"Polygon","coordinates":[[[89.8497,23.7134],[89.8805,23.6949],[89.9254,23.6423],[89.9923,23.6266],[90.0392,23.629],[90.045,23.6132],[90.0358,23.6094],[90.0385,23.5964],[90.0546,23.5863],[90.0399,23.576],[90.0741,23.5661],[90.1067,23.5748],[90.1275,23.5675],[90.1809,23.4993],[90.1666,23.4947],[90.1576,23.4705],[90.1424,23.4803],[90.1095,23.4597],[90.1111,23.4378],[90.0928,23.4191],[90.1119,23.4169],[90.098,23.4054],[90.1024,23.3855],[90.0865,23.3551],[90.1034,23.3342],[90.0927,23.3284],[90.0884,23.3087],[90.068,23.3057],[90.0334,23.3431],[90.0337,23.3172],[90.0203,23.2876],[90.005,23.3048],[90.02,23.3268],[89.9915,23.326],[89.9547,23.361],[89.9486,23.3426],[89.9646,23.3385],[89.963,23.3298],[89.9519,23.3196],[89.9298,23.321],[89.9201,23.3082],[89.9046,23.3131],[89.9162,23.3319],[89.9037,23.3419],[89.8712,23.3209],[89.8638,23.3383],[89.8489,23.3395],[89.8422,23.3306],[89.8258,23.3468],[89.7616,23.2902],[89.75,23.3026],[89.7425,23.2912],[89.7269,23.3052],[89.751,23.2761],[89.73,23.2582],[89.7309,23.2475],[89.7152,23.2414],[89.7158,23.2307],[89.6839,23.2116],[89.6886,23.2219],[89.6723,23.2427],[89.6322,23.2401],[89.6369,23.2658],[89.6688,23.278],[89.625,23.294],[89.6048,23.3346],[89.6121,23.3442],[89.5985,23.3808],[89.6128,23.3834],[89.6022,23.4238],[89.6051,23.4742],[89.5759,23.4961],[89.5263,23.5133],[89.5084,23.4967],[89.5129,23.4779],[89.4901,23.4845],[89.498,23.522],[89.5395,23.5358],[89.5077,23.5475],[89.4978,23.5808],[89.5063,23.5917],[89.5192,23.5888],[89.5447,23.5617],[89.5524,23.5726],[89.5408,23.5797],[89.5477,23.5932],[89.5603,23.5931],[89.5621,23.6057],[89.5886,23.5955],[89.5994,23.6001],[89.599,23.6101],[89.6109,23.5939],[89.6287,23.5895],[89.6461,23.5926],[89.6561,23.6115],[89.6665,23.6101],[89.675,23.5857],[89.7135,23.5894],[89.7143,23.5972],[89.7289,23.5823],[89.7432,23.5824],[89.7567,23.595],[89.7305,23.6192],[89.7344,23.6443],[89.7215,23.6745],[89.7339,23.679],[89.7399,23.6678],[89.757,23.6672],[89.7591,23.6794],[89.7952,23.6875],[89.7931,23.7126],[89.8152,23.7212],[89.848,23.7005],[89.8497,23.7134]]]}},{"type":"Feature","properties":{"unit_id":"BD3033","level":"district","name_en":"Gazipur","name_bn":"গাজীপুর","division":"Dhaka","kiln_count":null,"kiln_share":null},"geometry":{"type":"Polygon","coordinates":[[[90.4892,24.3135],[90.5295,24.3033],[90.5214,24.2871],[90.5735,24.248],[90.6266,24.2715],[90.6825,24.244],[90.6727,24.2065],[90.6872,24.1902],[90.6864,24.1498],[90.6967,24.1386],[90.6775,24.1139],[90.705,24.1062],[90.6575,24.0924],[90.6425,24.1062],[90.637,24.0698],[90.6596,24.0153],[90.6402,24.0047],[90.6187,23.9688],[90.6138,23.9296],[90.5618,23.9133],[90.5729,23.8971],[90.5548,23.886],[90.5199,23.8901],[90.5225,23.8755],[90.5064,23.8748],[90.5039,23.8583],[90.4835,23.8471],[90.4733,23.8486],[90.4588,23.8961],[90.4378,23.9007],[90.3941,23.8808],[90.38,23.8996],[90.3603,23.8936],[90.3518,23.8781],[90.3423,23.9576],[90.3356,23.9477],[90.3171,23.9567],[90.3182,23.9502],[90.2995,23.9484],[90.2965,23.9607],[90.2696,23.9616],[90.2509,23.9985],[90.2591,24.0135],[90.2425,24.0313],[90.235,24.0295],[90.2376,24.0082],[90.1932,24.0102],[90.1776,24.0009],[90.1635,24.0211],[90.148,24.0265],[90.1517,24.0537],[90.1634,24.0572],[90.1591,24.0665],[90.1795,24.0785],[90.175,24.1105],[90.202,24.0952],[90.2334,24.1074],[90.2191,24.13],[90.227,24.1632],[90.2694,24.2136],[90.2932,24.224],[90.305,24.2669],[90.2935,24.2783],[90.3237,24.2992],[90.3455,24.2932],[90.3539,24.3007],[90.3642,24.2811],[90.3802,24.29],[90.4026,24.2822],[90.4286,24.3094],[90.427,24.3317],[90.4574,24.3404],[90.4892,24.3135]]]}},{"type":"Feature","properties":{"unit_id":"BD3035","level":"district","name_en":"Gopalganj","name_bn":"গোপালগঞ্জ","division":"Dhaka","kiln_count":null,"kiln_share":null},"geometry":{"type":"Polygon","coordinates":[[[90.0204,23.3263],[90.005,23.3048],[90.0258,23.2866],[90.0226,23.2742],[90.0317,23.263],[90.0192,23.2304],[90.0093,23.2348],[89.9973,23.216],[89.9848,23.217],[89.9777,23.1807],[89.9702,23.1812],[89.9652,23.1651],[89.9423,23.1568],[89.9352,23.1186],[89.9843,23.1101],[89.9924,23.1312],[90.0128,23.1386],[90.0137,23.1287],[90.0446,23.1209],[90.0425,23.1053],[90.0802,23.1259],[90.0796,23.1129],[90.1093,23.1176],[90.1192,23.1113],[90.1088,23.0767],[90.1318,23.0711],[90.1111,23.0669],[90.115,23.0337],[90.1262,23.0268],[90.1335,23.0498],[90.1439,23.0481],[90.1273,23.0261],[90.1264,23.0051],[90.0947,23.007],[90.0838,22.9805],[90.077,22.9828],[90.069,22.9676],[90.0578,22.9708],[90.0576,22.9337],[90.0348,22.934],[90.0183,22.8686],[89.9628,22.8529],[89.9397,22.8648],[89.9423,22.846],[89.9152,22.8818],[89.8702,22.8882],[89.8697,22.8752],[89.8366,22.8882],[89.8534,22.8945],[89.826,22.934],[89.8018,22.9431],[89.8071,22.9631],[89.7932,22.9811],[89.7971,22.9967],[89.7601,23.0098],[89.7462,23.0487],[89.7285,23.0535],[89.7316,23.0796],[89.6923,23.0939],[89.6701,23.1231],[89.6873,23.1281],[89.6999,23.1113],[89.7097,23.1229],[89.7368,23.1272],[89.7421,23.1377],[89.7301,23.1566],[89.7334,23.1676],[89.7653,23.1759],[89.7383,23.1852],[89.6929,23.161],[89.6788,23.1809],[89.6833,23.2053],[89.751,23.2761],[89.7269,23.3052],[89.7415,23.2983],[89.7425,23.2912],[89.75,23.3026],[89.7616,23.2902],[89.8274,23.3471],[89.8422,23.3306],[89.8489,23.3395],[89.8638,23.3383],[89.8712,23.3209],[89.9037,23.3419],[89.9162,23.3319],[89.9046,23.3131],[89.923,23.3086],[89.9298,23.321],[89.9519,23.3196],[89.963,23.3298],[89.9646,23.3385],[89.9489,23.3415],[89.9513,23.3603],[89.9915,23.326],[90.0204,23.3263]]]}},{"type":"Feature","properties":{"unit_id":"BD3048","level":"district","name_en":"Kishoreganj","name_bn":"কিশোরগঞ্জ","division":"Dhaka","kiln_count":null,"kiln_share":null},"geometry":{"type":"Polygon","coordinates":[[[91.1962,24.626],[91.1786,24.632],[91.1774,24.6207],[91.2011,24.6099],[91.1991,24.587],[91.2339,24.5702],[91.2116,24.5215],[91.1856,24.4959],[91.1721,24.5013],[91.1507,24.4793],[91.1938,24.4801],[91.1848,24.4703],[91.1908,24.4641],[91.2068,24.4794],[91.2194,24.4742],[91.2165,24.4834],[91.2277,24.4819],[91.2434,24.4281],[91.2175,24.4333],[91.2147,24.4036],[91.2202,24.4114],[91.2389,24.408],[91.2566,24.3808],[91.2136,24.3625],[91.2362,24.3352],[91.2369,24.3173],[91.1708,24.3173],[91.1584,24.2826],[91.1976,24.2934],[91.19,24.2745],[91.1396,24.2443],[91.0849,24.2403],[91.0788,24.2281],[91.0912,24.2118],[91.0391,24.2137],[90.9849,24.1632],[90.9973,24.1428],[91.048,24.1083],[91.0505,24.0913],[91.0344,24.0705],[90.9867,24.0353],[90.9632,24.0378],[90.9645,24.0652],[90.9455,24.0859],[90.9148,24.0776],[90.8455,24.1118],[90.8671,24.1258],[90.8723,24.1405],[90.8262,24.1539],[90.8072,24.1911],[90.7865,24.1961],[90.7923,24.2223],[90.7787,24.246],[90.7678,24.2528],[90.7086,24.2359],[90.6536,24.2553],[90.6418,24.3092],[90.6194,24.3389],[90.6336,24.3591],[90.6479,24.4158],[90.6348,24.434],[90.5876,24.4463],[90.5758,24.4669],[90.5837,24.4944],[90.6146,24.4965],[90.6374,24.4762],[90.679,24.4669],[90.6828,24.5014],[90.7027,24.5149],[90.722,24.4704],[90.743,24.5084],[90.7935,24.508],[90.8214,24.5871],[90.8418,24.581],[90.8634,24.6013],[90.9093,24.596],[90.9169,24.5999],[90.9146,24.6145],[90.9297,24.6146],[90.9363,24.6029],[90.9636,24.6138],[90.9776,24.6015],[91.0187,24.605],[91.0304,24.631],[91.043,24.6262],[91.0395,24.6126],[91.0734,24.6221],[91.1055,24.6025],[91.1047,24.6111],[91.1299,24.613],[91.1304,24.6451],[91.1636,24.6355],[91.1931,24.6414],[91.1962,24.626]]]}},{"type":"Feature","properties":{"unit_id":"BD3054","level":"district","name_en":"Madaripur","name_bn":"মাদারীপুর","division":"Dhaka","kiln_count":null,"kiln_share":null},"geometry":{"type":"Polygon","coordinates":[[[90.2873,23.4417],[90.2785,23.4246],[90.2542,23.4256],[90.2299,23.4099],[90.2356,23.3945],[90.271,23.3796],[90.2526,23.3777],[90.2398,23.362],[90.2556,23.352],[90.2355,23.3361],[90.2504,23.3211],[90.2332,23.264],[90.2417,23.2352],[90.2503,23.2385],[90.2475,23.2213],[90.2838,23.2003],[90.2929,23.149],[90.3077,23.149],[90.3086,23.1375],[90.3552,23.1374],[90.3446,23.1203],[90.352,23.0955],[90.3357,23.0709],[90.3495,23.0562],[90.3108,23.051],[90.3116,23.0346],[90.3285,23.0143],[90.3238,22.9867],[90.257,22.9661],[90.2582,22.976],[90.2478,22.978],[90.2383,22.9627],[90.2325,22.9745],[90.2288,22.9926],[90.2378,23.0459],[90.2144,23.0744],[90.1989,23.0596],[90.1629,23.0707],[90.1541,23.0555],[90.1335,23.0498],[90.1215,23.0269],[90.1111,23.0669],[90.1318,23.0711],[90.1088,23.0767],[90.1192,23.1113],[90.1093,23.1176],[90.0796,23.1129],[90.0802,23.1259],[90.0425,23.1053],[90.0446,23.1209],[90.0137,23.1287],[90.0128,23.1386],[89.9924,23.1312],[89.9843,23.1101],[89.9352,23.1186],[89.9421,23.1564],[89.9611,23.1604],[89.9702,23.1812],[89.9775,23.1804],[89.9848,23.217],[89.9973,23.216],[90.0093,23.2348],[90.0188,23.2302],[90.024,23.2388],[90.0331,23.343],[90.0681,23.3057],[90.0938,23.3128],[90.0927,23.3284],[90.1034,23.3342],[90.0875,23.3506],[90.0888,23.369],[90.1023,23.3848],[90.098,23.4054],[90.1119,23.4169],[90.0928,23.4191],[90.1111,23.4378],[90.1095,23.4597],[90.1424,23.4803],[90.1576,23.4705],[90.1666,23.4947],[90.1902,23.4935],[90.2873,23.4417]]]}},{"type":"Feature","properties":{"unit_id":"BD3056","level":"district","name_en":"Manikganj","name_bn":"মানিকগঞ্জ","division":"Dhaka","kiln_count":null,"kiln_share":null},"geometry":{"type":"Polygon","coordinates":[[[89.9859,24.0185],[89.9779,24.011],[89.9935,23.9996],[90.0211,24.0167],[90.0273,24.004],[90.0572,24.0002],[90.038,23.983],[90.0382,23.9713],[90.0503,23.959],[90.0745,23.9605],[90.0622,23.9511],[90.0627,23.9305],[90.0757,23.9266],[90.0641,23.913],[90.0735,23.9055],[90.0874,23.9119],[90.1088,23.8955],[90.15,23.8423],[90.1516,23.8275],[90.2451,23.8368],[90.2458,23.8025],[90.218,23.7459],[90.257,23.7139],[90.2262,23.7073],[90.2066,23.7236],[90.1886,23.7144],[90.1584,23.725],[90.1559,23.7449],[90.1388,23.7456],[90.1155,23.7146],[90.0989,23.729],[90.0824,23.7249],[90.0802,23.7158],[90.051,23.7238],[90.0504,23.7117],[90.0412,23.713],[90.0377,23.6822],[90.0186,23.6698],[90.02,23.6536],[90.006,23.6444],[90.0066,23.6266],[89.9254,23.6423],[89.8974,23.6806],[89.8387,23.7258],[89.8342,23.7519],[89.7809,23.7993],[89.771,23.833],[89.7356,23.8353],[89.7065,23.8768],[89.6989,23.8667],[89.7062,23.8925],[89.6871,23.9403],[89.6974,23.9433],[89.6981,23.9877],[89.726,24.0145],[89.7865,24.0349],[89.7859,24.0114],[89.7646,23.9774],[89.774,23.9735],[89.7936,23.9882],[89.806,23.9753],[89.826,23.9836],[89.8569,23.9659],[89.871,23.9725],[89.8672,23.9932],[89.8776,23.9951],[89.8838,23.972],[89.8959,23.9707],[89.8912,23.9797],[89.9082,23.9984],[89.9378,24.0061],[89.9359,23.9956],[89.9485,24.0033],[89.9396,24.0115],[89.9486,24.0289],[89.9674,24.0134],[89.9728,24.0355],[89.9859,24.0185]]]}},{"type":"Feature","properties":{"unit_id":"BD3059","level":"district","name_en":"Munshiganj","name_bn":"মুন্সিগঞ্জ","division":"Dhaka","kiln_count":null,"kiln_share":null},"geometry":{"type":"Polygon","coordinates":[[[90.3691,23.6543],[90.3923,23.6516],[90.4424,23.5954],[90.431,23.5701],[90.4456,23.5509],[90.4658,23.5597],[90.4722,23.5544],[90.4804,23.5718],[90.515,23.5811],[90.5648,23.5361],[90.578,23.5413],[90.5816,23.557],[90.5645,23.5931],[90.6252,23.6192],[90.6508,23.6185],[90.6638,23.5916],[90.6476,23.5891],[90.6447,23.5769],[90.6842,23.559],[90.7065,23.5099],[90.6795,23.4934],[90.6425,23.5044],[90.6186,23.4901],[90.5776,23.4957],[90.5842,23.4837],[90.5776,23.4528],[90.5429,23.4013],[90.5388,23.3797],[90.4998,23.4032],[90.489,23.3982],[90.4387,23.4148],[90.4273,23.4065],[90.3882,23.4101],[90.3553,23.4335],[90.3242,23.4332],[90.3074,23.4461],[90.2908,23.4387],[90.2111,23.4798],[90.1589,23.5218],[90.1781,23.5282],[90.1774,23.5563],[90.2068,23.5667],[90.2083,23.5895],[90.2264,23.5998],[90.2258,23.6127],[90.2492,23.6335],[90.2493,23.6551],[90.27,23.6535],[90.2865,23.6736],[90.3481,23.6395],[90.3691,23.6543]]]}},{"type":"Feature","properties":{"unit_id":"BD3067","level":"district","name_en":"Narayanganj","name_bn":"নারায়ণগঞ্জ","division":"Dhaka","kiln_count":null,"kiln_share":null},"geometry":{"type":"Polygon","coordinates":[[[90.6109,23.8886],[90.6079,23.8594],[90.5954,23.8541],[90.6093,23.8332],[90.6226,23.843],[90.6249,23.8652],[90.6476,23.8761],[90.6567,23.8603],[90.6475,23.8528],[90.6643,23.8465],[90.6365,23.8253],[90.6511,23.7997],[90.6904,23.8002],[90.6804,23.831],[90.7414,23.7892],[90.7212,23.7376],[90.7396,23.702],[90.7388,23.682],[90.7223,23.6648],[90.6797,23.6829],[90.645,23.6763],[90.6201,23.6126],[90.5645,23.5931],[90.5808,23.5606],[90.578,23.5413],[90.5648,23.5361],[90.515,23.5811],[90.4804,23.5718],[90.4722,23.5544],[90.4658,23.5597],[90.4456,23.5509],[90.4314,23.5686],[90.4424,23.5954],[90.4292,23.6105],[90.4727,23.6383],[90.4491,23.6692],[90.4669,23.6907],[90.512,23.7109],[90.4709,23.7827],[90.4904,23.8165],[90.4733,23.8485],[90.5031,23.8576],[90.5064,23.8748],[90.5225,23.8755],[90.5181,23.8881],[90.5274,23.8947],[90.551,23.8851],[90.5709,23.8955],[90.6109,23.8886]]]}},{"type":"Feature","properties":{"unit_id":"BD3068","level":"district","name_en":"Narsingdi","name_bn":"নরসিংদী","division":"Dhaka","kiln_count":null,"kiln_share":null},"geometry":{"type":"Polygon","coordinates":[[[90.7923,24.2223],[90.7865,24.1961],[90.8072,24.1911],[90.8248,24.1551],[90.8719,24.1413],[90.8671,24.1258],[90.8455,24.1118],[90.9148,24.0776],[90.9455,24.0859],[90.9645,24.0652],[90.9611,24.0399],[90.9867,24.0353],[90.9693,24.0076],[90.973,23.973],[90.9543,23.9591],[90.9512,23.9302],[90.9312,23.9134],[90.9139,23.8751],[90.8981,23.8645],[90.8591,23.8787],[90.8304,23.8641],[90.766,23.8636],[90.7593,23.8504],[90.7667,23.8062],[90.7337,23.7618],[90.7414,23.7892],[90.6842,23.8295],[90.6794,23.8232],[90.6901,23.7999],[90.648,23.8018],[90.6365,23.8253],[90.6643,23.8465],[90.6475,23.8528],[90.6567,23.8603],[90.6474,23.8763],[90.6249,23.8652],[90.6226,23.843],[90.6093,23.8332],[90.5954,23.8541],[90.6079,23.8594],[90.6109,23.8886],[90.573,23.8943],[90.5611,23.9113],[90.6138,23.9296],[90.6187,23.9688],[90.6402,24.0047],[90.6595,24.0151],[90.637,24.0698],[90.6425,24.1062],[90.6566,24.0924],[90.7047,24.1036],[90.6976,24.1145],[90.6775,24.1139],[90.6967,24.1386],[90.6864,24.1498],[90.6872,24.1902],[90.6727,24.2065],[90.6825,24.244],[90.7099,24.2359],[90.7678,24.2528],[90.7923,24.2223]]]}},{"type":"Feature","properties":{"unit_id":"BD3082","level":"district","name_en":"Rajbari","name_bn":"রাজবাড়ী","division":"Dhaka","kiln_count":null,"kiln_share":null},"geometry":{"type":"Polygon","coordinates":[[[89.4937,23.8294],[89.5768,23.8063],[89.5868,23.8137],[89.7,23.8133],[89.7343,23.8359],[89.771,23.833],[89.7809,23.7993],[89.8342,23.7519],[89.8487,23.701],[89.8141,23.721],[89.7931,23.7126],[89.7911,23.6832],[89.7591,23.6794],[89.757,23.6672],[89.7399,23.6678],[89.7339,23.679],[89.7215,23.6745],[89.7344,23.6443],[89.7305,23.6192],[89.7567,23.595],[89.7432,23.5824],[89.7289,23.5823],[89.7143,23.5972],[89.7135,23.5894],[89.675,23.5857],[89.6665,23.6101],[89.6561,23.6115],[89.6461,23.5926],[89.6287,23.5895],[89.6109,23.5939],[89.599,23.6101],[89.5994,23.6001],[89.5886,23.5955],[89.5621,23.6057],[89.5603,23.5931],[89.5477,23.5932],[89.5408,23.5797],[89.5524,23.5726],[89.5447,23.5617],[89.5192,23.5888],[89.5063,23.5917],[89.4977,23.5808],[89.4725,23.5971],[89.4873,23.6172],[89.479,23.6319],[89.4421,23.6396],[89.4423,23.6571],[89.4092,23.684],[89.3731,23.6669],[89.3488,23.6721],[89.3483,23.684],[89.2965,23.7379],[89.3186,23.7578],[89.3218,23.7679],[89.3101,23.7686],[89.311,23.7758],[89.3298,23.7785],[89.3355,23.8306],[89.3638,23.8714],[89.3586,23.8884],[89.3686,23.8931],[89.3674,23.9089],[89.3973,23.8981],[89.4937,23.8294]]]}},{"type":"Feature","properties":{"unit_id":"BD3086","level":"district","name_en":"Shariatpur","name_bn":"শরীয়তপুর","division":"Dhaka","kiln_count":null,"kiln_share":null},"geometry":{"type":"Polygon","coordinates":[[[90.3242,23.4332],[90.3559,23.4333],[90.3882,23.4101],[90.4273,23.4065],[90.4387,23.4148],[90.489,23.3982],[90.4998,23.4032],[90.5417,23.3783],[90.5816,23.3364],[90.5546,23.2979],[90.5818,23.2526],[90.5956,23.2474],[90.5944,23.2047],[90.5799,23.1737],[90.5663,23.1648],[90.5671,23.1406],[90.5556,23.1245],[90.5272,23.1167],[90.5448,23.0801],[90.5161,23.0808],[90.5155,23.0562],[90.5017,23.0583],[90.5111,23.0423],[90.4782,23.0141],[90.4535,23.0183],[90.4164,23.0069],[90.4116,23.0214],[90.4254,23.0416],[90.3443,23.0601],[90.3357,23.0709],[90.352,23.0955],[90.3446,23.1203],[90.354,23.1424],[90.3086,23.1375],[90.3077,23.149],[90.2929,23.149],[90.2838,23.2003],[90.2545,23.2139],[90.2503,23.2385],[90.2417,23.2352],[90.233,23.2658],[90.2504,23.3211],[90.2355,23.3361],[90.2556,23.352],[90.2398,23.362],[90.2526,23.3777],[90.271,23.3796],[90.2356,23.3945],[90.2299,23.4099],[90.2542,23.4256],[90.2785,23.4246],[90.2873,23.4417],[90.3078,23.4459],[90.3242,23.4332]]]}},{"type":"Feature","properties":{"unit_id":"BD3093","level":"district","name_en":"Tangail","name_bn":"টাঙ্গাইল","division":"Dhaka","kiln_count":null,"kiln_share":null},"geometry":{"type":"Polygon","coordinates":[[[90.0993,24.7566],[90.0907,24.7517],[90.092,24.7367],[90.1357,24.7335],[90.129,24.717],[90.1524,24.634],[90.135,24.6163],[90.1301,24.5951],[90.1557,24.574],[90.1592,24.5452],[90.1767,24.5183],[90.187,24.5232],[90.2104,24.5098],[90.2073,24.4982],[90.2461,24.4821],[90.2117,24.4629],[90.2312,24.4219],[90.2489,24.4152],[90.2299,24.3469],[90.2342,24.3351],[90.2483,24.3334],[90.2617,24.2908],[90.2806,24.2876],[90.305,24.2669],[90.2932,24.224],[90.2694,24.2136],[90.2271,24.1634],[90.2191,24.1306],[90.2323,24.1058],[90.202,24.0952],[90.175,24.1105],[90.1795,24.0785],[90.1591,24.0665],[90.1634,24.0572],[90.1517,24.0537],[90.1492,24.0357],[90.1108,24.0288],[90.1084,24.0196],[90.075,24.0429],[90.0698,24.0325],[90.0653,24.0383],[90.0617,24.0302],[90.0248,24.0228],[90.0205,24.0297],[90.0285,24.0352],[90.0191,24.0457],[90.0075,24.0369],[90.0174,24.0285],[90.0046,24.0163],[90.0079,24.0018],[89.9939,23.9995],[89.9785,24.0103],[89.9859,24.0185],[89.9719,24.0357],[89.9674,24.0134],[89.9486,24.0289],[89.9396,24.0115],[89.9485,24.0033],[89.9359,23.9956],[89.9378,24.0061],[89.9082,23.9984],[89.8912,23.9797],[89.8952,23.9704],[89.8838,23.972],[89.8743,23.9959],[89.8643,23.9673],[89.8205,23.9846],[89.806,23.9753],[89.7882,23.9888],[89.7736,23.9736],[89.7645,23.9781],[89.7859,24.0114],[89.7862,24.0416],[89.8251,24.0784],[89.8232,24.1412],[89.8058,24.1611],[89.7834,24.1655],[89.8032,24.1741],[89.7871,24.234],[89.7927,24.2748],[89.7759,24.3053],[89.7739,24.332],[89.7535,24.3499],[89.7676,24.3763],[89.7648,24.3955],[89.7763,24.395],[89.7509,24.4277],[89.7575,24.4544],[89.7458,24.4551],[89.7594,24.5002],[89.7367,24.5196],[89.7496,24.5214],[89.7487,24.5389],[89.7708,24.5413],[89.7739,24.5659],[89.7892,24.5747],[89.8114,24.571],[89.818,24.5813],[89.8114,24.589],[89.8283,24.5921],[89.8265,24.6139],[89.8361,24.6141],[89.8409,24.627],[89.8507,24.6217],[89.8426,24.6486],[89.8645,24.6504],[89.8765,24.6799],[89.8971,24.6823],[89.8778,24.714],[89.8798,24.7475],[89.9086,24.7398],[89.924,24.7469],[89.9184,24.7581],[89.9345,24.7614],[89.9407,24.744],[89.9566,24.7445],[89.9553,24.7341],[89.9756,24.723],[90.0211,24.7557],[90.0245,24.7762],[90.0779,24.7869],[90.0993,24.7566]]]}},{"type":"Feature","properties":{"unit_id":"BD4001","level":"district","name_en":"Bagerhat","name_bn":"বাগেরহাট","division":"Khulna","kiln_count":null,"kiln_share":null},"geometry":{"type":"Polygon","coordinates":[[[89.7846,22.9669],[89.8034,22.9725],[89.8069,22.9656],[89.8018,22.9431],[89.826,22.934],[89.8531,22.8951],[89.8366,22.8882],[89.8697,22.8752],[89.8702,22.8882],[89.9152,22.8818],[89.9491,22.8328],[89.9483,22.8232],[89.9174,22.809],[89.9162,22.7998],[89.94,22.7832],[89.9068,22.7734],[89.9091,22.7545],[89.9334,22.7516],[89.9273,22.7219],[89.9067,22.7271],[89.8601,22.6986],[89.8656,22.6911],[89.9149,22.6941],[89.9373,22.6794],[89.9069,22.6559],[89.896,22.6767],[89.8868,22.6627],[89.9265,22.6442],[89.9155,22.6037],[89.962,22.5925],[89.9514,22.5464],[89.92,22.5093],[89.9672,22.5033],[89.9658,22.4927],[89.9514,22.4912],[89.9131,22.5046],[89.8828,22.5016],[89.8902,22.4768],[89.9298,22.476],[89.9435,22.4631],[89.9314,22.4455],[89.8998,22.4406],[89.8692,22.4156],[89.8988,22.3736],[89.894,22.3466],[89.8664,22.3033],[89.8574,22.2591],[89.8639,22.2244],[89.884,22.1959],[89.8961,22.1263],[89.8776,22.0483],[89.9097,21.9653],[89.895,21.9579],[89.9061,21.9189],[89.9092,21.7834],[89.8793,21.7775],[89.8315,21.7857],[89.7536,21.8399],[89.7083,21.7543],[89.677,21.7342],[89.6504,21.7293],[89.6223,21.7459],[89.5491,21.8299],[89.5753,21.9077],[89.5508,21.9359],[89.5433,21.968],[89.59,22.1106],[89.5862,22.1385],[89.5513,22.1864],[89.5472,22.206],[89.5916,22.2374],[89.5871,22.2743],[89.6278,22.3403],[89.566,22.5598],[89.531,22.611],[89.5549,22.6389],[89.5478,22.6634],[89.5582,22.6789],[89.5802,22.6673],[89.5691,22.6908],[89.6024,22.7],[89.5848,22.7164],[89.5982,22.7212],[89.6104,22.7719],[89.6311,22.7627],[89.6435,22.7734],[89.6466,22.7521],[89.6548,22.7538],[89.6656,22.7992],[89.6755,22.7954],[89.6792,22.8163],[89.7112,22.8254],[89.7178,22.8483],[89.6955,22.875],[89.7142,22.8781],[89.7204,22.8866],[89.712,22.8912],[89.7291,22.8964],[89.7215,22.9043],[89.7418,22.9238],[89.7263,22.9219],[89.7501,22.9473],[89.7524,22.9676],[89.7624,22.9651],[89.7678,22.9783],[89.7849,22.984],[89.7846,22.9669]]]}},{"type":"Feature","properties":{"unit_id":"BD4018","level":"district","name_en":"Chuadanga","name_bn":"চুয়াডাঙ্গা","division":"Khulna","kiln_count":null,"kiln_share":null},"geometry":{"type":"Polygon","coordinates":[[[88.9116,23.7841],[88.9612,23.8093],[88.9771,23.7889],[89.0059,23.7871],[88.9909,23.7535],[89.0077,23.7449],[89.0164,23.7083],[89.0073,23.6926],[89.0058,23.6043],[88.9854,23.5832],[88.9756,23.5465],[88.9427,23.5482],[88.9608,23.5309],[88.9456,23.5184],[88.9454,23.4791],[88.9189,23.4396],[88.9451,23.4399],[88.9348,23.4146],[88.914,23.4208],[88.9178,23.4078],[88.8814,23.4096],[88.863,23.3787],[88.8354,23.3917],[88.8256,23.3813],[88.8153,23.3906],[88.8008,23.3765],[88.7848,23.3832],[88.7745,23.3694],[88.7755,23.3792],[88.7633,23.372],[88.7621,23.3874],[88.7495,23.3984],[88.7614,23.4085],[88.7546,23.4161],[88.7635,23.4464],[88.7729,23.449],[88.7787,23.4377],[88.7955,23.4433],[88.7875,23.4699],[88.8002,23.4823],[88.8006,23.4982],[88.7841,23.498],[88.7868,23.5073],[88.7703,23.4976],[88.7748,23.4806],[88.7608,23.4904],[88.7611,23.4787],[88.7411,23.4798],[88.7243,23.5123],[88.6955,23.5173],[88.6829,23.5419],[88.6539,23.5562],[88.6507,23.5838],[88.6387,23.5911],[88.6457,23.6087],[88.6354,23.6149],[88.6488,23.6224],[88.643,23.6265],[88.6525,23.6511],[88.6807,23.6472],[88.6863,23.6591],[88.6936,23.6549],[88.6965,23.6653],[88.7469,23.6966],[88.7733,23.6986],[88.7844,23.7165],[88.7786,23.7317],[88.7875,23.7676],[88.8179,23.7718],[88.8316,23.8138],[88.8474,23.8309],[88.8958,23.8273],[88.9061,23.8378],[88.9234,23.8173],[88.9116,23.7841]]]}},{"type":"Feature","properties":{"unit_id":"BD4041","level":"district","name_en":"Jashore","name_bn":"যশোর","division":"Khulna","kiln_count":null,"kiln_share":null},"geometry":{"type":"Polygon","coordinates":[[[89.0404,23.3599],[89.0664,23.3631],[89.0718,23.3537],[89.0517,23.3368],[89.0652,23.3108],[89.0486,23.2915],[89.0779,23.3097],[89.105,23.2994],[89.1076,23.2857],[89.1285,23.2752],[89.1445,23.2758],[89.1465,23.287],[89.1998,23.2915],[89.208,23.3266],[89.2132,23.3193],[89.2446,23.3281],[89.2344,23.3457],[89.2532,23.345],[89.2493,23.361],[89.2623,23.3723],[89.2767,23.3655],[89.2736,23.354],[89.307,23.3188],[89.3186,23.3223],[89.3233,23.3005],[89.3378,23.3049],[89.3442,23.284],[89.3684,23.3026],[89.3732,23.2887],[89.4212,23.2658],[89.431,23.2347],[89.4171,23.2288],[89.4232,23.1832],[89.4086,23.1524],[89.4184,23.1399],[89.3919,23.1437],[89.3757,23.1353],[89.3887,23.1063],[89.3828,23.0847],[89.417,23.0822],[89.4422,23.115],[89.4396,23.0736],[89.4544,23.068],[89.4434,23.067],[89.4433,23.0553],[89.4548,23.0536],[89.4645,23.0336],[89.4999,23.0333],[89.5078,23.0148],[89.528,23.0079],[89.5368,22.9841],[89.5472,22.9771],[89.5597,22.9835],[89.5559,22.9623],[89.5133,22.9287],[89.484,22.9525],[89.4602,23.0089],[89.4394,23.0085],[89.429,22.9969],[89.4266,22.9584],[89.3947,22.9431],[89.3955,22.9338],[89.37,22.9347],[89.3628,22.9242],[89.3406,22.922],[89.3572,22.8809],[89.3448,22.871],[89.358,22.8627],[89.3476,22.8311],[89.3244,22.8275],[89.3296,22.8386],[89.2964,22.843],[89.3102,22.8534],[89.2882,22.8625],[89.286,22.849],[89.2668,22.8536],[89.2669,22.843],[89.255,22.8498],[89.2336,22.8258],[89.2021,22.8121],[89.1717,22.8196],[89.1486,22.7954],[89.1426,22.8056],[89.158,22.812],[89.1592,22.8271],[89.1472,22.8363],[89.1459,22.8263],[89.1314,22.8324],[89.1226,22.8506],[89.129,22.8727],[89.1096,22.8896],[89.1193,22.904],[89.1418,22.8926],[89.1268,22.9273],[89.11,22.9372],[89.1155,22.9447],[89.0997,22.9386],[89.1082,22.9319],[89.1015,22.9234],[89.0792,22.9392],[89.0496,22.9299],[89.0441,22.9426],[89.0365,22.9288],[89.0146,22.9456],[88.9894,22.9454],[88.9929,22.9167],[88.9769,22.9223],[88.9576,22.9133],[88.9508,22.9229],[88.9444,22.9117],[88.8913,22.9267],[88.8935,22.9527],[88.8594,22.9429],[88.857,22.9675],[88.871,22.9783],[88.8654,22.9988],[88.8461,23.0108],[88.8789,23.0041],[88.8729,23.018],[88.8842,23.039],[88.8612,23.0774],[88.8746,23.0901],[88.8683,23.1012],[88.8923,23.108],[88.9178,23.1297],[88.923,23.1449],[88.9309,23.1441],[88.9279,23.1629],[88.9387,23.1765],[88.9618,23.1931],[88.9797,23.1829],[88.9874,23.2039],[88.9797,23.2122],[88.9951,23.2135],[88.9759,23.2243],[88.9781,23.2151],[88.9703,23.2226],[88.9461,23.2068],[88.9216,23.219],[88.9154,23.2128],[88.9115,23.234],[88.892,23.235],[88.893,23.2483],[88.9143,23.2512],[88.9054,23.2578],[88.9174,23.2718],[88.8998,23.2796],[88.9334,23.2843],[88.9606,23.2729],[88.9877,23.2814],[88.9881,23.2945],[88.9618,23.3048],[88.9677,23.3124],[88.9615,23.3293],[88.9798,23.3444],[89.0084,23.3407],[89.0335,23.3509],[89.0124,23.3679],[89.0427,23.3709],[89.0404,23.3599]]]}},{"type":"Feature","properties":{"unit_id":"BD4044","level":"district","name_en":"Jhenaidah","name_bn":"ঝিনাইদহ","division":"Khulna","kiln_count":null,"kiln_share":null},"geometry":{"type":"Polygon","coordinates":[[[89.0839,23.7583],[89.0833,23.7455],[89.0951,23.7416],[89.0999,23.7254],[89.1173,23.7342],[89.1185,23.6943],[89.1273,23.7218],[89.157,23.721],[89.1598,23.736],[89.1799,23.75],[89.198,23.7434],[89.2152,23.7593],[89.2527,23.7642],[89.2672,23.743],[89.3074,23.7347],[89.3221,23.7038],[89.3492,23.6828],[89.3488,23.6721],[89.3764,23.6641],[89.3549,23.6393],[89.3449,23.5781],[89.3225,23.5668],[89.3062,23.5401],[89.3102,23.5076],[89.2989,23.4979],[89.309,23.4806],[89.3039,23.4544],[89.273,23.435],[89.257,23.4406],[89.2724,23.4281],[89.2463,23.3932],[89.2444,23.3767],[89.2587,23.3691],[89.2493,23.361],[89.2532,23.345],[89.2344,23.3457],[89.2446,23.3281],[89.2132,23.3193],[89.208,23.3266],[89.1998,23.2915],[89.1465,23.287],[89.1443,23.2757],[89.1129,23.2812],[89.1056,23.2989],[89.0816,23.3093],[89.0486,23.2915],[89.045,23.2956],[89.0652,23.3108],[89.0517,23.3368],[89.0718,23.3537],[89.0664,23.3631],[89.0404,23.3599],[89.0427,23.3709],[89.0303,23.3749],[89.0124,23.3679],[89.0335,23.3509],[89.0084,23.3407],[88.9798,23.3444],[88.9615,23.3293],[88.9677,23.3124],[88.9618,23.3048],[88.9881,23.2945],[88.9894,23.2831],[88.9606,23.2729],[88.9334,23.2843],[88.9,23.28],[88.9174,23.2718],[88.9054,23.2578],[88.9143,23.2512],[88.893,23.2483],[88.8859,23.2261],[88.8731,23.2346],[88.8449,23.2312],[88.8367,23.2438],[88.8246,23.2333],[88.828,23.2454],[88.8116,23.2567],[88.8113,23.2216],[88.7907,23.2186],[88.7744,23.2251],[88.7783,23.2354],[88.7694,23.2452],[88.752,23.2406],[88.7185,23.2545],[88.7237,23.2729],[88.6977,23.2921],[88.6966,23.3025],[88.7111,23.3127],[88.7066,23.3037],[88.7251,23.2992],[88.7299,23.3199],[88.731,23.3089],[88.7444,23.3068],[88.749,23.3217],[88.7323,23.3276],[88.7385,23.3434],[88.7325,23.3529],[88.746,23.349],[88.7482,23.3624],[88.7589,23.3606],[88.7755,23.3792],[88.7745,23.3694],[88.7848,23.3832],[88.7957,23.3751],[88.8096,23.3887],[88.8261,23.3813],[88.8354,23.3917],[88.863,23.3787],[88.8814,23.4096],[88.9178,23.4078],[88.914,23.4208],[88.9351,23.415],[88.9347,23.4301],[88.9457,23.4307],[88.9451,23.4399],[88.9189,23.4396],[88.9454,23.4791],[88.9456,23.5184],[88.9608,23.5309],[88.9427,23.5482],[88.9762,23.5473],[88.9854,23.5832],[89.0077,23.6108],[89.0107,23.7067],[89.0396,23.6946],[89.0529,23.7149],[89.0391,23.7248],[89.0594,23.719],[89.076,23.7273],[89.0628,23.7359],[89.0534,23.7652],[89.0696,23.7716],[89.0699,23.7561],[89.0839,23.7583]]]}},{"type":"Feature","properties":{"unit_id":"BD4050","level":"district","name_en":"Kushtia","name_bn":"কুষ্টিয়া","division":"Khulna","kiln_count":null,"kiln_share":null},"geometry":{"type":"Polygon","coordinates":[[[88.7751,24.1533],[88.8153,24.1268],[88.8451,24.1312],[88.8577,24.1141],[88.8809,24.1209],[88.8805,24.1063],[88.9096,24.1169],[88.9064,24.1271],[88.9188,24.1329],[88.9207,24.1209],[88.9367,24.1312],[89.0071,24.1155],[89.0229,24.0944],[89.062,23.9886],[89.0946,23.973],[89.0944,23.9639],[89.1451,23.9641],[89.1494,23.9532],[89.164,23.9533],[89.1751,23.9642],[89.1757,23.9872],[89.2133,23.9896],[89.2134,23.9721],[89.2334,23.9738],[89.2322,23.9455],[89.2622,23.8989],[89.3025,23.8904],[89.3091,23.879],[89.3457,23.8935],[89.3585,23.8867],[89.3638,23.8717],[89.3355,23.8306],[89.3298,23.7785],[89.311,23.7758],[89.3101,23.7686],[89.3218,23.7678],[89.3143,23.7486],[89.2837,23.7372],[89.2465,23.7647],[89.2331,23.7561],[89.2152,23.7593],[89.198,23.7434],[89.1799,23.75],[89.1598,23.736],[89.157,23.721],[89.1273,23.7218],[89.1185,23.6943],[89.1178,23.7335],[89.0991,23.726],[89.0839,23.7583],[89.0693,23.7564],[89.064,23.7716],[89.0527,23.7594],[89.0758,23.7266],[89.0594,23.719],[89.0391,23.7248],[89.0528,23.7139],[89.0349,23.6934],[89.0086,23.7215],[89.0065,23.7468],[88.991,23.7525],[89.0054,23.788],[88.9771,23.7889],[88.9612,23.8093],[88.9116,23.7841],[88.9234,23.8181],[88.9072,23.8373],[88.8958,23.8273],[88.8588,23.8311],[88.8638,23.8537],[88.8828,23.8753],[88.8506,23.8687],[88.8368,23.8789],[88.8629,23.8819],[88.8714,23.8917],[88.873,23.9075],[88.8616,23.924],[88.8284,23.939],[88.8174,23.9279],[88.8008,23.9748],[88.7836,23.9687],[88.7764,23.9477],[88.7611,23.9689],[88.7344,23.9629],[88.7383,23.9831],[88.7681,23.9851],[88.7585,24.0061],[88.7285,23.9965],[88.7421,24.0333],[88.7238,24.043],[88.7365,24.0486],[88.7268,24.0542],[88.7375,24.0618],[88.7234,24.0692],[88.7287,24.0995],[88.7205,24.1041],[88.701,24.0944],[88.6941,24.111],[88.7464,24.147],[88.7312,24.1726],[88.7348,24.2195],[88.7822,24.1616],[88.7751,24.1533]]]}},{"type":"Feature","properties":{"unit_id":"BD4055","level":"district","name_en":"Magura","name_bn":"মাগুরা","division":"Khulna","kiln_count":null,"kiln_share":null},"geometry":{"type":"Polygon","coordinates":[[[89.4421,23.6396],[89.4863,23.6249],[89.4725,23.5971],[89.4992,23.579],[89.5077,23.5475],[89.5395,23.5358],[89.4925,23.516],[89.4936,23.479],[89.5129,23.4779],[89.5084,23.4967],[89.5263,23.5133],[89.5759,23.4961],[89.6051,23.4742],[89.6022,23.4238],[89.6128,23.3834],[89.5985,23.3802],[89.6121,23.3442],[89.6048,23.3346],[89.6205,23.308],[89.6054,23.3118],[89.6053,23.3194],[89.5605,23.3191],[89.5553,23.3069],[89.5352,23.3017],[89.5239,23.2782],[89.4796,23.2973],[89.4814,23.2837],[89.4633,23.283],[89.455,23.2584],[89.4339,23.2568],[89.3732,23.2887],[89.3684,23.3026],[89.3442,23.284],[89.3373,23.3053],[89.3226,23.3011],[89.3161,23.3249],[89.307,23.3188],[89.2828,23.3407],[89.275,23.3672],[89.2441,23.3795],[89.2492,23.4021],[89.2616,23.4087],[89.2551,23.4146],[89.2724,23.4281],[89.257,23.4406],[89.273,23.435],[89.3039,23.4544],[89.309,23.4806],[89.2989,23.4979],[89.3102,23.5076],[89.3062,23.5401],[89.3225,23.5668],[89.3451,23.5785],[89.3549,23.6393],[89.3765,23.6629],[89.3659,23.6686],[89.4068,23.6842],[89.4428,23.656],[89.4421,23.6396]]]}},{"type":"Feature","properties":{"unit_id":"BD4057","level":"district","name_en":"Meherpur","name_bn":"মেহেরপুর","division":"Khulna","kiln_count":null,"kiln_share":null},"geometry":{"type":"Polygon","coordinates":[[[88.8379,23.9378],[88.8719,23.9104],[88.8668,23.885],[88.8378,23.8768],[88.8494,23.8688],[88.8696,23.8782],[88.8839,23.8708],[88.8638,23.8537],[88.8586,23.8319],[88.8323,23.8151],[88.8179,23.7718],[88.7875,23.7676],[88.7808,23.708],[88.7733,23.6986],[88.7469,23.6966],[88.6965,23.6653],[88.6936,23.6549],[88.6863,23.6591],[88.6807,23.6472],[88.6525,23.6511],[88.643,23.6265],[88.6488,23.6224],[88.636,23.6161],[88.637,23.607],[88.5808,23.603],[88.5937,23.6173],[88.5935,23.641],[88.5622,23.6373],[88.5581,23.6496],[88.5741,23.6678],[88.5652,23.7138],[88.5767,23.7334],[88.5705,23.7484],[88.5807,23.7587],[88.5796,23.7734],[88.5567,23.7849],[88.577,23.7859],[88.5962,23.8054],[88.585,23.8136],[88.589,23.814],[88.594,23.8094],[88.6022,23.8175],[88.5865,23.8313],[88.5914,23.8527],[88.5781,23.8511],[88.5757,23.8621],[88.5876,23.8714],[88.6073,23.8626],[88.6186,23.8767],[88.6276,23.8652],[88.6674,23.8696],[88.6643,23.8823],[88.6832,23.8891],[88.6883,23.9013],[88.7044,23.8996],[88.6993,23.9102],[88.7066,23.9164],[88.7333,23.911],[88.7349,23.9331],[88.7433,23.9301],[88.7344,23.9629],[88.7611,23.9689],[88.7765,23.9477],[88.7836,23.9687],[88.7993,23.9751],[88.8174,23.9279],[88.8379,23.9378]]]}},{"type":"Feature","properties":{"unit_id":"BD4065","level":"district","name_en":"Narail","name_bn":"নড়াইল","division":"Khulna","kiln_count":null,"kiln_share":null},"geometry":{"type":"Polygon","coordinates":[[[89.6299,23.2908],[89.6675,23.2803],[89.6369,23.2658],[89.6302,23.2481],[89.6377,23.2362],[89.6687,23.2443],[89.6857,23.2275],[89.6787,23.1821],[89.6884,23.1629],[89.7383,23.1852],[89.7655,23.1774],[89.7334,23.1676],[89.738,23.1279],[89.7097,23.1229],[89.6999,23.1113],[89.6873,23.1281],[89.6701,23.1231],[89.6923,23.0939],[89.7316,23.0796],[89.7285,23.0535],[89.7462,23.0487],[89.7626,23.0077],[89.7971,22.9967],[89.7932,22.9811],[89.8034,22.9725],[89.7964,22.9679],[89.7821,22.9704],[89.7869,22.984],[89.7697,22.9797],[89.7619,22.9651],[89.7362,22.9774],[89.6924,22.9803],[89.6764,22.9706],[89.6547,22.9838],[89.6491,22.9702],[89.6283,22.9621],[89.6193,22.973],[89.6137,22.9552],[89.6069,22.9568],[89.5845,22.9873],[89.5661,22.9929],[89.5454,22.9774],[89.4999,23.0333],[89.4614,23.036],[89.4548,23.0536],[89.443,23.0558],[89.4434,23.067],[89.4544,23.068],[89.4396,23.0736],[89.4422,23.115],[89.417,23.0822],[89.3828,23.0847],[89.3887,23.1063],[89.3757,23.1353],[89.3919,23.1437],[89.4184,23.1399],[89.4088,23.1571],[89.4232,23.1832],[89.4171,23.2289],[89.431,23.2343],[89.4238,23.256],[89.455,23.2584],[89.4633,23.283],[89.4814,23.2837],[89.4796,23.2973],[89.5239,23.2782],[89.5352,23.3017],[89.5553,23.3069],[89.5605,23.3191],[89.6059,23.3192],[89.6299,23.2908]]]}},{"type":"Feature","properties":{"unit_id":"BD4087","level":"district","name_en":"Satkhira","name_bn":"সাতক্ষীরা","division":"Khulna","kiln_count":null,"kiln_share":null},"geometry":{"type":"Polygon","coordinates":[[[89.0365,22.9288],[89.0441,22.9426],[89.0485,22.9301],[89.0792,22.9392],[89.1015,22.9234],[89.1082,22.9319],[89.0997,22.9386],[89.1157,22.9445],[89.11,22.9372],[89.1268,22.9273],[89.1418,22.8932],[89.1193,22.904],[89.11,22.8934],[89.129,22.8727],[89.1232,22.8471],[89.1363,22.8283],[89.1469,22.8267],[89.1468,22.8363],[89.1601,22.8245],[89.1568,22.8106],[89.1426,22.8056],[89.1448,22.7968],[89.1618,22.8008],[89.1722,22.8198],[89.2021,22.8121],[89.2522,22.8377],[89.2474,22.8113],[89.2653,22.8119],[89.2714,22.7901],[89.2901,22.7954],[89.2989,22.7877],[89.3114,22.7495],[89.3318,22.7283],[89.3306,22.7155],[89.3068,22.7138],[89.3006,22.6819],[89.2845,22.6973],[89.2644,22.6965],[89.2604,22.7162],[89.2616,22.6673],[89.3032,22.6489],[89.276,22.6309],[89.2865,22.621],[89.2636,22.6322],[89.2602,22.6581],[89.2436,22.6382],[89.2609,22.6195],[89.2458,22.6172],[89.2435,22.6086],[89.2635,22.6018],[89.2646,22.5875],[89.2358,22.5478],[89.2488,22.5301],[89.255,22.4957],[89.2856,22.4751],[89.2562,22.4654],[89.2581,22.4516],[89.2446,22.4464],[89.2404,22.4273],[89.2569,22.3977],[89.2363,22.375],[89.2645,22.3759],[89.274,22.3458],[89.2525,22.3455],[89.2507,22.3385],[89.2775,22.3086],[89.2825,22.2858],[89.3183,22.2816],[89.2904,22.2551],[89.3104,22.2342],[89.3068,22.2158],[89.3226,22.1923],[89.2786,22.141],[89.2636,22.0855],[89.2948,22.0966],[89.3028,22.0917],[89.2862,22.0611],[89.3228,21.9912],[89.3619,21.9478],[89.3727,21.9165],[89.3701,21.8951],[89.3384,21.8809],[89.3095,21.8495],[89.3263,21.6861],[89.3205,21.6734],[89.2663,21.6542],[89.1975,21.6565],[89.1355,21.6472],[89.0291,21.784],[89.0443,21.8612],[89.0237,21.8893],[89.0236,21.9069],[89.0317,21.9227],[89.0728,21.9277],[89.0835,22.003],[89.0489,22.0563],[89.0394,22.0969],[89.0536,22.1193],[89.0977,22.1543],[89.0903,22.1603],[89.0714,22.1482],[89.0615,22.1704],[89.0706,22.1973],[89.0402,22.229],[89.0338,22.259],[89.0133,22.2545],[89.0199,22.2692],[88.9955,22.2854],[88.9989,22.2968],[89.0245,22.2968],[89.0006,22.3237],[88.9854,22.3258],[88.9892,22.3642],[88.9825,22.3752],[88.9917,22.3898],[88.9711,22.4093],[89.0,22.4301],[88.9888,22.446],[88.9959,22.4697],[88.9753,22.4965],[88.9614,22.5507],[88.9191,22.5669],[88.9445,22.5687],[88.9394,22.591],[88.9592,22.611],[88.9362,22.625],[88.9275,22.6492],[88.9616,22.693],[88.928,22.7184],[88.9158,22.7362],[88.9207,22.7528],[88.9108,22.7581],[88.938,22.7929],[88.9586,22.7973],[88.9675,22.843],[88.9451,22.8799],[88.9283,22.8719],[88.9095,22.8792],[88.8952,22.9124],[88.9196,22.9238],[88.9197,22.9127],[88.9313,22.9199],[88.9444,22.9117],[88.9508,22.9229],[88.9576,22.9133],[88.9769,22.9223],[88.9929,22.9167],[88.9894,22.9454],[89.0156,22.9451],[89.0365,22.9288]]]}},{"type":"Feature","properties":{"unit_id":"BD4539","level":"district","name_en":"Jamalpur","name_bn":"জামালপুর","division":"Mymensingh","kiln_count":null,"kiln_share":null},"geometry":{"type":"Polygon","coordinates":[[[89.8257,25.4153],[89.8209,25.357],[89.8412,25.3153],[89.8313,25.2958],[89.8763,25.2856],[89.9078,25.308],[89.9457,25.3026],[89.9474,25.295],[89.9406,25.2909],[89.9317,25.2898],[89.9279,25.2638],[89.9109,25.2703],[89.9048,25.2618],[89.9036,25.2685],[89.8854,25.1855],[89.9108,25.1732],[89.8955,25.1171],[89.9257,25.0593],[89.9083,25.0329],[89.8865,25.0331],[89.8834,25.0174],[89.8948,25.0145],[89.8957,24.9871],[89.9134,24.9798],[89.9029,24.9569],[89.9173,24.9509],[89.9175,24.9588],[89.9372,24.9595],[89.9458,24.9314],[89.9841,24.9169],[89.9991,24.9207],[90.031,24.9074],[90.0407,24.9173],[90.0383,24.9069],[90.1319,24.9],[90.1556,24.9092],[90.1574,24.8998],[90.2021,24.8799],[90.1829,24.8661],[90.201,24.8592],[90.1865,24.8549],[90.1886,24.8429],[90.1811,24.8407],[90.191,24.8292],[90.17,24.828],[90.1603,24.7933],[90.145,24.7902],[90.1414,24.7799],[90.0906,24.7909],[90.0485,24.7755],[90.0333,24.781],[90.0212,24.7722],[90.0211,24.7557],[89.9756,24.723],[89.9553,24.7341],[89.9566,24.7445],[89.9407,24.744],[89.9345,24.7614],[89.9184,24.7581],[89.924,24.7469],[89.9086,24.7398],[89.8798,24.7475],[89.8778,24.714],[89.8971,24.6823],[89.8765,24.6799],[89.8645,24.6504],[89.8426,24.6486],[89.8507,24.6217],[89.8409,24.627],[89.8361,24.6141],[89.8265,24.6139],[89.8283,24.5921],[89.8114,24.589],[89.818,24.5813],[89.811,24.5708],[89.7911,24.5723],[89.7672,24.6151],[89.7681,24.6247],[89.788,24.6283],[89.7855,24.6717],[89.8009,24.682],[89.7919,24.6883],[89.795,24.7049],[89.7756,24.7196],[89.7924,24.7382],[89.7795,24.7455],[89.7826,24.7671],[89.7456,24.7762],[89.739,24.7624],[89.7211,24.7801],[89.7326,24.7953],[89.7526,24.8001],[89.7196,24.8097],[89.6913,24.8321],[89.6639,24.8932],[89.6875,24.9071],[89.6745,24.9303],[89.6775,24.9648],[89.6613,24.988],[89.6486,25.0415],[89.6566,25.0505],[89.6538,25.0767],[89.6391,25.0901],[89.6504,25.1063],[89.6524,25.1438],[89.6998,25.231],[89.7354,25.2337],[89.7402,25.2502],[89.7516,25.2517],[89.7567,25.2811],[89.7188,25.3549],[89.7434,25.3804],[89.7769,25.3876],[89.7802,25.4088],[89.7694,25.4174],[89.7689,25.4348],[89.8257,25.4153]]]}},{"type":"Feature","properties":{"unit_id":"BD4561","level":"district","name_en":"Mymensingh","name_bn":"ময়মনসিংহ","division":"Mymensingh","kiln_count":null,"kiln_share":null},"geometry":{"type":"Polygon","coordinates":[[[90.3705,25.1625],[90.4414,25.1441],[90.5095,25.1751],[90.617,25.1772],[90.62,25.1592],[90.608,25.1401],[90.6148,25.1322],[90.6011,25.1095],[90.6067,25.1053],[90.5885,25.0841],[90.5962,25.0774],[90.5905,25.0602],[90.6039,25.0748],[90.6106,25.0677],[90.605,25.0636],[90.6141,25.0554],[90.6036,25.0394],[90.6096,25.0306],[90.5654,25.0334],[90.5525,25.0448],[90.5461,25.0322],[90.5338,25.0337],[90.5445,25.0268],[90.5438,25.0104],[90.5257,25.0318],[90.518,25.0243],[90.5131,25.0316],[90.493,25.0046],[90.5039,25.0033],[90.5046,24.9859],[90.5241,24.9804],[90.5134,24.9621],[90.5174,24.9458],[90.5288,24.9538],[90.5267,24.9423],[90.5452,24.9376],[90.5342,24.9271],[90.5419,24.9073],[90.5357,24.8906],[90.5675,24.8864],[90.5731,24.8561],[90.5669,24.8418],[90.5898,24.843],[90.5662,24.8127],[90.5818,24.8223],[90.584,24.8125],[90.6099,24.8138],[90.6258,24.7956],[90.6425,24.7994],[90.6478,24.7915],[90.6706,24.8029],[90.7083,24.801],[90.7048,24.7863],[90.7216,24.7741],[90.7095,24.7682],[90.7002,24.7771],[90.6938,24.7573],[90.7149,24.7512],[90.725,24.7329],[90.7094,24.7309],[90.6954,24.7135],[90.6944,24.6991],[90.7076,24.6916],[90.7019,24.6673],[90.7204,24.6481],[90.7392,24.6488],[90.7418,24.6353],[90.7577,24.635],[90.7586,24.6084],[90.7753,24.6076],[90.7766,24.6156],[90.7948,24.6046],[90.7935,24.5767],[90.8073,24.5849],[90.8224,24.5803],[90.7935,24.508],[90.743,24.5084],[90.722,24.4704],[90.7027,24.5149],[90.6828,24.5014],[90.679,24.4669],[90.6374,24.4762],[90.605,24.4991],[90.5837,24.4944],[90.5757,24.4822],[90.588,24.4459],[90.6348,24.434],[90.6479,24.4158],[90.6336,24.3591],[90.6194,24.3389],[90.6418,24.3092],[90.6513,24.2609],[90.6229,24.2716],[90.5735,24.248],[90.5214,24.2871],[90.5295,24.3033],[90.4892,24.3135],[90.4552,24.341],[90.427,24.3317],[90.4286,24.3094],[90.4026,24.2822],[90.3802,24.29],[90.3638,24.2813],[90.3557,24.3007],[90.3455,24.2932],[90.3237,24.2992],[90.2915,24.2778],[90.2642,24.2888],[90.2483,24.3334],[90.2342,24.3351],[90.2299,24.3469],[90.2487,24.4162],[90.2324,24.4204],[90.2121,24.457],[90.2461,24.4821],[90.2073,24.4982],[90.2104,24.5098],[90.187,24.5232],[90.1767,24.5183],[90.1592,24.5452],[90.1557,24.574],[90.1301,24.5951],[90.135,24.6163],[90.1524,24.634],[90.129,24.717],[90.1357,24.7335],[90.092,24.7367],[90.0907,24.7517],[90.0993,24.7566],[90.0777,24.7871],[90.0916,24.7908],[90.1034,24.7823],[90.1226,24.7896],[90.1414,24.7799],[90.145,24.7902],[90.1603,24.7933],[90.17,24.828],[90.191,24.8292],[90.1811,24.8407],[90.1886,24.8429],[90.1865,24.8549],[90.201,24.8592],[90.1829,24.8661],[90.2021,24.8799],[90.1919,24.8859],[90.2249,24.8835],[90.2414,24.8967],[90.2474,24.9265],[90.233,24.9458],[90.2591,24.9459],[90.2444,24.9674],[90.2305,24.9667],[90.2432,25.0117],[90.2333,25.0429],[90.2562,25.0655],[90.264,25.0515],[90.2815,25.057],[90.2925,25.0679],[90.2889,25.0779],[90.3124,25.0851],[90.3038,25.0919],[90.2868,25.0824],[90.2816,25.0945],[90.2625,25.0979],[90.2705,25.1493],[90.2589,25.1652],[90.264,25.1933],[90.3298,25.193],[90.3705,25.1625]]]}},{"type":"Feature","properties":{"unit_id":"BD4572","level":"district","name_en":"Netrakona","name_bn":"নেত্রকোণা","division":"Mymensingh","kiln_count":null,"kiln_share":null},"geometry":{"type":"Polygon","coordinates":[[[90.6751,25.1764],[90.6977,25.157],[90.7106,25.1679],[90.7322,25.1548],[90.7417,25.1604],[90.7342,25.1665],[90.7595,25.1684],[90.7803,25.1866],[90.8048,25.1668],[90.8452,25.1593],[90.9625,25.172],[90.9685,25.1622],[90.9515,25.1494],[90.9576,25.1277],[90.948,25.1116],[90.9715,25.0945],[90.9737,25.0723],[90.929,25.0772],[90.9362,25.0654],[90.9313,25.0425],[90.9647,25.0346],[90.9349,25.0213],[90.9482,25.0048],[90.9441,24.9755],[90.9732,24.9588],[90.9632,24.9412],[90.9504,24.9397],[90.9571,24.9382],[90.9545,24.9182],[90.9646,24.9102],[90.9941,24.9138],[90.9985,24.8914],[91.0148,24.8976],[91.0274,24.8828],[91.0448,24.9081],[91.101,24.8869],[91.103,24.8655],[91.1297,24.8423],[91.1132,24.8182],[91.1307,24.7939],[91.1527,24.8117],[91.1427,24.8267],[91.1524,24.84],[91.1653,24.8345],[91.1721,24.8091],[91.1603,24.7936],[91.1712,24.7807],[91.1606,24.7661],[91.137,24.7601],[91.1606,24.7493],[91.1571,24.743],[91.147,24.7486],[91.1521,24.7331],[91.1419,24.7274],[91.163,24.7188],[91.1771,24.7296],[91.2077,24.7122],[91.2298,24.7268],[91.2212,24.7022],[91.2414,24.6962],[91.2434,24.6831],[91.2237,24.679],[91.2337,24.6698],[91.2274,24.6539],[91.2102,24.6541],[91.2057,24.6339],[91.1965,24.632],[91.1762,24.6465],[91.1636,24.6355],[91.1308,24.6453],[91.1299,24.613],[91.1047,24.6111],[91.1055,24.6025],[91.0734,24.6221],[91.0395,24.6126],[91.043,24.6262],[91.0304,24.631],[91.0187,24.605],[90.9776,24.6015],[90.9636,24.6138],[90.9363,24.6029],[90.9297,24.6146],[90.9146,24.6145],[90.9169,24.5999],[90.9093,24.596],[90.863,24.6012],[90.8418,24.581],[90.8235,24.5876],[90.7981,24.5746],[90.7894,24.5837],[90.7944,24.605],[90.7766,24.6156],[90.7753,24.6076],[90.7584,24.6085],[90.7577,24.635],[90.7418,24.6353],[90.7392,24.6488],[90.7204,24.6481],[90.6981,24.6759],[90.7076,24.6916],[90.6944,24.6991],[90.6955,24.7139],[90.7094,24.7309],[90.725,24.7329],[90.7149,24.7512],[90.6938,24.7573],[90.7002,24.7771],[90.7095,24.7682],[90.7215,24.7737],[90.7043,24.7873],[90.711,24.7977],[90.6706,24.8029],[90.6478,24.7915],[90.6425,24.7994],[90.6258,24.7956],[90.6099,24.8138],[90.584,24.8125],[90.5818,24.8223],[90.5666,24.8123],[90.5898,24.843],[90.5669,24.8418],[90.5731,24.8561],[90.5675,24.8864],[90.5357,24.8906],[90.5419,24.9073],[90.5342,24.9271],[90.5452,24.9376],[90.5267,24.9423],[90.5288,24.9538],[90.5174,24.9458],[90.5134,24.9621],[90.5241,24.9804],[90.5046,24.9859],[90.5039,25.0033],[90.493,25.0046],[90.5131,25.0316],[90.518,25.0243],[90.5257,25.0318],[90.5438,25.0104],[90.5445,25.0268],[90.5338,25.0337],[90.5461,25.0322],[90.5525,25.0448],[90.5646,25.0336],[90.6086,25.0293],[90.6106,25.0677],[90.6039,25.0748],[90.5905,25.0602],[90.5962,25.0774],[90.5885,25.0841],[90.6067,25.1053],[90.6011,25.1095],[90.6148,25.1322],[90.608,25.1401],[90.62,25.1589],[90.6164,25.1694],[90.642,25.1745],[90.6407,25.1836],[90.6529,25.1869],[90.6484,25.1945],[90.6588,25.1852],[90.664,25.1979],[90.6663,25.1657],[90.6751,25.1764]]]}},{"type":"Feature","properties":{"unit_id":"BD4589","level":"district","name_en":"Sherpur","name_bn":"শেরপুর","division":"Mymensingh","kiln_count":null,"kiln_share":null},"geometry":{"type":"Polygon","coordinates":[[[89.9832,25.281],[90.0562,25.2612],[90.116,25.2236],[90.173,25.222],[90.2276,25.2003],[90.2665,25.1974],[90.2589,25.166],[90.2705,25.1493],[90.2625,25.0979],[90.2816,25.0945],[90.2868,25.0824],[90.3038,25.0919],[90.3124,25.0851],[90.2889,25.0779],[90.2925,25.0679],[90.2815,25.057],[90.264,25.0515],[90.2562,25.0655],[90.2333,25.0429],[90.2432,25.0117],[90.2305,24.9667],[90.2444,24.9674],[90.2591,24.9459],[90.233,24.9458],[90.2474,24.9265],[90.2327,24.8866],[90.1936,24.8864],[90.1574,24.8998],[90.1556,24.9092],[90.1343,24.8999],[90.0383,24.9069],[90.0407,24.9173],[90.0315,24.9075],[90.0158,24.9092],[89.9991,24.9207],[89.9514,24.9266],[89.9369,24.9596],[89.9175,24.9588],[89.9173,24.9509],[89.9029,24.9569],[89.9134,24.9798],[89.8957,24.9871],[89.8948,25.0145],[89.8834,25.0174],[89.8865,25.0331],[89.9083,25.0329],[89.9257,25.0593],[89.8955,25.1171],[89.9108,25.1732],[89.886,25.1838],[89.8903,25.2148],[89.8999,25.2266],[89.9037,25.2687],[89.9048,25.2618],[89.9109,25.2703],[89.9279,25.2638],[89.9317,25.2898],[89.9692,25.3038],[89.9832,25.281]]]}},{"type":"Feature","properties":{"unit_id":"BD5010","level":"district","name_en":"Bogura","name_bn":"বগুড়া","division":"Rajshahi","kiln_count":null,"kiln_share":null},"geometry":{"type":"Polygon","coordinates":[[[89.3429,25.11],[89.3334,25.1012],[89.3622,25.0888],[89.3634,25.0681],[89.3833,25.0619],[89.3914,25.0492],[89.3918,25.0664],[89.404,25.0673],[89.3997,25.0781],[89.4135,25.0816],[89.4269,25.0651],[89.4541,25.0749],[89.4548,25.0555],[89.4549,25.065],[89.4668,25.061],[89.4639,25.0547],[89.4894,25.0622],[89.5117,25.044],[89.5668,25.0377],[89.6127,25.0495],[89.6429,25.0361],[89.6484,25.0428],[89.6613,24.988],[89.6775,24.9648],[89.6765,24.9221],[89.6875,24.9071],[89.6638,24.8935],[89.6725,24.8683],[89.7018,24.8219],[89.7529,24.7985],[89.7326,24.7953],[89.7211,24.7801],[89.6826,24.782],[89.6711,24.7481],[89.6561,24.7461],[89.6608,24.7273],[89.6377,24.7154],[89.6466,24.7012],[89.6257,24.6852],[89.6085,24.6864],[89.5951,24.7021],[89.567,24.6957],[89.5632,24.7111],[89.5546,24.7078],[89.561,24.6917],[89.546,24.6533],[89.5629,24.6505],[89.5548,24.6411],[89.5598,24.6269],[89.5491,24.6179],[89.5836,24.6208],[89.6046,24.6062],[89.6052,24.5688],[89.5909,24.5533],[89.5703,24.5452],[89.553,24.5546],[89.5457,24.5469],[89.533,24.5631],[89.5336,24.5475],[89.5193,24.5351],[89.5216,24.5518],[89.5044,24.5571],[89.4573,24.5425],[89.4208,24.5613],[89.4006,24.5512],[89.3357,24.5594],[89.3248,24.5782],[89.3271,24.5985],[89.3068,24.5981],[89.3059,24.6135],[89.2686,24.6288],[89.2496,24.6199],[89.2536,24.6049],[89.239,24.5947],[89.2388,24.5834],[89.2242,24.5795],[89.2128,24.5989],[89.2156,24.6127],[89.2053,24.6037],[89.195,24.6142],[89.2101,24.6337],[89.191,24.6401],[89.1892,24.6507],[89.1736,24.6454],[89.1715,24.6216],[89.1491,24.6172],[89.1354,24.6563],[89.1443,24.6594],[89.1443,24.6717],[89.1619,24.669],[89.1654,24.678],[89.1561,24.6883],[89.1414,24.6795],[89.1293,24.6998],[89.1494,24.7401],[89.1256,24.7402],[89.1303,24.7184],[89.1128,24.7254],[89.1196,24.7159],[89.1084,24.7168],[89.0974,24.7274],[89.0818,24.7205],[89.0824,24.7314],[89.0956,24.735],[89.0827,24.7429],[89.0967,24.7523],[89.0813,24.7665],[89.0886,24.7836],[89.0823,24.7895],[89.0247,24.7839],[89.0142,24.7661],[88.9978,24.7666],[88.9922,24.7445],[88.9795,24.7478],[88.9738,24.7402],[88.9631,24.7482],[88.9827,24.8057],[88.9701,24.8247],[88.9877,24.8277],[88.9789,24.8311],[88.9777,24.8547],[89.0107,24.8591],[89.0164,24.85],[89.0408,24.8645],[89.0557,24.8609],[89.0666,24.8734],[89.0892,24.8737],[89.0755,24.8863],[89.0977,24.8919],[89.1004,24.9039],[89.0836,24.928],[89.0956,24.9424],[89.0887,24.9618],[89.1031,24.9699],[89.1267,24.962],[89.1225,24.9496],[89.1791,24.9518],[89.1903,24.9432],[89.177,24.9713],[89.1959,24.982],[89.189,24.9937],[89.2037,24.9948],[89.1967,24.9997],[89.2194,25.022],[89.2129,25.0276],[89.2373,25.0198],[89.2516,25.0513],[89.2466,25.066],[89.2798,25.0861],[89.2976,25.1195],[89.3313,25.1227],[89.3429,25.11]]]}},{"type":"Feature","properties":{"unit_id":"BD5038","level":"district","name_en":"Joypurhat","name_bn":"জয়পুরহাট","division":"Rajshahi","kiln_count":null,"kiln_share":null},"geometry":{"type":"Polygon","coordinates":[[[89.06,25.2596],[89.0716,25.2696],[89.1012,25.2406],[89.1212,25.2441],[89.1262,25.2553],[89.1445,25.2483],[89.1419,25.2587],[89.1562,25.2586],[89.1778,25.236],[89.1974,25.2439],[89.2079,25.2282],[89.1929,25.2147],[89.1845,25.1843],[89.215,25.1676],[89.2157,25.1476],[89.23,25.1463],[89.2512,25.1016],[89.283,25.092],[89.2464,25.0657],[89.2516,25.0513],[89.2373,25.0198],[89.215,25.029],[89.2194,25.022],[89.1967,24.9997],[89.2037,24.9948],[89.189,24.9937],[89.1961,24.9823],[89.1769,24.9711],[89.1903,24.9432],[89.1829,24.9433],[89.1791,24.9518],[89.1225,24.9496],[89.1267,24.962],[89.1031,24.9699],[89.0887,24.9618],[89.0956,24.9424],[89.0836,24.928],[89.1004,24.9039],[89.0977,24.8919],[89.0755,24.8863],[89.0894,24.8738],[89.0666,24.8734],[89.0557,24.8609],[89.0408,24.8645],[89.0151,24.8498],[89.0109,24.859],[88.9907,24.8596],[88.9896,24.8756],[89.007,24.8966],[88.9987,24.9463],[89.001,24.978],[89.0118,24.9843],[89.0093,25.0094],[89.0183,25.0186],[89.0097,25.021],[89.0191,25.0267],[89.0098,25.0351],[89.0158,25.047],[88.9972,25.0432],[88.963,25.0556],[88.9538,25.0547],[88.9548,25.0283],[88.9395,25.04],[88.9453,25.0533],[88.9309,25.0731],[88.9409,25.1163],[88.92,25.1464],[88.9287,25.1774],[88.9485,25.1769],[88.9475,25.1945],[88.9342,25.198],[88.9369,25.2132],[88.9625,25.2117],[88.9498,25.2361],[88.9561,25.2544],[88.9873,25.274],[89.0063,25.2635],[89.0278,25.2768],[89.06,25.2596]]]}},{"type":"Feature","properties":{"unit_id":"BD5064","level":"district","name_en":"Naogaon","name_bn":"নওগাঁ","division":"Rajshahi","kiln_count":null,"kiln_share":null},"geometry":{"type":"Polygon","coordinates":[[[88.8516,25.2007],[88.8647,25.2005],[88.8643,25.1905],[88.8746,25.1964],[88.8753,25.1795],[88.9107,25.1805],[88.9119,25.169],[88.9244,25.1643],[88.923,25.1321],[88.9409,25.1163],[88.9309,25.0731],[88.9453,25.0533],[88.9395,25.04],[88.9548,25.0283],[88.9538,25.0547],[88.963,25.0556],[88.9972,25.0432],[89.0158,25.047],[89.0098,25.0351],[89.0191,25.0267],[89.0097,25.021],[89.0183,25.0186],[89.0093,25.0094],[89.0118,24.9843],[89.001,24.978],[88.9987,24.9463],[89.007,24.8966],[88.9897,24.8791],[88.9907,24.8596],[88.9744,24.8488],[88.9877,24.8277],[88.9701,24.8247],[88.9827,24.8057],[88.9638,24.7469],[88.9738,24.7402],[88.9795,24.7478],[88.9922,24.7445],[88.9978,24.7666],[89.0142,24.7661],[89.0209,24.7818],[89.0494,24.792],[89.0666,24.7832],[89.0757,24.791],[89.0885,24.785],[89.0813,24.7665],[89.0967,24.7523],[89.0827,24.7429],[89.0956,24.735],[89.0824,24.7314],[89.0818,24.7205],[89.0974,24.7274],[89.1084,24.7168],[89.1196,24.7159],[89.1128,24.7254],[89.1303,24.7184],[89.1256,24.7402],[89.1494,24.7401],[89.1293,24.7004],[89.1371,24.6609],[89.121,24.659],[89.1184,24.6471],[89.0992,24.6369],[89.0964,24.5942],[89.1069,24.5877],[89.1067,24.5714],[89.0943,24.5388],[89.0863,24.5458],[89.0818,24.5344],[89.0551,24.535],[89.0296,24.558],[89.0112,24.5517],[89.0111,24.5655],[88.9728,24.5853],[88.9542,24.5786],[88.9418,24.5914],[88.9349,24.5876],[88.9099,24.6432],[88.8903,24.6372],[88.883,24.6434],[88.8793,24.6349],[88.8617,24.656],[88.8112,24.6563],[88.814,24.6717],[88.7974,24.6892],[88.7673,24.6707],[88.7416,24.688],[88.7342,24.6671],[88.7015,24.667],[88.6944,24.6435],[88.7051,24.6321],[88.693,24.6295],[88.6829,24.6404],[88.6525,24.6281],[88.6481,24.6354],[88.6351,24.6215],[88.6225,24.6476],[88.6282,24.6724],[88.6181,24.7018],[88.592,24.7],[88.5765,24.6807],[88.5705,24.6849],[88.5773,24.6965],[88.567,24.7032],[88.5058,24.7164],[88.5087,24.7335],[88.4641,24.7329],[88.4581,24.7611],[88.4915,24.7463],[88.4915,24.7718],[88.4784,24.7742],[88.4714,24.7649],[88.4566,24.7792],[88.4354,24.7815],[88.4133,24.7726],[88.4214,24.7878],[88.4322,24.7879],[88.4438,24.8232],[88.4318,24.8163],[88.4096,24.8237],[88.4175,24.8314],[88.4103,24.8399],[88.3926,24.8193],[88.3824,24.8216],[88.3846,24.8336],[88.4,24.8308],[88.3952,24.8385],[88.404,24.8474],[88.4208,24.849],[88.4309,24.8392],[88.452,24.8453],[88.4408,24.8565],[88.4447,24.863],[88.469,24.8438],[88.4711,24.864],[88.4915,24.8848],[88.4822,24.9028],[88.4944,24.9111],[88.4912,24.931],[88.4724,24.9419],[88.4539,24.9358],[88.4571,24.9225],[88.4412,24.9244],[88.4323,24.9332],[88.4344,24.964],[88.3948,24.9669],[88.4053,24.9796],[88.4172,24.9743],[88.4121,24.9987],[88.4253,25.0166],[88.4362,25.0066],[88.4383,25.0233],[88.4525,25.0367],[88.4376,25.0431],[88.435,25.0561],[88.4531,25.0793],[88.4412,25.1275],[88.4575,25.1353],[88.4611,25.1507],[88.4421,25.1747],[88.4457,25.1799],[88.4362,25.1991],[88.439,25.2092],[88.4373,25.1988],[88.4403,25.2011],[88.4633,25.1953],[88.4756,25.2139],[88.499,25.2105],[88.5002,25.2036],[88.5375,25.1982],[88.5342,25.1879],[88.5574,25.193],[88.556,25.1796],[88.5639,25.1754],[88.5796,25.1771],[88.6132,25.2043],[88.6691,25.1984],[88.6802,25.2093],[88.7113,25.2079],[88.7332,25.1992],[88.7346,25.1849],[88.7494,25.1775],[88.7728,25.1904],[88.7743,25.18],[88.8062,25.1712],[88.831,25.2069],[88.8458,25.2112],[88.8516,25.2007]]]}},{"type":"Feature","properties":{"unit_id":"BD5069","level":"district","name_en":"Natore","name_bn":"নাটোর","division":"Rajshahi","kiln_count":null,"kiln_share":null},"geometry":{"type":"Polygon","coordinates":[[[89.1657,24.6706],[89.1443,24.6717],[89.1443,24.6594],[89.1354,24.6563],[89.1499,24.6164],[89.1715,24.6216],[89.1736,24.6454],[89.1892,24.6507],[89.191,24.6401],[89.2101,24.6337],[89.195,24.6142],[89.2053,24.6037],[89.2156,24.6127],[89.2128,24.5989],[89.2242,24.5795],[89.2388,24.5834],[89.2586,24.6281],[89.2951,24.6222],[89.306,24.6135],[89.3068,24.5981],[89.3271,24.5985],[89.3239,24.5829],[89.3366,24.5465],[89.3049,24.5022],[89.2824,24.488],[89.2749,24.4535],[89.248,24.4327],[89.2849,24.4251],[89.284,24.3839],[89.3194,24.3579],[89.3186,24.3436],[89.2906,24.3287],[89.2896,24.3033],[89.2794,24.3044],[89.256,24.2734],[89.2428,24.2755],[89.2342,24.266],[89.2408,24.245],[89.2216,24.2333],[89.2181,24.2112],[89.1793,24.1971],[89.1583,24.1687],[89.1276,24.1715],[89.099,24.1578],[89.082,24.1634],[89.0818,24.1535],[89.0642,24.1479],[89.0444,24.1681],[89.0374,24.1571],[89.0255,24.1696],[88.9953,24.1558],[89.0159,24.1452],[88.999,24.1421],[89.0174,24.1413],[89.0044,24.14],[89.005,24.1165],[88.9367,24.1312],[88.9207,24.1209],[88.9188,24.1329],[88.9064,24.1271],[88.9096,24.1169],[88.8805,24.1063],[88.8809,24.1209],[88.8617,24.117],[88.9028,24.1559],[88.894,24.1545],[88.8951,24.1644],[88.8617,24.1673],[88.8736,24.1826],[88.872,24.2299],[88.8787,24.2384],[88.881,24.2287],[88.9001,24.234],[88.9191,24.2555],[88.9017,24.2728],[88.9042,24.2921],[88.8788,24.2929],[88.8685,24.3148],[88.8535,24.3034],[88.8448,24.3413],[88.8617,24.3641],[88.8934,24.3641],[88.9012,24.4477],[88.892,24.4562],[88.8995,24.4653],[88.8927,24.475],[88.9062,24.4979],[88.9262,24.5033],[88.9285,24.5154],[88.8983,24.512],[88.898,24.5217],[88.8814,24.5212],[88.8849,24.5297],[88.8993,24.5287],[88.8973,24.5384],[88.922,24.5482],[88.9401,24.5397],[88.9632,24.552],[88.9631,24.5835],[88.9721,24.5856],[89.0111,24.5655],[89.0116,24.5514],[89.0296,24.558],[89.0551,24.535],[89.0818,24.5344],[89.0863,24.5458],[89.0943,24.5388],[89.1067,24.5714],[89.1069,24.5877],[89.0964,24.5942],[89.0992,24.6369],[89.1184,24.6471],[89.121,24.659],[89.1371,24.6609],[89.1362,24.685],[89.1414,24.6795],[89.1566,24.6874],[89.1657,24.6706]]]}},{"type":"Feature","properties":{"unit_id":"BD5070","level":"district","name_en":"Chapainababganj","name_bn":"চাঁপাইনবাবগঞ্জ","division":"Rajshahi","kiln_count":null,"kiln_share":null},"geometry":{"type":"Polygon","coordinates":[[[88.4323,24.9332],[88.4412,24.9244],[88.4571,24.9225],[88.4539,24.9358],[88.4724,24.9419],[88.4912,24.931],[88.4944,24.9111],[88.4822,24.9028],[88.4915,24.8845],[88.4711,24.864],[88.469,24.8438],[88.4447,24.863],[88.4408,24.8565],[88.452,24.8453],[88.4309,24.8392],[88.4208,24.849],[88.404,24.8474],[88.3952,24.8385],[88.4,24.8308],[88.3846,24.8336],[88.3824,24.8216],[88.3926,24.8193],[88.4103,24.8399],[88.4163,24.8389],[88.4175,24.8314],[88.4096,24.8237],[88.4318,24.8163],[88.4438,24.8232],[88.4322,24.7879],[88.4214,24.7878],[88.4133,24.7726],[88.4354,24.7815],[88.4566,24.7792],[88.4714,24.7649],[88.4784,24.7742],[88.4915,24.7718],[88.4915,24.7463],[88.4581,24.7611],[88.4611,24.735],[88.5089,24.7326],[88.4893,24.7099],[88.4829,24.6819],[88.46,24.6851],[88.4564,24.6777],[88.4758,24.6693],[88.4806,24.6799],[88.511,24.6834],[88.5115,24.6734],[88.494,24.6698],[88.4912,24.6577],[88.437,24.6678],[88.4347,24.651],[88.4215,24.6506],[88.4313,24.6431],[88.4195,24.6344],[88.4235,24.6161],[88.3906,24.5988],[88.3707,24.6023],[88.3683,24.5936],[88.3594,24.6023],[88.3008,24.5641],[88.3129,24.5208],[88.3062,24.4852],[88.3325,24.447],[88.2918,24.4161],[88.2639,24.4458],[88.1982,24.4622],[88.1719,24.4942],[88.1406,24.5111],[88.0931,24.561],[88.0402,24.6434],[88.0082,24.6678],[88.0627,24.7219],[88.0745,24.7607],[88.0686,24.7699],[88.0888,24.783],[88.1061,24.7808],[88.105,24.8002],[88.1233,24.823],[88.1362,24.8054],[88.1318,24.8362],[88.1411,24.8346],[88.145,24.8514],[88.1609,24.8489],[88.1754,24.8606],[88.1525,24.8846],[88.1688,24.8936],[88.1402,24.9141],[88.138,24.9363],[88.1574,24.9337],[88.1702,24.9505],[88.2255,24.9607],[88.262,24.9165],[88.2575,24.8774],[88.2671,24.8779],[88.2765,24.8973],[88.2779,24.8876],[88.3018,24.8856],[88.3022,24.8717],[88.3201,24.8837],[88.3326,24.8709],[88.3467,24.8931],[88.3327,24.8972],[88.3243,24.9168],[88.3365,24.9186],[88.3398,24.9406],[88.3653,24.9533],[88.366,24.9453],[88.386,24.9389],[88.4013,24.9494],[88.3931,24.9649],[88.4307,24.9662],[88.4323,24.9332]]]}},{"type":"Feature","properties":{"unit_id":"BD5076","level":"district","name_en":"Pabna","name_bn":"পাবনা","division":"Rajshahi","kiln_count":null,"kiln_share":null},"geometry":{"type":"Polygon","coordinates":[[[89.4015,24.336],[89.4006,24.3244],[89.423,24.32],[89.421,24.2854],[89.4301,24.2673],[89.4244,24.2516],[89.4391,24.2542],[89.4486,24.2705],[89.4604,24.2637],[89.4571,24.2365],[89.4459,24.2336],[89.4783,24.2292],[89.4733,24.2193],[89.4649,24.2227],[89.4697,24.2039],[89.4899,24.2017],[89.4904,24.2132],[89.5045,24.2157],[89.5121,24.1989],[89.5277,24.1931],[89.5202,24.1776],[89.5388,24.1673],[89.5274,24.1659],[89.5294,24.1378],[89.5434,24.1261],[89.5608,24.1273],[89.5591,24.113],[89.5798,24.1128],[89.6568,24.0758],[89.6828,24.0558],[89.6798,24.0364],[89.6938,24.0395],[89.7034,24.0198],[89.722,24.0116],[89.6981,23.9877],[89.6974,23.9433],[89.6871,23.94],[89.7062,23.8925],[89.6987,23.8669],[89.7065,23.8768],[89.7341,23.8395],[89.7301,23.8273],[89.6702,23.8094],[89.6492,23.8169],[89.5772,23.8063],[89.5273,23.8154],[89.4655,23.8451],[89.3904,23.9052],[89.3674,23.9089],[89.3666,23.8897],[89.3501,23.8861],[89.3457,23.8935],[89.3091,23.879],[89.3025,23.8904],[89.2622,23.8989],[89.2322,23.9455],[89.2334,23.9738],[89.2134,23.9721],[89.2133,23.9896],[89.1757,23.9872],[89.1751,23.9642],[89.158,23.9527],[89.1451,23.9641],[89.0944,23.9639],[89.0946,23.973],[89.0632,23.9867],[89.0226,24.095],[89.005,24.1166],[89.0044,24.14],[89.0174,24.1413],[88.999,24.1421],[89.0157,24.1457],[88.9953,24.1558],[89.0255,24.1696],[89.0386,24.1573],[89.0439,24.1683],[89.069,24.1482],[89.0818,24.1535],[89.082,24.1634],[89.099,24.1578],[89.1276,24.1715],[89.1583,24.1687],[89.1793,24.1971],[89.2181,24.2112],[89.2216,24.2333],[89.2408,24.245],[89.2342,24.266],[89.2428,24.2755],[89.256,24.2734],[89.2794,24.3044],[89.2896,24.3033],[89.2906,24.3287],[89.3147,24.3382],[89.3195,24.3507],[89.3668,24.3539],[89.4015,24.336]]]}},{"type":"Feature","properties":{"unit_id":"BD5088","level":"district","name_en":"Sirajganj","name_bn":"সিরাজগঞ্জ","division":"Rajshahi","kiln_count":null,"kiln_share":null},"geometry":{"type":"Polygon","coordinates":[[[89.739,24.7624],[89.7456,24.7762],[89.7614,24.7682],[89.7745,24.7746],[89.7847,24.7599],[89.7795,24.7455],[89.7925,24.7388],[89.7756,24.7196],[89.795,24.7049],[89.7919,24.6883],[89.8009,24.682],[89.7855,24.6717],[89.788,24.6283],[89.7681,24.6247],[89.7671,24.6162],[89.7903,24.5755],[89.7697,24.5619],[89.7708,24.5413],[89.7487,24.5389],[89.7496,24.5214],[89.7367,24.519],[89.7594,24.5002],[89.7458,24.4551],[89.7575,24.4544],[89.7509,24.4277],[89.7763,24.395],[89.7648,24.3955],[89.7676,24.3763],[89.7535,24.3499],[89.7739,24.332],[89.7759,24.3053],[89.7927,24.2748],[89.7871,24.234],[89.8032,24.1741],[89.7834,24.1655],[89.8058,24.1611],[89.8229,24.142],[89.8263,24.0885],[89.8192,24.0667],[89.7831,24.0315],[89.722,24.0116],[89.7034,24.0198],[89.6938,24.0395],[89.6798,24.0364],[89.6828,24.0558],[89.6568,24.0758],[89.5798,24.1128],[89.5591,24.113],[89.5608,24.1273],[89.5325,24.1348],[89.5228,24.149],[89.5318,24.1545],[89.5274,24.1659],[89.5388,24.1673],[89.5191,24.1828],[89.5277,24.1931],[89.5121,24.1989],[89.5045,24.2157],[89.4904,24.2132],[89.4899,24.2017],[89.4697,24.2039],[89.4649,24.2227],[89.4733,24.2193],[89.4788,24.2283],[89.4459,24.2336],[89.4569,24.2361],[89.4635,24.2531],[89.4506,24.2701],[89.4391,24.2542],[89.4245,24.2515],[89.4301,24.2673],[89.421,24.2854],[89.423,24.32],[89.4006,24.3244],[89.4015,24.336],[89.3668,24.3539],[89.3207,24.3503],[89.284,24.3839],[89.2849,24.4251],[89.248,24.4327],[89.2749,24.4535],[89.2824,24.488],[89.3049,24.5022],[89.3422,24.5634],[89.4006,24.5512],[89.4242,24.5608],[89.4573,24.5425],[89.5044,24.5571],[89.5216,24.5518],[89.5193,24.5351],[89.5336,24.5475],[89.533,24.5631],[89.5457,24.5469],[89.5606,24.5547],[89.5703,24.5452],[89.6015,24.5606],[89.6046,24.6062],[89.5836,24.6208],[89.5491,24.6179],[89.5598,24.6269],[89.5548,24.6411],[89.5629,24.6505],[89.546,24.6533],[89.561,24.6917],[89.5546,24.7078],[89.5632,24.7111],[89.567,24.6957],[89.5951,24.7021],[89.6085,24.6864],[89.6257,24.6852],[89.6466,24.7012],[89.6377,24.7154],[89.6608,24.7273],[89.6559,24.7457],[89.6711,24.7481],[89.6775,24.7767],[89.7201,24.7805],[89.739,24.7624]]]}},{"type":"Feature","properties":{"unit_id":"BD5527","level":"district","name_en":"Dinajpur","name_bn":"দিনাজপুর","division":"Rangpur","kiln_count":null,"kiln_share":null},"geometry":{"type":"Polygon","coordinates":[[[88.6996,26.0164],[88.7006,26.0078],[88.7145,26.0065],[88.734,26.0183],[88.7461,25.9853],[88.749,25.9487],[88.7422,25.9422],[88.7542,25.9342],[88.7572,25.9416],[88.7765,25.9399],[88.7999,25.9267],[88.8019,25.9001],[88.8244,25.8587],[88.8254,25.8177],[88.8445,25.8105],[88.8521,25.7779],[88.8822,25.7736],[88.8925,25.7382],[88.9143,25.7384],[88.9017,25.7404],[88.9067,25.749],[88.9412,25.7361],[88.9278,25.7238],[88.9371,25.6865],[88.9609,25.6844],[88.9748,25.6709],[88.9735,25.6584],[88.9949,25.6579],[88.9934,25.6254],[89.0078,25.6182],[89.0123,25.6028],[89.0344,25.604],[89.0462,25.5825],[89.0761,25.5863],[89.1046,25.5668],[89.0928,25.5468],[89.1039,25.5357],[89.1049,25.511],[89.1136,25.5074],[89.1072,25.5097],[89.0998,25.492],[89.1137,25.4619],[89.1212,25.471],[89.1281,25.4609],[89.1145,25.4558],[89.1509,25.4271],[89.1486,25.4136],[89.1345,25.4146],[89.1634,25.4017],[89.1701,25.4074],[89.1873,25.3884],[89.2016,25.3962],[89.2165,25.3794],[89.2089,25.3693],[89.2239,25.3712],[89.2245,25.3636],[89.236,25.3723],[89.2346,25.3561],[89.2463,25.3548],[89.2398,25.3416],[89.2318,25.3495],[89.225,25.3327],[89.2476,25.3345],[89.2408,25.3184],[89.2554,25.3155],[89.2651,25.3242],[89.2603,25.3115],[89.2844,25.3052],[89.2563,25.2846],[89.2867,25.256],[89.3009,25.2232],[89.2707,25.2327],[89.2725,25.2249],[89.2438,25.2235],[89.2222,25.2351],[89.2005,25.2337],[89.1936,25.2454],[89.1778,25.236],[89.1559,25.2587],[89.1418,25.2587],[89.1445,25.2483],[89.1262,25.2553],[89.1212,25.2441],[89.1012,25.2406],[89.0706,25.27],[89.0604,25.2596],[89.031,25.2768],[89.0183,25.265],[89.008,25.2675],[89.0078,25.3027],[88.9968,25.2956],[88.9852,25.3056],[88.9396,25.3005],[88.9291,25.3047],[88.9287,25.317],[88.9159,25.3128],[88.9067,25.3379],[88.8881,25.3368],[88.8857,25.3257],[88.8672,25.3431],[88.8695,25.3527],[88.8408,25.3645],[88.8377,25.402],[88.8134,25.4105],[88.8302,25.4173],[88.8345,25.4316],[88.8259,25.4435],[88.8391,25.4589],[88.8295,25.4901],[88.8129,25.4902],[88.8102,25.5233],[88.7828,25.5153],[88.7589,25.5256],[88.7601,25.5107],[88.7711,25.5047],[88.7644,25.4943],[88.7397,25.4893],[88.7418,25.5051],[88.7075,25.4999],[88.71,25.4808],[88.6991,25.4713],[88.6633,25.4736],[88.6605,25.4819],[88.6464,25.478],[88.6473,25.4971],[88.623,25.497],[88.607,25.5087],[88.6091,25.5166],[88.5965,25.5061],[88.5567,25.5134],[88.5541,25.5212],[88.5396,25.5083],[88.5394,25.5346],[88.5273,25.5433],[88.5225,25.5353],[88.4937,25.5592],[88.4998,25.584],[88.4695,25.5835],[88.4574,25.5988],[88.4445,25.597],[88.4553,25.6286],[88.4541,25.6639],[88.4286,25.6693],[88.4292,25.6885],[88.44,25.6886],[88.4366,25.7091],[88.4237,25.7142],[88.4347,25.7181],[88.4253,25.723],[88.429,25.7291],[88.4133,25.7372],[88.4025,25.7291],[88.3923,25.7433],[88.3826,25.7935],[88.3906,25.8123],[88.3865,25.841],[88.398,25.8428],[88.409,25.8698],[88.4218,25.8564],[88.4212,25.8717],[88.4426,25.8724],[88.4529,25.8594],[88.4606,25.8744],[88.4694,25.8639],[88.4843,25.8669],[88.4846,25.8861],[88.475,25.8889],[88.4822,25.8889],[88.4795,25.9029],[88.5004,25.9063],[88.5081,25.9173],[88.4947,25.9291],[88.506,25.9274],[88.5068,25.9195],[88.5114,25.9428],[88.5366,25.9532],[88.5285,25.9898],[88.5443,25.9988],[88.5445,26.02],[88.5653,26.0248],[88.5535,26.0299],[88.5879,26.0212],[88.6089,26.0363],[88.6049,26.0522],[88.6182,26.0579],[88.6145,26.0639],[88.6686,26.0139],[88.6996,26.0164]]]}},{"type":"Feature","properties":{"unit_id":"BD5532","level":"district","name_en":"Gaibandha","name_bn":"গাইবান্ধা","division":"Rangpur","kiln_count":null,"kiln_share":null},"geometry":{"type":"Polygon","coordinates":[[[89.5526,25.6055],[89.5368,25.5995],[89.5405,25.5885],[89.5694,25.5826],[89.5896,25.5556],[89.6159,25.5657],[89.6642,25.5312],[89.6938,25.5272],[89.6788,25.5106],[89.6941,25.4907],[89.6676,25.4848],[89.681,25.464],[89.7034,25.4645],[89.6879,25.4224],[89.7003,25.4187],[89.6952,25.3977],[89.7011,25.39],[89.7361,25.3992],[89.7443,25.3891],[89.741,25.3709],[89.7188,25.354],[89.7567,25.2811],[89.7516,25.2517],[89.7402,25.2502],[89.7354,25.2337],[89.7002,25.2314],[89.6524,25.1438],[89.6504,25.1063],[89.6391,25.0901],[89.6534,25.0782],[89.6555,25.0467],[89.6429,25.0361],[89.6127,25.0495],[89.5668,25.0377],[89.5117,25.044],[89.4894,25.0622],[89.4639,25.0547],[89.4668,25.061],[89.4549,25.065],[89.4548,25.0555],[89.4515,25.0609],[89.4541,25.0749],[89.4269,25.0651],[89.4135,25.0816],[89.3997,25.0781],[89.404,25.0673],[89.3918,25.0664],[89.3914,25.0492],[89.3833,25.0619],[89.3634,25.0681],[89.3622,25.0888],[89.3334,25.1012],[89.3429,25.11],[89.3346,25.1223],[89.2976,25.1195],[89.2806,25.0919],[89.2514,25.1015],[89.23,25.1463],[89.2157,25.1476],[89.215,25.1676],[89.1845,25.1843],[89.1929,25.2147],[89.2162,25.2359],[89.2438,25.2235],[89.2725,25.2249],[89.2704,25.2327],[89.3022,25.2246],[89.2867,25.256],[89.2565,25.2853],[89.2731,25.2909],[89.2691,25.3001],[89.3429,25.305],[89.3439,25.3204],[89.3323,25.3223],[89.3471,25.3285],[89.3424,25.3656],[89.3794,25.4108],[89.3798,25.4466],[89.3917,25.4437],[89.407,25.4696],[89.4214,25.4647],[89.4452,25.4934],[89.4411,25.5127],[89.4497,25.5188],[89.436,25.5209],[89.4467,25.5311],[89.4394,25.5286],[89.4375,25.5385],[89.4209,25.5287],[89.4024,25.5347],[89.4108,25.54],[89.4026,25.5463],[89.414,25.5493],[89.4058,25.5504],[89.4126,25.5878],[89.4349,25.5925],[89.4435,25.5845],[89.47,25.5995],[89.4737,25.598],[89.4733,25.5921],[89.4852,25.5838],[89.4859,25.5784],[89.4946,25.5758],[89.4895,25.6032],[89.4997,25.6185],[89.5163,25.6193],[89.53,25.6438],[89.5535,25.6218],[89.5526,25.6055]]]}},{"type":"Feature","properties":{"unit_id":"BD5549","level":"district","name_en":"Kurigram","name_bn":"কুড়িগ্রাম","division":"Rangpur","kiln_count":null,"kiln_share":null},"geometry":{"type":"Polygon","coordinates":[[[89.6853,26.2195],[89.6789,26.2235],[89.6831,26.2084],[89.6913,26.2118],[89.685,26.2067],[89.676,26.2091],[89.6738,26.1999],[89.7015,26.1732],[89.6814,26.1637],[89.7007,26.1513],[89.7142,26.1685],[89.7195,26.1557],[89.7485,26.1564],[89.767,26.1303],[89.7569,26.1081],[89.7851,26.1046],[89.7819,26.0838],[89.7945,26.089],[89.7985,26.06],[89.7854,26.0576],[89.7886,26.0498],[89.774,26.038],[89.8015,26.0408],[89.7903,26.0185],[89.8087,26.0442],[89.8188,26.0263],[89.8208,25.9869],[89.8362,25.9827],[89.8348,26.0135],[89.8508,25.9898],[89.8707,25.9814],[89.8663,25.9714],[89.8382,25.968],[89.8495,25.949],[89.8295,25.9549],[89.8251,25.9452],[89.8867,25.9454],[89.8322,25.8704],[89.835,25.8409],[89.8168,25.8153],[89.8265,25.81],[89.841,25.7612],[89.828,25.7296],[89.8359,25.7151],[89.8511,25.7128],[89.847,25.6955],[89.8713,25.6622],[89.882,25.6273],[89.8663,25.5465],[89.8513,25.5385],[89.8601,25.5173],[89.8489,25.4924],[89.8518,25.4667],[89.8257,25.4153],[89.7644,25.4342],[89.7795,25.4121],[89.7769,25.3876],[89.7392,25.3745],[89.7444,25.3889],[89.737,25.3989],[89.7011,25.39],[89.6954,25.3973],[89.7003,25.4187],[89.6879,25.4224],[89.7034,25.4645],[89.681,25.464],[89.6677,25.4843],[89.6941,25.4907],[89.6788,25.5106],[89.6938,25.5272],[89.6642,25.5312],[89.6159,25.5657],[89.5896,25.5556],[89.5694,25.5826],[89.5399,25.5891],[89.537,25.5999],[89.5526,25.6055],[89.5522,25.6281],[89.5317,25.6436],[89.5311,25.6569],[89.5187,25.6463],[89.5146,25.7094],[89.5076,25.7207],[89.4915,25.7174],[89.485,25.729],[89.4977,25.7341],[89.4982,25.7519],[89.4804,25.7564],[89.4573,25.7874],[89.4587,25.8126],[89.4701,25.8118],[89.4694,25.8186],[89.4505,25.8183],[89.4782,25.8399],[89.4923,25.8145],[89.5193,25.8108],[89.5176,25.8253],[89.5296,25.8196],[89.536,25.8283],[89.5297,25.864],[89.5524,25.8602],[89.5547,25.8747],[89.5743,25.8807],[89.5748,25.8885],[89.5568,25.8836],[89.5328,25.8987],[89.5292,25.9146],[89.5175,25.9162],[89.509,25.9322],[89.5031,25.9707],[89.484,25.9618],[89.4754,25.9811],[89.4916,26.0063],[89.5198,26.0084],[89.5485,26.0],[89.5357,25.9888],[89.543,25.9685],[89.5579,25.9651],[89.5665,25.9798],[89.5684,25.9678],[89.5769,25.9683],[89.5765,25.9816],[89.5854,25.9755],[89.5776,26.025],[89.5869,26.0385],[89.5965,26.037],[89.5915,26.0446],[89.6116,26.0522],[89.6046,26.0634],[89.6186,26.0532],[89.6495,26.0637],[89.6332,26.0798],[89.6384,26.0899],[89.6297,26.1067],[89.6131,26.1029],[89.6169,26.0949],[89.6083,26.0879],[89.5935,26.1011],[89.5974,26.1126],[89.6147,26.1068],[89.6295,26.1182],[89.625,26.1284],[89.604,26.1171],[89.5915,26.1575],[89.6105,26.1553],[89.6188,26.1677],[89.6086,26.1804],[89.6233,26.179],[89.6235,26.1708],[89.6369,26.1785],[89.6317,26.1719],[89.6464,26.1641],[89.6586,26.1762],[89.6277,26.1833],[89.6299,26.1954],[89.6444,26.1845],[89.6498,26.1903],[89.6325,26.2103],[89.6345,26.229],[89.6718,26.2199],[89.6787,26.2377],[89.6892,26.2218],[89.6853,26.2195]]]}},{"type":"Feature","properties":{"unit_id":"BD5552","level":"district","name_en":"Lalmonirhat","name_bn":"লালমনিরহাট","division":"Rangpur","kiln_count":null,"kiln_share":null},"geometry":{"type":"MultiPolygon","coordinates":[[[[88.9808,26.4243],[88.9942,26.4118],[88.9989,26.4125],[88.9935,26.4223],[89.0032,26.4224],[89.0074,26.413],[89.0222,26.4138],[89.0197,26.4043],[89.0299,26.4071],[89.0338,26.3954],[89.0629,26.4011],[89.0741,26.3914],[89.0847,26.3982],[89.0813,26.3903],[89.0957,26.3914],[89.0797,26.363],[89.0983,26.3591],[89.101,26.3367],[89.0827,26.3225],[89.0916,26.3204],[89.0973,26.3291],[89.1127,26.3184],[89.1361,26.322],[89.1214,26.2868],[89.105,26.3161],[89.1002,26.2795],[89.1248,26.2636],[89.1204,26.2518],[89.1381,26.2475],[89.1305,26.2425],[89.1495,26.2086],[89.1342,26.182],[89.1568,26.1623],[89.1482,26.1581],[89.1548,26.1386],[89.1918,26.1232],[89.2291,26.1248],[89.2522,26.0921],[89.2671,26.093],[89.2549,26.0648],[89.2806,26.066],[89.2761,26.0495],[89.3004,26.0509],[89.3491,26.0109],[89.3932,26.0081],[89.3911,26.023],[89.4242,26.0475],[89.4342,26.0317],[89.4288,26.0128],[89.4798,25.9971],[89.4754,25.9722],[89.484,25.9618],[89.5031,25.9707],[89.5175,25.9162],[89.5292,25.9146],[89.5449,25.8885],[89.5755,25.8866],[89.5547,25.8747],[89.5524,25.8602],[89.5297,25.864],[89.5315,25.8203],[89.5176,25.8253],[89.5193,25.8108],[89.493,25.814],[89.4782,25.8399],[89.4514,25.8231],[89.4705,25.8131],[89.4587,25.8126],[89.4537,25.7891],[89.4286,25.7938],[89.4287,25.8003],[89.3861,25.8027],[89.37,25.8234],[89.3403,25.832],[89.3363,25.8506],[89.307,25.867],[89.2929,25.8902],[89.2808,25.8969],[89.2656,25.8907],[89.2363,25.9049],[89.2021,25.9459],[89.1515,25.9605],[89.124,25.9828],[89.0959,26.0354],[89.0925,26.0618],[89.1008,26.0774],[89.0903,26.1014],[89.0911,26.1161],[89.102,26.1207],[89.098,26.1466],[89.0773,26.1711],[89.042,26.1761],[89.0239,26.1959],[89.0392,26.2235],[89.0212,26.2459],[89.0506,26.2411],[89.0509,26.2549],[89.0625,26.2535],[89.0539,26.2769],[89.0622,26.2786],[89.0604,26.2907],[89.0461,26.2954],[89.0481,26.2799],[89.0401,26.2764],[89.0402,26.2854],[89.0202,26.2892],[89.0213,26.3089],[89.0181,26.2895],[89.0072,26.3049],[88.995,26.2901],[88.9968,26.2997],[88.9842,26.3003],[88.9823,26.3101],[88.9843,26.3178],[88.9959,26.313],[88.9909,26.3215],[89.0004,26.3292],[88.9849,26.3328],[88.9851,26.3495],[88.9611,26.3517],[88.9561,26.3296],[88.9583,26.343],[88.9459,26.3447],[88.9581,26.3611],[88.9501,26.3655],[88.9479,26.3551],[88.9369,26.356],[88.9109,26.3678],[88.9215,26.3769],[88.9089,26.3797],[88.9182,26.3998],[88.9048,26.4077],[88.9262,26.4062],[88.9316,26.4138],[88.9229,26.4222],[88.9333,26.4252],[88.9264,26.4313],[88.9448,26.4247],[88.9521,26.4336],[88.9468,26.4469],[88.9656,26.4508],[88.958,26.4582],[88.9836,26.4452],[88.9808,26.4243]]],[[[88.9362,26.3132],[88.952,26.3172],[88.9594,26.2952],[88.9826,26.301],[88.9806,26.2832],[88.9526,26.2754],[88.9259,26.2924],[88.919,26.3342],[88.94,26.3327],[88.9362,26.3132]]]]}},{"type":"Feature","properties":{"unit_id":"BD5573","level":"district","name_en":"Nilphamari","name_bn":"নীলফামারী","division":"Rangpur","kiln_count":null,"kiln_share":null},"geometry":{"type":"Polygon","coordinates":[[[88.8195,26.2953],[88.8103,26.2766],[88.8134,26.255],[88.8424,26.2302],[88.8775,26.2332],[88.8614,26.2522],[88.861,26.2729],[88.8832,26.2876],[88.9255,26.2837],[88.9567,26.2407],[89.0214,26.2443],[89.0392,26.2235],[89.0239,26.1959],[89.042,26.1761],[89.0773,26.1711],[89.098,26.1466],[89.102,26.1207],[89.0911,26.1161],[89.0903,26.1014],[89.1008,26.0774],[89.0925,26.0618],[89.0959,26.0354],[89.1135,25.9973],[89.1432,25.9671],[89.1105,25.9679],[89.0945,25.9374],[89.1049,25.9359],[89.0987,25.9075],[89.1166,25.882],[89.1041,25.8755],[89.102,25.8516],[89.0888,25.8461],[89.0904,25.8287],[89.0614,25.8362],[89.0427,25.8153],[89.0124,25.8204],[88.9847,25.8088],[88.9425,25.8081],[88.9607,25.7851],[88.9389,25.7647],[88.9544,25.7476],[88.9408,25.7359],[88.9067,25.749],[88.9017,25.7404],[88.9143,25.7384],[88.8925,25.7382],[88.8822,25.7736],[88.8521,25.7779],[88.8445,25.8105],[88.8254,25.8177],[88.8244,25.8587],[88.8019,25.9001],[88.7999,25.9267],[88.7765,25.9399],[88.7572,25.9416],[88.7542,25.9342],[88.7419,25.9432],[88.749,25.9487],[88.7461,25.9853],[88.735,26.013],[88.7443,26.0266],[88.7594,26.0252],[88.7574,26.0385],[88.7798,26.0645],[88.7588,26.0847],[88.7902,26.125],[88.7762,26.18],[88.7933,26.1883],[88.7972,26.2031],[88.7871,26.2312],[88.7627,26.2361],[88.76,26.298],[88.7943,26.3106],[88.8195,26.2953]]]}},{"type":"Feature","properties":{"unit_id":"BD5577","level":"district","name_en":"Panchagarh","name_bn":"পঞ্চগড়","division":"Rangpur","kiln_count":null,"kiln_share":null},"geometry":{"type":"Polygon","coordinates":[[[88.4214,26.5696],[88.4339,26.5468],[88.4486,26.5355],[88.4595,26.5475],[88.4842,26.5417],[88.4897,26.5105],[88.521,26.51],[88.5265,26.4811],[88.556,26.4853],[88.5591,26.4577],[88.5918,26.45],[88.5952,26.4709],[88.6224,26.471],[88.6234,26.435],[88.6494,26.43],[88.6447,26.419],[88.668,26.4076],[88.6855,26.4138],[88.687,26.4017],[88.6701,26.3976],[88.7019,26.3886],[88.6808,26.3804],[88.7041,26.333],[88.7329,26.3549],[88.7493,26.3547],[88.7612,26.3353],[88.7625,26.2365],[88.7871,26.2312],[88.7972,26.2031],[88.7933,26.1883],[88.7762,26.18],[88.7903,26.1255],[88.7588,26.0847],[88.7799,26.0654],[88.7574,26.0385],[88.7593,26.0251],[88.7443,26.0266],[88.7145,26.0065],[88.7006,26.0078],[88.6996,26.0164],[88.6643,26.0164],[88.6248,26.0572],[88.6412,26.0852],[88.618,26.1298],[88.5725,26.1524],[88.5607,26.174],[88.544,26.1808],[88.547,26.1885],[88.5217,26.1795],[88.5171,26.2004],[88.479,26.2039],[88.4623,26.1918],[88.4084,26.2037],[88.4135,26.1968],[88.4045,26.1944],[88.3845,26.2005],[88.382,26.1812],[88.3691,26.1775],[88.3436,26.1894],[88.3293,26.185],[88.3335,26.1912],[88.32,26.2031],[88.3534,26.2256],[88.3596,26.2419],[88.3477,26.25],[88.3491,26.2822],[88.3626,26.2993],[88.3844,26.3139],[88.4146,26.3157],[88.4038,26.3298],[88.4354,26.3364],[88.4576,26.3768],[88.4624,26.3581],[88.4828,26.3496],[88.4913,26.3513],[88.4881,26.3602],[88.5058,26.3636],[88.5047,26.3487],[88.523,26.3609],[88.515,26.3655],[88.5242,26.3756],[88.5126,26.3775],[88.5188,26.3902],[88.5045,26.3985],[88.5096,26.4064],[88.4947,26.4092],[88.5019,26.4175],[88.4937,26.4169],[88.4969,26.4261],[88.4883,26.4302],[88.4958,26.4353],[88.478,26.4518],[88.4846,26.4603],[88.4283,26.473],[88.42,26.4656],[88.404,26.4861],[88.3886,26.4786],[88.3729,26.489],[88.3606,26.4837],[88.3647,26.47],[88.3541,26.4459],[88.332,26.482],[88.3714,26.5613],[88.3769,26.5957],[88.3985,26.603],[88.3883,26.6127],[88.415,26.632],[88.4214,26.5696]]]}},{"type":"Feature","properties":{"unit_id":"BD5585","level":"district","name_en":"Rangpur","name_bn":"রংপুর","division":"Rangpur","kiln_count":null,"kiln_share":null},"geometry":{"type":"Polygon","coordinates":[[[89.2361,25.905],[89.2659,25.8906],[89.283,25.8967],[89.307,25.867],[89.3363,25.8506],[89.3403,25.832],[89.37,25.8234],[89.3861,25.8027],[89.4625,25.7891],[89.4804,25.7564],[89.4982,25.7519],[89.4977,25.7341],[89.485,25.729],[89.4915,25.7174],[89.5076,25.7207],[89.5146,25.7094],[89.5189,25.646],[89.5331,25.6551],[89.521,25.6235],[89.5012,25.6199],[89.4897,25.6039],[89.4946,25.5758],[89.47,25.5995],[89.4435,25.5845],[89.4349,25.5925],[89.4126,25.5878],[89.4058,25.5504],[89.414,25.5493],[89.4026,25.5463],[89.4108,25.54],[89.4024,25.5347],[89.4209,25.5287],[89.4375,25.5385],[89.4394,25.5286],[89.4467,25.5311],[89.436,25.5209],[89.4497,25.5188],[89.4411,25.5127],[89.4452,25.4934],[89.4214,25.4647],[89.407,25.4696],[89.3917,25.4437],[89.3798,25.4466],[89.3794,25.4108],[89.3424,25.3656],[89.3471,25.3285],[89.3323,25.3223],[89.3471,25.3105],[89.3345,25.3015],[89.2838,25.301],[89.2603,25.3115],[89.2648,25.3243],[89.2554,25.3155],[89.2408,25.3184],[89.248,25.3341],[89.2247,25.3347],[89.2318,25.3495],[89.2398,25.3416],[89.2463,25.3548],[89.2346,25.3561],[89.2355,25.3727],[89.2245,25.3636],[89.2239,25.3712],[89.2089,25.3693],[89.2165,25.3794],[89.2016,25.3962],[89.1873,25.3884],[89.1701,25.4074],[89.1634,25.4017],[89.1359,25.4124],[89.1486,25.4136],[89.1509,25.4271],[89.1145,25.4558],[89.1281,25.4609],[89.1212,25.471],[89.1137,25.4619],[89.0998,25.492],[89.1072,25.5097],[89.1136,25.5074],[89.1096,25.5126],[89.1049,25.511],[89.1039,25.5357],[89.0928,25.5468],[89.1046,25.5668],[89.0761,25.5863],[89.0462,25.5825],[89.0344,25.604],[89.0123,25.6028],[89.0078,25.6182],[88.9934,25.6254],[88.9949,25.6579],[88.9735,25.6584],[88.9748,25.6709],[88.9609,25.6844],[88.9372,25.6863],[88.9294,25.7087],[88.9278,25.7238],[88.943,25.7305],[88.943,25.7425],[88.9538,25.7402],[88.9389,25.7647],[88.9607,25.7851],[88.9425,25.8081],[88.9847,25.8088],[89.0124,25.8204],[89.0427,25.8153],[89.0614,25.8362],[89.0917,25.8295],[89.0888,25.8461],[89.102,25.8516],[89.0977,25.8618],[89.1179,25.8864],[89.1008,25.8996],[89.1049,25.9359],[89.0945,25.9374],[89.1085,25.9663],[89.1843,25.9567],[89.2361,25.905]]]}},{"type":"Feature","properties":{"unit_id":"BD5594","level":"district","name_en":"Thakurgaon","name_bn":"ঠাকুরগাঁও","division":"Rangpur","kiln_count":null,"kiln_share":null},"geometry":{"type":"Polygon","coordinates":[[[88.3335,26.1912],[88.3293,26.185],[88.3436,26.1894],[88.3686,26.1775],[88.382,26.1812],[88.3845,26.2005],[88.4045,26.1944],[88.4152,26.2033],[88.4623,26.1918],[88.479,26.2039],[88.5171,26.2004],[88.5217,26.1795],[88.547,26.1885],[88.544,26.1808],[88.5607,26.174],[88.5725,26.1524],[88.6176,26.1301],[88.6404,26.0911],[88.6364,26.0716],[88.6248,26.0572],[88.6142,26.0636],[88.6182,26.0579],[88.6049,26.0522],[88.6089,26.0363],[88.5921,26.0233],[88.5531,26.0299],[88.5653,26.0248],[88.5445,26.02],[88.5443,25.9988],[88.5285,25.9898],[88.5366,25.9532],[88.5114,25.9428],[88.5068,25.9195],[88.4947,25.9291],[88.5081,25.9173],[88.5004,25.9063],[88.4795,25.9029],[88.4822,25.8889],[88.475,25.8889],[88.4846,25.8861],[88.4843,25.8669],[88.4694,25.8639],[88.4606,25.8744],[88.4529,25.8594],[88.4426,25.8724],[88.4212,25.8717],[88.4218,25.8564],[88.409,25.8698],[88.398,25.8428],[88.3865,25.841],[88.3888,25.7542],[88.4021,25.7293],[88.4133,25.7372],[88.4347,25.7184],[88.4236,25.7146],[88.4366,25.7091],[88.44,25.6886],[88.4292,25.6885],[88.4286,25.6693],[88.4017,25.6724],[88.4038,25.6853],[88.3713,25.6968],[88.3744,25.7172],[88.3378,25.7378],[88.3209,25.7377],[88.3167,25.7527],[88.2684,25.7807],[88.2708,25.804],[88.2604,25.8131],[88.2355,25.8085],[88.2302,25.797],[88.215,25.801],[88.2083,25.7877],[88.1838,25.8018],[88.1468,25.7763],[88.1444,25.7937],[88.1146,25.7982],[88.12,25.8123],[88.1073,25.8148],[88.1112,25.8217],[88.1007,25.8291],[88.1083,25.8372],[88.1011,25.8436],[88.1139,25.8535],[88.1107,25.8683],[88.103,25.8612],[88.0937,25.8741],[88.1028,25.8892],[88.0904,25.8961],[88.0936,25.9112],[88.0857,25.9167],[88.1222,25.9482],[88.115,25.9626],[88.124,25.9663],[88.1297,25.9969],[88.1438,26.0009],[88.1389,26.0127],[88.1824,26.0266],[88.1711,26.0313],[88.1691,26.045],[88.179,26.0463],[88.1834,26.072],[88.1683,26.0831],[88.1604,26.0775],[88.1582,26.0949],[88.1783,26.1231],[88.1777,26.1483],[88.1961,26.1523],[88.1963,26.1632],[88.2277,26.1682],[88.2426,26.1887],[88.2694,26.1866],[88.2917,26.2025],[88.3188,26.2036],[88.3335,26.1912]]]}},{"type":"Feature","properties":{"unit_id":"BD6036","level":"district","name_en":"Habiganj","name_bn":"হবিগঞ্জ","division":"Sylhet","kiln_count":null,"kiln_share":null},"geometry":{"type":"Polygon","coordinates":[[[91.3988,24.6735],[91.4278,24.6818],[91.4441,24.6517],[91.4509,24.6675],[91.465,24.671],[91.4655,24.6621],[91.4783,24.6739],[91.4853,24.6691],[91.4843,24.6767],[91.529,24.6654],[91.5326,24.6516],[91.5453,24.6713],[91.571,24.6472],[91.5716,24.6618],[91.562,24.6661],[91.5744,24.6772],[91.5809,24.6627],[91.6062,24.6748],[91.6227,24.6571],[91.6265,24.6733],[91.6576,24.6819],[91.6392,24.6585],[91.6695,24.6084],[91.664,24.5912],[91.6342,24.5939],[91.6347,24.5867],[91.6238,24.6014],[91.6093,24.5863],[91.6287,24.5895],[91.627,24.5784],[91.647,24.5668],[91.645,24.5566],[91.6577,24.5468],[91.638,24.5442],[91.6375,24.5192],[91.6224,24.5161],[91.6101,24.4425],[91.619,24.4181],[91.6002,24.4155],[91.6018,24.3638],[91.6234,24.3647],[91.6292,24.3365],[91.6284,24.3084],[91.612,24.2847],[91.6208,24.2675],[91.6191,24.233],[91.6476,24.1892],[91.6482,24.1554],[91.636,24.1366],[91.6394,24.1023],[91.6126,24.0905],[91.5966,24.0953],[91.5996,24.0827],[91.587,24.0715],[91.5757,24.0788],[91.5466,24.0735],[91.474,24.1],[91.4434,24.0958],[91.4291,24.1079],[91.3746,24.1076],[91.3773,24.0792],[91.3966,24.0425],[91.373,24.0021],[91.3802,23.9825],[91.3742,23.9747],[91.3616,23.9856],[91.3413,23.9816],[91.2961,24.0007],[91.3127,24.0412],[91.3042,24.0573],[91.2856,24.0608],[91.2927,24.0945],[91.268,24.0947],[91.2695,24.1128],[91.2935,24.1195],[91.2711,24.1247],[91.271,24.1429],[91.2619,24.1434],[91.2685,24.1597],[91.2757,24.1585],[91.2774,24.1827],[91.3151,24.1891],[91.3132,24.2053],[91.2864,24.1965],[91.275,24.2049],[91.2853,24.2192],[91.2976,24.2144],[91.3008,24.2248],[91.324,24.2311],[91.3254,24.2622],[91.3025,24.2669],[91.285,24.2454],[91.2874,24.2256],[91.2686,24.2242],[91.1961,24.2403],[91.1753,24.2655],[91.1953,24.2799],[91.1976,24.2934],[91.1584,24.2826],[91.1747,24.3207],[91.2385,24.3195],[91.2352,24.337],[91.2134,24.3601],[91.2566,24.3808],[91.2389,24.408],[91.2202,24.4114],[91.2147,24.4036],[91.2175,24.4333],[91.2434,24.4281],[91.2335,24.4723],[91.2176,24.4843],[91.2205,24.4744],[91.2078,24.4798],[91.1908,24.4641],[91.1848,24.4703],[91.1938,24.4801],[91.1507,24.4798],[91.17,24.5001],[91.182,24.4937],[91.2082,24.5178],[91.2275,24.5648],[91.2684,24.5843],[91.2742,24.609],[91.2953,24.6001],[91.2978,24.621],[91.308,24.6263],[91.304,24.6572],[91.3148,24.6481],[91.343,24.6754],[91.3478,24.6694],[91.3618,24.6775],[91.3519,24.6921],[91.3718,24.6895],[91.3781,24.6981],[91.3905,24.6758],[91.3988,24.6735]]]}},{"type":"Feature","properties":{"unit_id":"BD6058","level":"district","name_en":"Moulvibazar","name_bn":"মৌলভীবাজার","division":"Sylhet","kiln_count":null,"kiln_share":null},"geometry":{"type":"Polygon","coordinates":[[[92.2735,24.7996],[92.2894,24.7851],[92.2801,24.7458],[92.2963,24.7367],[92.2465,24.6562],[92.2294,24.5008],[92.2021,24.5074],[92.1679,24.532],[92.1579,24.529],[92.1514,24.4899],[92.1677,24.427],[92.1639,24.4204],[92.1363,24.4258],[92.1219,24.3834],[92.1021,24.3835],[92.0906,24.373],[92.0439,24.3762],[92.023,24.387],[92.0071,24.3825],[91.9967,24.3943],[91.9857,24.3775],[91.9661,24.3801],[91.9963,24.3396],[91.9958,24.3233],[91.9822,24.3248],[91.9563,24.3567],[91.9197,24.3376],[91.94,24.2696],[91.9057,24.1397],[91.8843,24.1392],[91.8737,24.1746],[91.8482,24.1862],[91.8428,24.2018],[91.8554,24.2126],[91.8453,24.2263],[91.8204,24.2105],[91.7461,24.2473],[91.7592,24.1416],[91.7274,24.1439],[91.7035,24.1632],[91.6857,24.1653],[91.6664,24.2328],[91.6489,24.219],[91.6597,24.1896],[91.6558,24.1761],[91.6474,24.1783],[91.6142,24.2487],[91.6211,24.2647],[91.6122,24.2862],[91.6284,24.3084],[91.6292,24.3365],[91.6234,24.3647],[91.6018,24.3638],[91.6002,24.4155],[91.619,24.4181],[91.6101,24.4425],[91.6224,24.5161],[91.6375,24.5192],[91.638,24.5442],[91.6577,24.5468],[91.645,24.5566],[91.647,24.5668],[91.627,24.5784],[91.6287,24.5895],[91.6133,24.5825],[91.6119,24.5922],[91.6238,24.6014],[91.6347,24.5867],[91.6342,24.5939],[91.664,24.5912],[91.6696,24.6097],[91.6612,24.6275],[91.6707,24.6337],[91.682,24.6275],[91.6839,24.6103],[91.729,24.5954],[91.7515,24.6001],[91.7728,24.6267],[91.7832,24.6275],[91.7862,24.6433],[91.8009,24.6373],[91.8316,24.6543],[91.8475,24.6454],[91.8831,24.6585],[91.891,24.646],[91.9021,24.6507],[91.9046,24.6644],[91.9221,24.6538],[91.9324,24.6627],[91.9739,24.6376],[91.9964,24.654],[92.0291,24.6518],[92.0363,24.6884],[92.0262,24.6979],[92.0393,24.7071],[92.0494,24.6969],[92.0581,24.7194],[92.0802,24.7234],[92.077,24.7692],[92.102,24.7564],[92.1149,24.766],[92.1266,24.7604],[92.174,24.7735],[92.1923,24.7678],[92.198,24.806],[92.243,24.8186],[92.2378,24.8311],[92.2509,24.8361],[92.2736,24.8274],[92.2735,24.7996]]]}},{"type":"Feature","properties":{"unit_id":"BD6090","level":"district","name_en":"Sunamganj","name_bn":"সুনামগঞ্জ","division":"Sylhet","kiln_count":null,"kiln_share":null},"geometry":{"type":"Polygon","coordinates":[[[91.2931,25.1834],[91.3537,25.1716],[91.3637,25.1777],[91.3983,25.1646],[91.4142,25.1704],[91.4407,25.1498],[91.4691,25.1515],[91.4643,25.1356],[91.4713,25.1338],[91.5002,25.1358],[91.509,25.1474],[91.5558,25.1495],[91.563,25.1606],[91.576,25.1597],[91.5772,25.1721],[91.6104,25.1771],[91.6155,25.1706],[91.6041,25.1675],[91.6014,25.1441],[91.621,25.1436],[91.6272,25.1256],[91.6918,25.1373],[91.7015,25.1504],[91.7178,25.129],[91.727,25.1294],[91.7182,25.093],[91.7342,25.0694],[91.6876,25.0612],[91.6854,25.0441],[91.6695,25.0413],[91.6802,25.0266],[91.6663,25.0225],[91.696,25.0],[91.6641,25.0012],[91.7018,24.9851],[91.6969,24.9778],[91.7108,24.9688],[91.7025,24.9526],[91.7121,24.9492],[91.6876,24.9395],[91.6868,24.918],[91.6954,24.9096],[91.6825,24.9074],[91.6953,24.9055],[91.679,24.8946],[91.6862,24.8823],[91.6976,24.8825],[91.6968,24.8708],[91.6864,24.8646],[91.6761,24.8758],[91.6757,24.8608],[91.6561,24.8507],[91.6637,24.8418],[91.6603,24.8285],[91.6566,24.8392],[91.6591,24.8119],[91.6713,24.8112],[91.673,24.7895],[91.653,24.7958],[91.6338,24.7825],[91.6709,24.7696],[91.6722,24.7501],[91.6576,24.7429],[91.6747,24.7254],[91.6514,24.7181],[91.6608,24.7018],[91.6433,24.7007],[91.6426,24.6937],[91.6546,24.6977],[91.6501,24.6795],[91.6265,24.6733],[91.6252,24.6577],[91.6062,24.6748],[91.5809,24.6627],[91.5744,24.6772],[91.562,24.6661],[91.5716,24.6618],[91.5717,24.6474],[91.545,24.6714],[91.5326,24.6516],[91.529,24.6654],[91.4843,24.6767],[91.4853,24.6691],[91.4783,24.6739],[91.4655,24.6621],[91.465,24.671],[91.4509,24.6675],[91.4441,24.6517],[91.4278,24.6818],[91.3908,24.6754],[91.3921,24.688],[91.3764,24.6981],[91.3718,24.6895],[91.3495,24.6911],[91.3618,24.6775],[91.3478,24.6694],[91.343,24.6754],[91.3157,24.6484],[91.304,24.6572],[91.308,24.6263],[91.2978,24.621],[91.2946,24.5995],[91.2748,24.6094],[91.2684,24.5843],[91.2572,24.5785],[91.2341,24.5702],[91.2068,24.5783],[91.1975,24.5903],[91.2053,24.5955],[91.2011,24.6099],[91.18,24.6172],[91.1776,24.6312],[91.1956,24.6254],[91.2102,24.6541],[91.2274,24.6539],[91.2337,24.6698],[91.2237,24.679],[91.2388,24.678],[91.2425,24.694],[91.2212,24.7022],[91.2259,24.7289],[91.2079,24.7122],[91.1771,24.7296],[91.163,24.7188],[91.1422,24.7268],[91.1521,24.7331],[91.147,24.7486],[91.1571,24.743],[91.1606,24.7493],[91.137,24.7601],[91.1606,24.7661],[91.1712,24.7807],[91.1603,24.7943],[91.1721,24.8091],[91.1706,24.8288],[91.1528,24.8403],[91.1427,24.8267],[91.1527,24.8117],[91.1307,24.7939],[91.1132,24.8182],[91.1297,24.8423],[91.103,24.8655],[91.101,24.8869],[91.0448,24.9081],[91.0274,24.8828],[91.0148,24.8976],[90.9985,24.8914],[90.9941,24.9138],[90.9565,24.9146],[90.9571,24.9382],[90.9504,24.9397],[90.9632,24.9412],[90.9732,24.9588],[90.9441,24.9755],[90.9482,25.0048],[90.9349,25.0213],[90.9647,25.0346],[90.9313,25.0425],[90.9362,25.0654],[90.929,25.0772],[90.9737,25.0723],[90.9715,25.0945],[90.948,25.1116],[90.9576,25.1277],[90.9515,25.1494],[90.9685,25.1622],[90.9625,25.172],[91.0733,25.1983],[91.2505,25.1951],[91.2702,25.2041],[91.2931,25.1834]]]}},{"type":"Feature","properties":{"unit_id":"BD6091","level":"district","name_en":"Sylhet","name_bn":"সিলেট","division":"Sylhet","kiln_count":null,"kiln_share":null},"geometry":{"type":"Polygon","coordinates":[[[92.0263,25.1791],[92.0624,25.187],[92.105,25.1759],[92.1396,25.1547],[92.1344,25.1434],[92.1457,25.1397],[92.1366,25.1389],[92.1657,25.1358],[92.1589,25.133],[92.164,25.1242],[92.1721,25.1286],[92.1832,25.118],[92.1894,25.1363],[92.1946,25.1257],[92.2213,25.1167],[92.2004,25.1199],[92.1966,25.1079],[92.3006,25.0713],[92.3464,25.0746],[92.3395,25.0499],[92.4251,25.0289],[92.42,24.9674],[92.4591,24.9707],[92.4682,24.9637],[92.4513,24.952],[92.4492,24.9389],[92.4876,24.9475],[92.484,24.9301],[92.4971,24.9018],[92.4928,24.8757],[92.4753,24.8684],[92.4443,24.8724],[92.4375,24.8568],[92.4057,24.8591],[92.3992,24.8497],[92.3855,24.8521],[92.375,24.872],[92.3619,24.8725],[92.3488,24.8892],[92.3386,24.8782],[92.3004,24.9146],[92.273,24.9051],[92.2469,24.9088],[92.2328,24.9007],[92.2477,24.8823],[92.2464,24.867],[92.2354,24.8613],[92.243,24.8403],[92.255,24.8381],[92.2378,24.8311],[92.244,24.8194],[92.198,24.806],[92.1923,24.7678],[92.174,24.7735],[92.1266,24.7604],[92.1149,24.766],[92.102,24.7564],[92.077,24.7692],[92.0765,24.7686],[92.0792,24.7659],[92.0773,24.7493],[92.0842,24.748],[92.0802,24.7234],[92.0581,24.7194],[92.0494,24.6969],[92.0393,24.7071],[92.0262,24.6979],[92.0363,24.6884],[92.0291,24.6518],[91.9964,24.654],[91.9739,24.6376],[91.9324,24.6627],[91.9221,24.6538],[91.9046,24.6644],[91.9021,24.6507],[91.891,24.646],[91.8831,24.6585],[91.8475,24.6454],[91.8316,24.6543],[91.8009,24.6373],[91.7862,24.6433],[91.7832,24.6275],[91.7728,24.6267],[91.7515,24.6001],[91.729,24.5954],[91.6839,24.6103],[91.6767,24.6343],[91.6522,24.6293],[91.6392,24.6585],[91.6588,24.6802],[91.6501,24.6795],[91.6546,24.6977],[91.6426,24.6937],[91.6433,24.7007],[91.6608,24.7018],[91.6513,24.7172],[91.6581,24.7244],[91.6716,24.72],[91.6576,24.7429],[91.6763,24.759],[91.6638,24.7737],[91.6472,24.7723],[91.6472,24.7829],[91.6338,24.7825],[91.653,24.7958],[91.673,24.7895],[91.6713,24.8112],[91.6591,24.8119],[91.6566,24.8392],[91.6603,24.8285],[91.6637,24.8418],[91.6561,24.8507],[91.6757,24.8608],[91.6761,24.8758],[91.6864,24.8646],[91.6968,24.8708],[91.6976,24.8825],[91.6862,24.8823],[91.679,24.8946],[91.6953,24.9055],[91.6825,24.9074],[91.6954,24.9096],[91.6868,24.918],[91.6876,24.9395],[91.7121,24.9492],[91.7025,24.9526],[91.7108,24.9688],[91.6969,24.9778],[91.7018,24.9851],[91.6641,25.0012],[91.696,25.0],[91.6663,25.0225],[91.6802,25.0266],[91.6695,25.0413],[91.6854,25.0441],[91.6876,25.0612],[91.7346,25.0703],[91.7182,25.093],[91.7272,25.1291],[91.7178,25.129],[91.7016,25.1568],[91.747,25.14],[91.7445,25.17],[91.7557,25.1774],[91.775,25.1634],[91.8276,25.1779],[91.8806,25.1734],[91.9156,25.1818],[91.9817,25.1723],[92.0169,25.1865],[92.0263,25.1791]]]}}]}