{"type":"FeatureCollection","features":[{"type":"Feature","properties":{"unit_id":"BD20030004","level":"upazila","name_en":"Alikadam","name_bn":"Alikadam","division":"Chattogram"},"geometry":{"type":"Polygon","coordinates":[[[92.5171,21.5559],[92.5198,21.5458],[92.512,21.5276],[92.5153,21.4945],[92.5512,21.4057],[92.545,21.3815],[92.5251,21.3715],[92.5068,21.3775],[92.5092,21.3617],[92.4974,21.3515],[92.4848,21.3575],[92.4741,21.3544],[92.4576,21.3692],[92.4394,21.3654],[92.4302,21.3734],[92.4265,21.4322],[92.3817,21.4792],[92.3797,21.4959],[92.3721,21.5037],[92.3747,21.513],[92.3391,21.5783],[92.3133,21.6017],[92.2621,21.6157],[92.2375,21.686],[92.2622,21.7096],[92.2887,21.7608],[92.3139,21.7761],[92.3374,21.8084],[92.3734,21.8324],[92.3988,21.7994],[92.4175,21.7517],[92.4344,21.7281],[92.4402,21.6906],[92.4777,21.6628],[92.4933,21.6274],[92.4896,21.5803],[92.5171,21.5559]]]}},{"type":"Feature","properties":{"unit_id":"BD20030014","level":"upazila","name_en":"Bandarban Sadar","name_bn":"Bandarban Sadar","division":"Chattogram"},"geometry":{"type":"Polygon","coordinates":[[[92.2023,22.3431],[92.2165,22.3106],[92.2824,22.3431],[92.286,22.3349],[92.2877,22.27],[92.2922,22.2743],[92.3051,22.2631],[92.297,22.2349],[92.3233,22.2148],[92.3276,22.1865],[92.317,22.1764],[92.2946,22.1745],[92.2653,22.2013],[92.223,22.1599],[92.2509,22.1249],[92.286,22.0639],[92.3285,21.9435],[92.2687,21.9464],[92.2421,21.9812],[92.2124,21.9813],[92.2033,21.9888],[92.2049,22.0003],[92.2179,22.0057],[92.2022,22.0084],[92.2036,22.0176],[92.1939,22.024],[92.1838,22.028],[92.1784,22.0239],[92.171,22.0397],[92.1626,22.043],[92.1783,22.065],[92.1546,22.07],[92.1638,22.0854],[92.1418,22.0923],[92.157,22.0959],[92.1734,22.1123],[92.1605,22.1289],[92.1717,22.1411],[92.1709,22.1468],[92.1629,22.1477],[92.1637,22.1591],[92.1576,22.1658],[92.1654,22.1842],[92.1535,22.1941],[92.1459,22.2113],[92.1504,22.2209],[92.1399,22.2346],[92.1442,22.2562],[92.1367,22.2715],[92.1506,22.2958],[92.1539,22.3108],[92.1495,22.3174],[92.1575,22.3319],[92.1468,22.3417],[92.1487,22.3494],[92.194,22.3489],[92.2023,22.3431]]]}},{"type":"Feature","properties":{"unit_id":"BD20030051","level":"upazila","name_en":"Lama","name_bn":"Lama","division":"Chattogram"},"geometry":{"type":"Polygon","coordinates":[[[92.2687,21.9464],[92.3285,21.9435],[92.3432,21.8795],[92.3736,21.8319],[92.3374,21.8084],[92.3139,21.7761],[92.2887,21.7608],[92.2622,21.7096],[92.2375,21.686],[92.2531,21.6427],[92.2212,21.6225],[92.2145,21.6377],[92.2005,21.634],[92.1905,21.6402],[92.1665,21.6247],[92.1492,21.6256],[92.1345,21.6184],[92.099,21.6377],[92.1158,21.6464],[92.1017,21.6525],[92.1136,21.6642],[92.1022,21.6677],[92.1034,21.6797],[92.0943,21.6833],[92.1054,21.6913],[92.1074,21.7021],[92.1159,21.7023],[92.1091,21.7166],[92.1208,21.7185],[92.1127,21.7376],[92.1563,21.7349],[92.1539,21.7457],[92.1626,21.7685],[92.1767,21.7785],[92.1767,21.7861],[92.1823,21.7881],[92.1831,21.7768],[92.1903,21.7735],[92.1937,21.7747],[92.1964,21.786],[92.2128,21.7879],[92.2055,21.816],[92.1979,21.8241],[92.1875,21.8178],[92.1808,21.8323],[92.1849,21.8315],[92.1858,21.8433],[92.1812,21.8447],[92.1708,21.842],[92.1694,21.8347],[92.1916,21.7908],[92.1913,21.7753],[92.1848,21.7778],[92.185,21.7871],[92.1805,21.7906],[92.1645,21.7731],[92.1458,21.7757],[92.1339,21.7943],[92.1096,21.7884],[92.1037,21.804],[92.083,21.8053],[92.0794,21.8211],[92.0931,21.8373],[92.0853,21.8553],[92.0874,21.8735],[92.0849,21.886],[92.0622,21.9028],[92.063,21.9107],[92.0751,21.9227],[92.099,21.9216],[92.1173,21.9338],[92.1113,21.9172],[92.1293,21.9018],[92.1749,21.9109],[92.1606,21.9448],[92.1732,21.947],[92.1762,21.9417],[92.197,21.9517],[92.197,21.9632],[92.2159,21.9737],[92.2118,21.9818],[92.2431,21.9805],[92.2687,21.9464]]]}},{"type":"Feature","properties":{"unit_id":"BD20030073","level":"upazila","name_en":"Naikkhongchhari","name_bn":"Naikkhongchhari","division":"Chattogram"},"geometry":{"type":"Polygon","coordinates":[[[92.2675,21.6127],[92.3133,21.6017],[92.3337,21.5851],[92.3744,21.5137],[92.3721,21.5037],[92.3836,21.4852],[92.3817,21.4792],[92.3668,21.4796],[92.3521,21.4622],[92.3435,21.4671],[92.3371,21.4359],[92.3268,21.4315],[92.3295,21.4192],[92.3109,21.417],[92.3016,21.4238],[92.2973,21.4191],[92.2916,21.431],[92.2692,21.4277],[92.2635,21.4087],[92.2696,21.4],[92.2538,21.3854],[92.2586,21.3634],[92.2312,21.3491],[92.2243,21.3519],[92.1974,21.3284],[92.1984,21.3095],[92.2175,21.2782],[92.2199,21.2575],[92.212,21.2481],[92.2207,21.2336],[92.2003,21.2008],[92.1764,21.1835],[92.1694,21.1901],[92.1736,21.1979],[92.1648,21.2151],[92.1916,21.266],[92.1798,21.2693],[92.1695,21.2975],[92.1574,21.3101],[92.1278,21.4028],[92.1443,21.4007],[92.1564,21.4122],[92.1552,21.4238],[92.1627,21.4326],[92.1872,21.4259],[92.2017,21.3892],[92.2189,21.3983],[92.2409,21.395],[92.2474,21.4051],[92.2375,21.4115],[92.2411,21.4227],[92.2328,21.4263],[92.2283,21.4432],[92.2408,21.4499],[92.2378,21.4746],[92.2235,21.4775],[92.2249,21.4884],[92.2168,21.4988],[92.2039,21.4958],[92.2017,21.5084],[92.187,21.5037],[92.1859,21.4946],[92.1834,21.5062],[92.1748,21.5005],[92.1606,21.5253],[92.1588,21.5357],[92.1798,21.5518],[92.1859,21.5645],[92.1705,21.5845],[92.1754,21.596],[92.1646,21.6032],[92.1487,21.5916],[92.1469,21.6085],[92.1345,21.6184],[92.1492,21.6256],[92.1665,21.6247],[92.1905,21.6402],[92.2005,21.634],[92.2145,21.6377],[92.2192,21.6223],[92.2531,21.6427],[92.2567,21.6233],[92.2675,21.6127]]]}},{"type":"Feature","properties":{"unit_id":"BD20030089","level":"upazila","name_en":"Rowangchhari","name_bn":"Rowangchhari","division":"Chattogram"},"geometry":{"type":"Polygon","coordinates":[[[92.3359,22.3343],[92.3895,22.3323],[92.4283,22.2705],[92.4652,22.2471],[92.4735,22.2328],[92.4756,22.2112],[92.4874,22.2029],[92.4916,22.1875],[92.4723,22.1814],[92.4134,22.1429],[92.3912,22.1402],[92.3751,22.1453],[92.3602,22.1315],[92.3363,22.1246],[92.3305,22.1131],[92.3384,22.0906],[92.3316,22.0809],[92.3445,22.064],[92.3361,22.0531],[92.3407,22.0412],[92.3347,22.0252],[92.3087,22.0012],[92.2845,22.0667],[92.223,22.1599],[92.2653,22.2013],[92.2946,22.1745],[92.3262,22.1828],[92.3255,22.2109],[92.297,22.2349],[92.3049,22.265],[92.2922,22.2743],[92.2877,22.27],[92.2852,22.2966],[92.2876,22.3283],[92.2824,22.3431],[92.3135,22.3445],[92.3359,22.3343]]]}},{"type":"Feature","properties":{"unit_id":"BD20030091","level":"upazila","name_en":"Ruma","name_bn":"Ruma","division":"Chattogram"},"geometry":{"type":"Polygon","coordinates":[[[92.5119,22.1122],[92.5044,22.0788],[92.5196,22.0675],[92.5215,22.0526],[92.5411,22.0371],[92.5343,22.0092],[92.5372,21.9936],[92.5599,21.9692],[92.5801,21.9334],[92.5991,21.8913],[92.603,21.8675],[92.464,21.8606],[92.4444,21.9133],[92.4308,21.933],[92.3338,21.9143],[92.3087,22.0012],[92.3347,22.0252],[92.3407,22.0412],[92.3361,22.0531],[92.3445,22.064],[92.3316,22.0809],[92.3385,22.0915],[92.3305,22.1131],[92.3341,22.1222],[92.3602,22.1315],[92.3751,22.1453],[92.3912,22.1402],[92.4134,22.1429],[92.4723,22.1814],[92.4916,22.1875],[92.4921,22.1666],[92.5065,22.14],[92.5119,22.1122]]]}},{"type":"Feature","properties":{"unit_id":"BD20030095","level":"upazila","name_en":"Thanchi","name_bn":"Thanchi","division":"Chattogram"},"geometry":{"type":"Polygon","coordinates":[[[92.464,21.8606],[92.603,21.8675],[92.6138,21.851],[92.6146,21.831],[92.621,21.8268],[92.6089,21.8151],[92.6109,21.7757],[92.6,21.7021],[92.6061,21.6892],[92.6015,21.6572],[92.6096,21.6219],[92.6085,21.5837],[92.627,21.4623],[92.6493,21.3912],[92.6519,21.357],[92.6801,21.2892],[92.6352,21.2724],[92.6166,21.2482],[92.5952,21.2447],[92.5599,21.3804],[92.545,21.3815],[92.5512,21.4057],[92.5148,21.4977],[92.512,21.5276],[92.5192,21.5491],[92.4892,21.5819],[92.4933,21.6274],[92.4762,21.6655],[92.4402,21.6906],[92.4344,21.7281],[92.4175,21.7517],[92.3988,21.7994],[92.3463,21.8734],[92.3344,21.9072],[92.334,21.9142],[92.4298,21.933],[92.4396,21.9218],[92.464,21.8606]]]}},{"type":"Feature","properties":{"unit_id":"BD20120002","level":"upazila","name_en":"Akhaura","name_bn":"Akhaura","division":"Chattogram"},"geometry":{"type":"Polygon","coordinates":[[[91.2439,23.9061],[91.2289,23.8983],[91.2296,23.8808],[91.2545,23.8378],[91.233,23.8109],[91.2251,23.7893],[91.2141,23.7853],[91.2,23.8027],[91.1752,23.7963],[91.1802,23.8213],[91.1472,23.8116],[91.1281,23.8182],[91.1065,23.8369],[91.1096,23.8633],[91.137,23.8624],[91.1577,23.8455],[91.1643,23.869],[91.1704,23.8706],[91.1774,23.8659],[91.1741,23.8525],[91.1891,23.8503],[91.2033,23.8663],[91.1983,23.8814],[91.2092,23.8917],[91.2099,23.903],[91.236,23.9038],[91.2456,23.9123],[91.2439,23.9061]]]}},{"type":"Feature","properties":{"unit_id":"BD20120033","level":"upazila","name_en":"Ashuganj","name_bn":"Ashuganj","division":"Chattogram"},"geometry":{"type":"Polygon","coordinates":[[[91.0622,24.0635],[91.0698,24.06],[91.0698,24.0469],[91.0647,24.0461],[91.0696,24.0373],[91.0638,24.0164],[91.0462,24.0146],[91.0514,23.9972],[91.0405,23.994],[91.0364,23.9777],[91.0196,23.9783],[91.0161,23.9691],[90.9905,23.964],[90.9733,23.9737],[90.9691,24.0064],[90.9787,24.0267],[91.0106,24.0574],[91.0383,24.0738],[91.0578,24.0581],[91.0622,24.0635]]]}},{"type":"Feature","properties":{"unit_id":"BD20120004","level":"upazila","name_en":"Banchharampur","name_bn":"Banchharampur","division":"Chattogram"},"geometry":{"type":"Polygon","coordinates":[[[90.8476,23.8502],[90.8398,23.8249],[90.8701,23.836],[90.868,23.8126],[90.8853,23.8109],[90.8886,23.7886],[90.8776,23.7827],[90.8859,23.7539],[90.8824,23.7252],[90.8694,23.718],[90.8661,23.7227],[90.8345,23.7246],[90.8281,23.7344],[90.8018,23.7349],[90.7986,23.7555],[90.793,23.742],[90.7798,23.7335],[90.775,23.7134],[90.7859,23.6986],[90.7851,23.687],[90.7702,23.6849],[90.7625,23.6999],[90.7415,23.6929],[90.7235,23.725],[90.7215,23.7406],[90.7662,23.8047],[90.7615,23.8586],[90.7747,23.8656],[90.8385,23.8645],[90.8476,23.8502]]]}},{"type":"Feature","properties":{"unit_id":"BD20120007","level":"upazila","name_en":"Bijoynagar","name_bn":"Bijoynagar","division":"Chattogram"},"geometry":{"type":"Polygon","coordinates":[[[91.2856,24.0608],[91.3042,24.0573],[91.304,24.0454],[91.3127,24.0412],[91.3136,24.0314],[91.3039,24.0262],[91.3091,24.0178],[91.2955,24.007],[91.3035,23.9962],[91.2994,23.9717],[91.2876,23.9678],[91.2851,23.9824],[91.2713,23.963],[91.2641,23.9454],[91.2753,23.9247],[91.2347,23.9279],[91.2456,23.9123],[91.23,23.9022],[91.2104,23.9033],[91.205,23.8895],[91.1509,23.9496],[91.1531,23.9715],[91.1282,23.9828],[91.1317,24.0025],[91.1161,24.0032],[91.1264,24.0171],[91.1461,24.0072],[91.1526,24.0164],[91.1706,24.0163],[91.1738,23.9954],[91.1878,24.0221],[91.1836,24.0303],[91.223,24.0509],[91.2356,24.0641],[91.2382,24.0807],[91.2482,24.0817],[91.251,24.0758],[91.2661,24.085],[91.2638,24.0941],[91.2927,24.0945],[91.2856,24.0608]]]}},{"type":"Feature","properties":{"unit_id":"BD20120013","level":"upazila","name_en":"Brahmanbaria Sadar","name_bn":"Brahmanbaria Sadar","division":"Chattogram"},"geometry":{"type":"Polygon","coordinates":[[[91.1557,24.0515],[91.1564,24.0364],[91.1741,24.0176],[91.1722,24.011],[91.1706,24.0163],[91.1526,24.0164],[91.1461,24.0072],[91.1264,24.0171],[91.1161,24.0032],[91.1317,24.0025],[91.1282,23.9828],[91.1531,23.9715],[91.1509,23.9496],[91.205,23.8895],[91.1979,23.8779],[91.2033,23.8663],[91.188,23.8498],[91.1739,23.8527],[91.1774,23.8659],[91.1718,23.8704],[91.1643,23.869],[91.1629,23.8497],[91.1572,23.8455],[91.137,23.8624],[91.1016,23.864],[91.0888,23.8712],[91.0771,23.8974],[91.0864,23.9407],[91.0764,23.9558],[91.0428,23.9464],[91.0328,23.9375],[91.0283,23.9419],[91.0277,23.9785],[91.0364,23.9777],[91.0405,23.994],[91.0514,23.9972],[91.0462,24.0146],[91.0639,24.0166],[91.0696,24.0373],[91.0649,24.0478],[91.0843,24.0388],[91.0916,24.0477],[91.1029,24.0491],[91.1081,24.0427],[91.1162,24.0553],[91.1557,24.0515]]]}},{"type":"Feature","properties":{"unit_id":"BD20120063","level":"upazila","name_en":"Kasba","name_bn":"Kasba","division":"Chattogram"},"geometry":{"type":"Polygon","coordinates":[[[91.1065,23.8369],[91.1281,23.8182],[91.1511,23.8112],[91.1626,23.8129],[91.1644,23.8202],[91.1694,23.8156],[91.1802,23.8213],[91.1752,23.7963],[91.2,23.8027],[91.2146,23.7852],[91.227,23.7926],[91.2304,23.7642],[91.2185,23.7368],[91.2059,23.75],[91.1677,23.7502],[91.1558,23.7366],[91.1485,23.7119],[91.1532,23.6888],[91.1954,23.692],[91.2069,23.6865],[91.2038,23.6505],[91.1985,23.6471],[91.1906,23.6471],[91.1926,23.6544],[91.1822,23.6598],[91.1715,23.6572],[91.156,23.6709],[91.1408,23.6644],[91.1262,23.6681],[91.1205,23.676],[91.1276,23.6823],[91.118,23.6852],[91.118,23.6977],[91.1115,23.6933],[91.1087,23.7069],[91.1017,23.7049],[91.1076,23.7093],[91.098,23.7096],[91.1084,23.719],[91.0813,23.7202],[91.0856,23.7303],[91.0772,23.7251],[91.0735,23.7283],[91.0787,23.7368],[91.0699,23.7298],[91.0716,23.74],[91.0653,23.7369],[91.0666,23.7458],[91.0571,23.7462],[91.0648,23.7597],[91.055,23.7552],[91.058,23.7639],[91.0488,23.7596],[91.0528,23.7696],[91.0412,23.7645],[91.0473,23.7738],[91.0442,23.7794],[91.0387,23.775],[91.0351,23.7962],[91.0421,23.7941],[91.0431,23.805],[91.0558,23.8022],[91.0777,23.8122],[91.0841,23.8259],[91.0727,23.8299],[91.0675,23.8449],[91.0826,23.8458],[91.098,23.8652],[91.1096,23.8633],[91.1065,23.8369]]]}},{"type":"Feature","properties":{"unit_id":"BD20120085","level":"upazila","name_en":"Nabinagar","name_bn":"Nabinagar","division":"Chattogram"},"geometry":{"type":"Polygon","coordinates":[[[91.028,23.9432],[91.0328,23.9375],[91.0428,23.9464],[91.0752,23.9557],[91.085,23.9455],[91.0771,23.8974],[91.0834,23.8927],[91.0795,23.8888],[91.0841,23.8777],[91.098,23.8652],[91.0905,23.8507],[91.0675,23.8449],[91.0727,23.8299],[91.0841,23.8259],[91.0777,23.8122],[91.0558,23.8022],[91.0431,23.805],[91.0408,23.7931],[91.0346,23.7963],[91.0038,23.7879],[90.995,23.7945],[90.9987,23.7867],[90.962,23.7809],[90.9591,23.7743],[90.9013,23.7669],[90.8859,23.7539],[90.8776,23.7827],[90.8886,23.7886],[90.8848,23.8125],[90.868,23.8126],[90.8701,23.836],[90.8398,23.8249],[90.8476,23.8502],[90.8377,23.8662],[90.8591,23.8787],[90.8923,23.8651],[90.9035,23.8664],[90.9174,23.8793],[90.9325,23.9152],[90.9512,23.9302],[90.9543,23.9591],[90.9733,23.9737],[90.9905,23.964],[91.0161,23.9691],[91.0185,23.9779],[91.0277,23.9785],[91.028,23.9432]]]}},{"type":"Feature","properties":{"unit_id":"BD20120090","level":"upazila","name_en":"Nasirnagar","name_bn":"Nasirnagar","division":"Chattogram"},"geometry":{"type":"Polygon","coordinates":[[[91.329,24.2516],[91.3243,24.2315],[91.3146,24.232],[91.3057,24.2214],[91.3008,24.2248],[91.2976,24.2144],[91.2853,24.2192],[91.2843,24.2098],[91.275,24.2045],[91.2864,24.1965],[91.3133,24.2052],[91.3142,24.1856],[91.308,24.1924],[91.2775,24.1828],[91.2757,24.1585],[91.2685,24.1597],[91.2682,24.1494],[91.2619,24.1481],[91.2623,24.1428],[91.271,24.1429],[91.2711,24.1247],[91.2934,24.1191],[91.2839,24.1185],[91.2841,24.112],[91.2695,24.1128],[91.2661,24.085],[91.251,24.0758],[91.2385,24.1036],[91.2086,24.1054],[91.216,24.1087],[91.213,24.1121],[91.1973,24.1078],[91.2037,24.0948],[91.1926,24.085],[91.167,24.0927],[91.1607,24.1172],[91.1433,24.1292],[91.1413,24.1403],[91.1175,24.1421],[91.1087,24.1486],[91.1205,24.1702],[91.0943,24.1694],[91.0834,24.1797],[91.0749,24.1768],[91.0761,24.1828],[91.071,24.1807],[91.0717,24.1626],[91.0547,24.1761],[91.0421,24.1759],[91.0406,24.1834],[91.0198,24.1879],[91.0391,24.2137],[91.0912,24.2118],[91.0788,24.2281],[91.0849,24.2403],[91.1396,24.2443],[91.1753,24.2655],[91.1962,24.2402],[91.2863,24.2247],[91.2873,24.2305],[91.2816,24.2319],[91.285,24.2454],[91.3013,24.266],[91.3251,24.2625],[91.329,24.2516]]]}},{"type":"Feature","properties":{"unit_id":"BD20120094","level":"upazila","name_en":"Sarail","name_bn":"Sarail","division":"Chattogram"},"geometry":{"type":"Polygon","coordinates":[[[91.0421,24.1759],[91.0547,24.1761],[91.0717,24.1626],[91.071,24.1807],[91.0761,24.1828],[91.0749,24.1768],[91.0834,24.1797],[91.0943,24.1694],[91.1205,24.1702],[91.1087,24.1486],[91.1175,24.1421],[91.1413,24.1403],[91.1433,24.1292],[91.1607,24.1172],[91.1674,24.0923],[91.1926,24.085],[91.2037,24.0948],[91.1973,24.1078],[91.213,24.1121],[91.216,24.1087],[91.2086,24.1054],[91.2385,24.1036],[91.2463,24.095],[91.247,24.0815],[91.2382,24.0807],[91.2356,24.0641],[91.222,24.05],[91.1836,24.0303],[91.1878,24.0221],[91.1736,23.9953],[91.1741,24.0176],[91.1564,24.0364],[91.1557,24.0515],[91.1147,24.0555],[91.1081,24.0427],[91.1029,24.0491],[91.0855,24.0453],[91.0843,24.0388],[91.0705,24.0413],[91.0679,24.0622],[91.0578,24.0581],[91.0383,24.0738],[91.0508,24.093],[91.043,24.1164],[90.9988,24.1417],[90.9842,24.1586],[90.9912,24.1703],[91.0198,24.1879],[91.0406,24.1834],[91.0421,24.1759]]]}},{"type":"Feature","properties":{"unit_id":"BD20130022","level":"upazila","name_en":"Chandpur Sadar","name_bn":"Chandpur Sadar","division":"Chattogram"},"geometry":{"type":"Polygon","coordinates":[[[90.6234,23.3133],[90.6367,23.3153],[90.6505,23.3327],[90.6836,23.3243],[90.682,23.3132],[90.6912,23.3077],[90.6939,23.2916],[90.7037,23.2948],[90.7053,23.285],[90.7135,23.292],[90.7252,23.2748],[90.7438,23.2722],[90.7437,23.264],[90.7746,23.2502],[90.7752,23.2395],[90.7923,23.2366],[90.7947,23.2282],[90.7764,23.2158],[90.7747,23.2245],[90.7695,23.2159],[90.7659,23.2225],[90.7589,23.2188],[90.7585,23.2329],[90.7473,23.214],[90.7337,23.2257],[90.7359,23.2316],[90.7204,23.2189],[90.7237,23.1994],[90.7145,23.2057],[90.7064,23.1928],[90.6985,23.1916],[90.7046,23.1853],[90.6935,23.173],[90.7007,23.1717],[90.7025,23.1535],[90.6903,23.1378],[90.6934,23.1328],[90.6746,23.135],[90.668,23.1241],[90.6456,23.1226],[90.593,23.1446],[90.5857,23.137],[90.5899,23.127],[90.5824,23.1283],[90.5803,23.1213],[90.5631,23.1368],[90.5645,23.1607],[90.5799,23.1737],[90.5931,23.2008],[90.5956,23.2474],[90.5818,23.2526],[90.5546,23.2979],[90.5814,23.3421],[90.6108,23.3295],[90.6234,23.3133]]]}},{"type":"Feature","properties":{"unit_id":"BD20130045","level":"upazila","name_en":"Faridganj","name_bn":"Faridganj","division":"Chattogram"},"geometry":{"type":"Polygon","coordinates":[[[90.7659,23.2225],[90.77,23.2159],[90.7763,23.2248],[90.7754,23.2158],[90.7821,23.2218],[90.7971,23.2128],[90.8025,23.2195],[90.8218,23.2208],[90.8232,23.2103],[90.8278,23.2131],[90.8296,23.207],[90.837,23.2127],[90.8488,23.1882],[90.8715,23.1825],[90.8737,23.1683],[90.8463,23.1614],[90.8506,23.1484],[90.8391,23.1431],[90.8363,23.1333],[90.8208,23.1284],[90.8161,23.1183],[90.7967,23.1164],[90.7928,23.0764],[90.7708,23.0755],[90.7521,23.0662],[90.7551,23.06],[90.7308,23.0409],[90.7059,23.0599],[90.6917,23.0633],[90.683,23.0814],[90.6871,23.0898],[90.6779,23.1032],[90.6858,23.1061],[90.6855,23.1337],[90.6937,23.133],[90.6903,23.1378],[90.7025,23.1535],[90.7007,23.1717],[90.6935,23.173],[90.7046,23.1853],[90.6985,23.1916],[90.7064,23.1928],[90.7145,23.2057],[90.7237,23.1994],[90.7204,23.2189],[90.7341,23.231],[90.7473,23.214],[90.7596,23.2328],[90.7591,23.2185],[90.7659,23.2225]]]}},{"type":"Feature","properties":{"unit_id":"BD20130047","level":"upazila","name_en":"Haimchar","name_bn":"Haimchar","division":"Chattogram"},"geometry":{"type":"Polygon","coordinates":[[[90.6456,23.1226],[90.668,23.1241],[90.6746,23.135],[90.6866,23.1348],[90.6858,23.1061],[90.6781,23.0985],[90.6871,23.0898],[90.683,23.0814],[90.6917,23.0631],[90.6613,23.0493],[90.6689,23.0334],[90.6605,23.0243],[90.6728,23.0173],[90.6635,23.015],[90.6518,22.983],[90.6372,22.9988],[90.615,23.0047],[90.5539,23.0683],[90.5288,23.1046],[90.5272,23.1167],[90.5556,23.1245],[90.5631,23.1368],[90.5811,23.1209],[90.5824,23.1283],[90.5899,23.127],[90.5857,23.137],[90.5939,23.1444],[90.6456,23.1226]]]}},{"type":"Feature","properties":{"unit_id":"BD20130049","level":"upazila","name_en":"Hajiganj","name_bn":"Hajiganj","division":"Chattogram"},"geometry":{"type":"Polygon","coordinates":[[[90.7955,23.3224],[90.8279,23.3296],[90.8422,23.312],[90.8658,23.3128],[90.8738,23.2981],[90.8894,23.3011],[90.898,23.2863],[90.9134,23.2873],[90.9076,23.277],[90.913,23.2724],[90.909,23.2541],[90.8973,23.2545],[90.8888,23.2409],[90.8739,23.2369],[90.896,23.2304],[90.9194,23.2139],[90.9332,23.2154],[90.9312,23.2041],[90.9078,23.1945],[90.9087,23.1855],[90.8998,23.1783],[90.9006,23.1568],[90.891,23.1659],[90.8737,23.1683],[90.8713,23.1827],[90.8488,23.1882],[90.8368,23.2129],[90.8294,23.2071],[90.8218,23.2208],[90.812,23.221],[90.796,23.2132],[90.7875,23.2201],[90.7947,23.2282],[90.7923,23.2366],[90.7764,23.2388],[90.7746,23.2502],[90.7594,23.2541],[90.7634,23.2825],[90.7406,23.2877],[90.7409,23.3069],[90.7553,23.3106],[90.7487,23.3255],[90.7747,23.3287],[90.7955,23.3224]]]}},{"type":"Feature","properties":{"unit_id":"BD20130058","level":"upazila","name_en":"Kachua","name_bn":"Kachua","division":"Chattogram"},"geometry":{"type":"Polygon","coordinates":[[[90.8511,23.4593],[90.8771,23.4541],[90.8911,23.4088],[90.899,23.4079],[90.8978,23.3961],[90.9085,23.3955],[90.9114,23.3875],[90.9301,23.3767],[90.9329,23.3471],[90.9489,23.3427],[90.9556,23.3484],[90.9558,23.334],[90.9747,23.3158],[90.9803,23.2885],[90.9941,23.2929],[91.0045,23.2676],[91.0091,23.2704],[91.0128,23.2647],[91.0132,23.2463],[91.0028,23.2436],[91.0001,23.2517],[90.9879,23.2498],[90.9767,23.2642],[90.9603,23.2618],[90.9416,23.2787],[90.9304,23.2747],[90.92,23.2862],[90.898,23.2863],[90.89,23.3008],[90.8741,23.2979],[90.8658,23.3128],[90.8422,23.312],[90.8306,23.328],[90.8088,23.3329],[90.8092,23.3436],[90.817,23.3409],[90.7939,23.3884],[90.7997,23.3971],[90.7909,23.4292],[90.7997,23.447],[90.8169,23.4472],[90.8173,23.4632],[90.8471,23.4716],[90.8511,23.4593]]]}},{"type":"Feature","properties":{"unit_id":"BD20130076","level":"upazila","name_en":"Matlab Dakkhin","name_bn":"Matlab Dakkhin","division":"Chattogram"},"geometry":{"type":"Polygon","coordinates":[[[90.7905,23.4219],[90.7997,23.3964],[90.7939,23.3884],[90.8169,23.3407],[90.8092,23.3436],[90.8111,23.3267],[90.8025,23.3234],[90.7875,23.3225],[90.7726,23.3305],[90.7487,23.3255],[90.7553,23.3106],[90.7462,23.3044],[90.7412,23.3076],[90.7385,23.2921],[90.7433,23.2856],[90.7634,23.2825],[90.7644,23.2621],[90.7542,23.2573],[90.7437,23.264],[90.7438,23.2722],[90.7256,23.2746],[90.7154,23.2828],[90.7135,23.292],[90.7053,23.285],[90.7037,23.2948],[90.6939,23.2916],[90.6912,23.3077],[90.682,23.3132],[90.6839,23.3242],[90.6647,23.3272],[90.6716,23.3351],[90.6726,23.3547],[90.6963,23.3482],[90.7059,23.352],[90.695,23.3604],[90.7023,23.3718],[90.7148,23.3702],[90.7258,23.3604],[90.7185,23.3501],[90.7374,23.3586],[90.7269,23.3672],[90.73,23.3782],[90.7515,23.3797],[90.7544,23.3949],[90.7458,23.4037],[90.7496,23.4153],[90.7623,23.4226],[90.7594,23.4278],[90.7687,23.4349],[90.7707,23.4477],[90.7913,23.4375],[90.7858,23.4338],[90.7943,23.4339],[90.7905,23.4219]]]}},{"type":"Feature","properties":{"unit_id":"BD20130079","level":"upazila","name_en":"Matlab Uttar","name_bn":"Matlab Uttar","division":"Chattogram"},"geometry":{"type":"Polygon","coordinates":[[[90.7098,23.4532],[90.7114,23.4326],[90.7294,23.425],[90.7356,23.4138],[90.7334,23.4264],[90.7495,23.4212],[90.7457,23.4018],[90.7536,23.3972],[90.7535,23.3861],[90.7476,23.3764],[90.7411,23.3822],[90.7307,23.3795],[90.7269,23.3672],[90.7378,23.3593],[90.7261,23.3499],[90.716,23.3521],[90.7259,23.3578],[90.7209,23.3654],[90.7023,23.3718],[90.695,23.3604],[90.7059,23.352],[90.6963,23.3482],[90.6726,23.3547],[90.6716,23.3351],[90.6653,23.3298],[90.6473,23.3318],[90.6367,23.3153],[90.6234,23.3133],[90.6015,23.3349],[90.5818,23.3425],[90.5816,23.3364],[90.5748,23.3376],[90.5712,23.3512],[90.5388,23.3797],[90.5385,23.3905],[90.5744,23.4432],[90.5842,23.4807],[90.5774,23.4956],[90.6186,23.4901],[90.6415,23.5044],[90.6863,23.4954],[90.7098,23.4532]]]}},{"type":"Feature","properties":{"unit_id":"BD20130095","level":"upazila","name_en":"Shahrasti","name_bn":"Shahrasti","division":"Chattogram"},"geometry":{"type":"Polygon","coordinates":[[[91.028,23.2257],[91.0238,23.2155],[91.014,23.2118],[91.0126,23.1959],[91.0179,23.1944],[90.9989,23.1808],[91.0069,23.1663],[91.0051,23.1544],[91.0113,23.1536],[91.0073,23.1402],[90.9645,23.1295],[90.9549,23.1439],[90.9349,23.1414],[90.912,23.1457],[90.9135,23.1533],[90.9025,23.1502],[90.8998,23.1783],[90.9087,23.1855],[90.908,23.1947],[90.932,23.2049],[90.9332,23.2154],[90.9194,23.2139],[90.896,23.2304],[90.8739,23.2369],[90.8888,23.2409],[90.8973,23.2545],[90.909,23.2541],[90.913,23.2724],[90.9076,23.277],[90.9139,23.2862],[90.9213,23.2851],[90.9238,23.2764],[90.951,23.2742],[90.9603,23.2618],[90.9767,23.2642],[90.9879,23.2498],[91.0004,23.2514],[91.0028,23.2436],[91.0243,23.2469],[91.028,23.2257]]]}},{"type":"Feature","properties":{"unit_id":"BD20150004","level":"upazila","name_en":"Anwara","name_bn":"Anwara","division":"Chattogram"},"geometry":{"type":"Polygon","coordinates":[[[91.8936,22.2504],[91.8993,22.248],[91.9397,22.2547],[91.9427,22.2452],[91.9614,22.2473],[91.9603,22.2409],[91.9677,22.2366],[91.9511,22.2044],[91.9563,22.1922],[91.9452,22.192],[91.9425,22.1767],[91.9167,22.1796],[91.905,22.1572],[91.8754,22.1556],[91.8908,22.14],[91.885,22.1253],[91.8752,22.126],[91.8623,22.1421],[91.8536,22.1413],[91.8528,22.1094],[91.8481,22.1085],[91.838,22.1162],[91.8153,22.162],[91.8087,22.188],[91.8122,22.2078],[91.7992,22.2194],[91.8377,22.2523],[91.8559,22.2383],[91.8643,22.2438],[91.8702,22.2395],[91.8779,22.2472],[91.8768,22.2602],[91.8955,22.2569],[91.8936,22.2504]]]}},{"type":"Feature","properties":{"unit_id":"BD20150008","level":"upazila","name_en":"Banshkhali","name_bn":"Banshkhali","division":"Chattogram"},"geometry":{"type":"Polygon","coordinates":[[[91.9351,22.164],[91.9542,22.1625],[91.9463,22.1599],[91.9551,22.1486],[91.9528,22.1401],[91.9654,22.1418],[91.9736,22.1192],[91.9846,22.1232],[91.9887,22.1081],[91.996,22.1035],[91.9938,22.0946],[91.9722,22.113],[91.9671,22.1129],[91.9675,22.1059],[91.9579,22.1058],[91.9534,22.0983],[91.9563,22.07],[91.9857,22.0758],[91.9742,22.0619],[91.9812,22.0597],[91.9863,22.0335],[91.9955,22.0274],[92.017,21.9834],[92.0185,21.9563],[92.0344,21.9367],[92.041,21.9145],[92.0344,21.9051],[91.9997,21.9088],[91.9817,21.9007],[91.9717,21.9035],[91.9651,21.8816],[91.9577,21.891],[91.9516,21.8824],[91.9451,21.8862],[91.9399,21.8779],[91.9236,21.8759],[91.9258,21.8613],[91.9209,21.8553],[91.9133,21.8626],[91.9066,21.931],[91.898,21.9415],[91.8781,21.9438],[91.8853,22.008],[91.8781,22.0308],[91.8805,22.0445],[91.8689,22.0611],[91.8505,22.1189],[91.8536,22.1413],[91.8623,22.1421],[91.8752,22.126],[91.885,22.1253],[91.8908,22.14],[91.8754,22.1556],[91.9038,22.1566],[91.9137,22.166],[91.9167,22.1796],[91.9425,22.1767],[91.9351,22.164]]]}},{"type":"Feature","properties":{"unit_id":"BD20150012","level":"upazila","name_en":"Boalkhali","name_bn":"Boalkhali","division":"Chattogram"},"geometry":{"type":"Polygon","coordinates":[[[92.063,22.3325],[92.0467,22.3358],[92.031,22.3595],[92.0065,22.3484],[91.971,22.3471],[91.961,22.3526],[91.9468,22.3434],[91.8997,22.34],[91.8941,22.3348],[91.8718,22.341],[91.8805,22.3826],[91.8934,22.4049],[91.9077,22.4153],[91.9522,22.4243],[92.0002,22.4134],[92.0216,22.4263],[92.0218,22.4073],[92.0343,22.3992],[92.0378,22.3784],[92.0472,22.3662],[92.0687,22.3703],[92.0825,22.3399],[92.063,22.3325]]]}},{"type":"Feature","properties":{"unit_id":"BD20150018","level":"upazila","name_en":"Chandanaish","name_bn":"Chandanaish","division":"Chattogram"},"geometry":{"type":"Polygon","coordinates":[[[92.1367,22.2715],[92.1442,22.2562],[92.1399,22.2346],[92.1494,22.2236],[92.1459,22.2113],[92.1542,22.1956],[92.1406,22.2067],[92.1294,22.2003],[92.1398,22.1717],[92.1239,22.1778],[92.1178,22.1687],[92.1248,22.1292],[92.1159,22.1316],[92.1019,22.1606],[92.074,22.1622],[92.0504,22.1427],[92.0469,22.1628],[92.0286,22.1716],[92.0254,22.1495],[92.0098,22.1434],[91.9847,22.1569],[91.9856,22.1635],[91.9763,22.1676],[91.9697,22.1828],[91.9436,22.1811],[91.9452,22.192],[91.9564,22.1924],[91.9509,22.2025],[91.9557,22.217],[91.9663,22.2263],[91.9917,22.2194],[92.001,22.224],[91.9993,22.2306],[92.0085,22.233],[92.0112,22.2459],[92.0181,22.2456],[92.01,22.2553],[92.0301,22.2547],[92.0276,22.2478],[92.0379,22.2445],[92.0439,22.2492],[92.0501,22.2338],[92.0678,22.238],[92.0754,22.2494],[92.1155,22.2542],[92.0937,22.2953],[92.0994,22.3065],[92.118,22.3016],[92.1253,22.3102],[92.1539,22.3108],[92.1367,22.2715]]]}},{"type":"Feature","properties":{"unit_id":"BD20150033","level":"upazila","name_en":"Fatikchhari","name_bn":"Fatikchhari","division":"Chattogram"},"geometry":{"type":"Polygon","coordinates":[[[91.7202,22.9826],[91.7217,22.9665],[91.7312,22.954],[91.7329,22.938],[91.7231,22.915],[91.7276,22.9064],[91.7187,22.8878],[91.7308,22.8726],[91.7476,22.8698],[91.7568,22.8601],[91.7571,22.8421],[91.7663,22.8321],[91.7637,22.8192],[91.7823,22.7853],[91.7915,22.7822],[91.794,22.7672],[91.8098,22.7896],[91.8188,22.7904],[91.8385,22.7871],[91.8343,22.7728],[91.841,22.7787],[91.8543,22.7672],[91.8605,22.7745],[91.8568,22.7547],[91.8755,22.7666],[91.8913,22.7618],[91.8981,22.7488],[91.8873,22.7497],[91.878,22.7172],[91.8846,22.6982],[91.8989,22.6924],[91.9246,22.6989],[91.9303,22.6913],[91.9272,22.68],[91.9371,22.6787],[91.9435,22.6694],[91.9351,22.6579],[91.9249,22.658],[91.9244,22.6674],[91.9185,22.668],[91.9178,22.6601],[91.9101,22.6571],[91.9084,22.6449],[91.9153,22.6444],[91.9159,22.6353],[91.9103,22.6362],[91.9141,22.6323],[91.9088,22.6295],[91.9139,22.6253],[91.8967,22.6169],[91.9016,22.6095],[91.8939,22.6108],[91.8884,22.5953],[91.8793,22.5932],[91.8703,22.5574],[91.8629,22.5589],[91.8646,22.5769],[91.8447,22.5605],[91.8269,22.5738],[91.8151,22.5866],[91.8186,22.6031],[91.7891,22.6383],[91.7788,22.634],[91.7773,22.6235],[91.7558,22.602],[91.7319,22.6151],[91.7222,22.612],[91.7089,22.6279],[91.6861,22.6292],[91.6184,22.7762],[91.6217,22.7866],[91.6326,22.7891],[91.6196,22.8204],[91.6212,22.8547],[91.6319,22.8873],[91.6303,22.9045],[91.6164,22.9314],[91.6243,22.9445],[91.6242,22.9618],[91.6362,22.9629],[91.6468,22.9855],[91.6523,22.976],[91.6581,22.9812],[91.6746,22.9792],[91.6767,22.9844],[91.6806,22.9772],[91.701,22.9886],[91.7202,22.9826]]]}},{"type":"Feature","properties":{"unit_id":"BD20150037","level":"upazila","name_en":"Hathazari","name_bn":"Hathazari","division":"Chattogram"},"geometry":{"type":"Polygon","coordinates":[[[91.8191,22.6022],[91.8155,22.5858],[91.8443,22.5617],[91.8395,22.5505],[91.8468,22.5297],[91.8408,22.5251],[91.8481,22.5197],[91.8425,22.5145],[91.8527,22.5015],[91.8787,22.5037],[91.8709,22.4988],[91.8808,22.4849],[91.8773,22.4699],[91.8834,22.4677],[91.8744,22.4683],[91.8674,22.4726],[91.8553,22.4645],[91.8784,22.4633],[91.872,22.4474],[91.8674,22.4579],[91.8587,22.4542],[91.8798,22.4267],[91.8739,22.4158],[91.8779,22.4054],[91.8684,22.4011],[91.8461,22.4008],[91.8448,22.4097],[91.8192,22.4154],[91.8164,22.4659],[91.7722,22.4575],[91.7581,22.4738],[91.7569,22.4813],[91.7658,22.4843],[91.7681,22.4932],[91.7582,22.4998],[91.7578,22.5135],[91.7376,22.5479],[91.7272,22.5469],[91.7131,22.5827],[91.7072,22.5806],[91.6948,22.6216],[91.6861,22.6292],[91.7089,22.6279],[91.7222,22.612],[91.7319,22.6151],[91.7558,22.602],[91.7773,22.6235],[91.7788,22.634],[91.7905,22.637],[91.8191,22.6022]]]}},{"type":"Feature","properties":{"unit_id":"BD20150039","level":"upazila","name_en":"Karnaphuli","name_bn":"Karnaphuli","division":"Chattogram"},"geometry":{"type":"Polygon","coordinates":[[[91.869,22.3281],[91.8778,22.2945],[91.8715,22.2743],[91.8828,22.2703],[91.8834,22.2605],[91.8768,22.2602],[91.8746,22.2422],[91.8559,22.2383],[91.8377,22.2523],[91.8372,22.2691],[91.8041,22.2793],[91.7981,22.2909],[91.8042,22.3031],[91.827,22.3185],[91.8616,22.3306],[91.869,22.3281]]]}},{"type":"Feature","properties":{"unit_id":"BD20150047","level":"upazila","name_en":"Lohagara","name_bn":"Lohagara","division":"Chattogram"},"geometry":{"type":"Polygon","coordinates":[[[92.1396,22.0744],[92.1466,22.0649],[92.1783,22.065],[92.1626,22.043],[92.171,22.0397],[92.179,22.0234],[92.1838,22.028],[92.1939,22.024],[92.2036,22.0176],[92.2022,22.0084],[92.2174,22.0065],[92.2049,22.0003],[92.2033,21.9895],[92.2159,21.9737],[92.197,21.9632],[92.1973,21.952],[92.1842,21.9441],[92.1606,21.9448],[92.1749,21.9109],[92.1293,21.9018],[92.1113,21.9172],[92.1173,21.9338],[92.099,21.9216],[92.0751,21.9227],[92.0589,21.9071],[92.0572,21.9218],[92.0501,21.9164],[92.0382,21.9219],[92.0344,21.9367],[92.0214,21.9502],[92.0139,21.9751],[92.017,21.9834],[91.9994,22.0124],[92.0175,22.0129],[92.029,22.0191],[92.0275,22.0284],[92.0506,22.0366],[92.0696,22.012],[92.0797,22.0133],[92.0704,22.0377],[92.075,22.0342],[92.0947,22.0446],[92.0978,22.0602],[92.1075,22.0639],[92.1041,22.0705],[92.113,22.0747],[92.1093,22.0798],[92.1293,22.0706],[92.1396,22.0744]]]}},{"type":"Feature","properties":{"unit_id":"BD20150053","level":"upazila","name_en":"Mirsarai","name_bn":"Mirsarai","division":"Chattogram"},"geometry":{"type":"Polygon","coordinates":[[[91.6135,22.9602],[91.6057,22.962],[91.6007,22.955],[91.6088,22.9577],[91.6075,22.9517],[91.6158,22.952],[91.6129,22.9482],[91.6204,22.9426],[91.617,22.9288],[91.6303,22.9045],[91.6319,22.8873],[91.6193,22.8315],[91.6326,22.7891],[91.6217,22.7866],[91.6183,22.7766],[91.6542,22.6983],[91.6321,22.6884],[91.6323,22.6833],[91.6056,22.685],[91.6081,22.6731],[91.617,22.6687],[91.5997,22.6639],[91.5923,22.679],[91.5732,22.6861],[91.4976,22.6487],[91.4772,22.7003],[91.4514,22.7387],[91.4462,22.7707],[91.4447,22.8094],[91.4617,22.8319],[91.4662,22.8636],[91.4741,22.8755],[91.4721,22.883],[91.4617,22.8824],[91.4654,22.9006],[91.4591,22.9064],[91.5141,22.9053],[91.533,22.9194],[91.5305,22.9297],[91.5389,22.934],[91.5352,22.9425],[91.5246,22.9459],[91.5278,22.9514],[91.5383,22.9463],[91.5482,22.9587],[91.567,22.9518],[91.5775,22.9673],[91.5902,22.9777],[91.606,22.9725],[91.6135,22.9602]]]}},{"type":"Feature","properties":{"unit_id":"BD20150061","level":"upazila","name_en":"Patiya","name_bn":"Patiya","division":"Chattogram"},"geometry":{"type":"Polygon","coordinates":[[[92.0384,22.3411],[92.0467,22.3358],[92.063,22.3325],[92.0825,22.3399],[92.0994,22.3065],[92.0934,22.2944],[92.0961,22.2835],[92.1042,22.2685],[92.1124,22.267],[92.1155,22.2542],[92.0754,22.2494],[92.0678,22.238],[92.0501,22.2338],[92.0439,22.2492],[92.0379,22.2445],[92.0276,22.2478],[92.0301,22.2547],[92.01,22.2553],[92.0181,22.2456],[92.0112,22.2459],[92.0085,22.233],[91.9917,22.2194],[91.9642,22.2254],[91.9678,22.2372],[91.9604,22.2406],[91.9614,22.2473],[91.9429,22.2451],[91.9397,22.2547],[91.9237,22.256],[91.9148,22.2476],[91.8956,22.2484],[91.8982,22.2541],[91.8834,22.2605],[91.8827,22.2705],[91.872,22.2729],[91.8778,22.2945],[91.869,22.3281],[91.8616,22.33],[91.8704,22.3407],[91.8938,22.3348],[91.8997,22.34],[91.9468,22.3434],[91.9589,22.3523],[91.9712,22.3471],[92.0065,22.3484],[92.0328,22.3574],[92.0384,22.3411]]]}},{"type":"Feature","properties":{"unit_id":"BD20150070","level":"upazila","name_en":"Rangunia","name_bn":"Rangunia","division":"Chattogram"},"geometry":{"type":"Polygon","coordinates":[[[92.0735,22.6193],[92.0748,22.6138],[92.084,22.6133],[92.0835,22.6065],[92.0887,22.6065],[92.0814,22.5983],[92.1073,22.5728],[92.1014,22.5621],[92.1089,22.561],[92.1105,22.5342],[92.1176,22.5362],[92.1257,22.517],[92.1358,22.4841],[92.1363,22.469],[92.1304,22.4653],[92.142,22.4575],[92.1446,22.444],[92.1185,22.4301],[92.1203,22.4235],[92.1014,22.4076],[92.1229,22.3748],[92.1428,22.3757],[92.1417,22.363],[92.135,22.36],[92.1493,22.356],[92.1469,22.3405],[92.1536,22.3405],[92.1575,22.3319],[92.1495,22.3174],[92.1524,22.3109],[92.1364,22.3141],[92.118,22.3016],[92.0984,22.3069],[92.0687,22.3703],[92.0472,22.3662],[92.0378,22.3784],[92.0343,22.3992],[92.0218,22.4073],[92.024,22.426],[92.0002,22.4134],[91.9667,22.4188],[91.9661,22.4387],[91.9881,22.4418],[91.9771,22.4619],[91.9856,22.4655],[91.9787,22.4745],[91.9815,22.488],[92.0001,22.4914],[92.0065,22.5026],[92.0171,22.5046],[92.0226,22.5147],[92.0184,22.5245],[92.0293,22.5328],[92.0156,22.5548],[92.0193,22.5742],[92.0077,22.592],[92.0151,22.609],[92.0331,22.6142],[92.0397,22.6269],[92.0483,22.6104],[92.0735,22.6193]]]}},{"type":"Feature","properties":{"unit_id":"BD20150074","level":"upazila","name_en":"Raozan","name_bn":"Raozan","division":"Chattogram"},"geometry":{"type":"Polygon","coordinates":[[[91.9249,22.658],[91.9351,22.6579],[91.9457,22.6129],[91.942,22.6077],[91.9639,22.5724],[91.9715,22.5183],[91.9779,22.5114],[91.9707,22.4942],[91.9899,22.4895],[91.9813,22.4875],[91.9787,22.4745],[91.9856,22.4655],[91.977,22.4632],[91.9881,22.4418],[91.9661,22.4387],[91.9667,22.4188],[91.9522,22.4243],[91.9211,22.4211],[91.8935,22.4049],[91.8832,22.4299],[91.8721,22.434],[91.8587,22.4536],[91.8674,22.4579],[91.872,22.4474],[91.8784,22.4633],[91.8553,22.464],[91.8674,22.4726],[91.8834,22.4677],[91.8773,22.4699],[91.8808,22.4849],[91.8709,22.4988],[91.8787,22.5037],[91.8515,22.5022],[91.8423,22.5148],[91.8482,22.5199],[91.8408,22.5251],[91.8467,22.531],[91.8395,22.5509],[91.8633,22.5767],[91.863,22.5588],[91.8736,22.5605],[91.8793,22.5932],[91.8884,22.5953],[91.8939,22.6108],[91.9016,22.6095],[91.8967,22.6169],[91.9139,22.6253],[91.9087,22.6308],[91.916,22.6428],[91.9084,22.6498],[91.9202,22.6671],[91.9249,22.658]]]}},{"type":"Feature","properties":{"unit_id":"BD20150078","level":"upazila","name_en":"Sandwip","name_bn":"Sandwip","division":"Chattogram"},"geometry":{"type":"MultiPolygon","coordinates":[[[[91.5783,22.426],[91.5653,22.4],[91.5157,22.3858],[91.4768,22.4006],[91.4607,22.3938],[91.4409,22.3974],[91.4073,22.4221],[91.4067,22.4284],[91.3827,22.4395],[91.3987,22.4435],[91.3829,22.4865],[91.3847,22.5588],[91.3904,22.5655],[91.4138,22.5656],[91.4101,22.5825],[91.4282,22.6103],[91.4394,22.6181],[91.4561,22.6133],[91.5023,22.5667],[91.559,22.4791],[91.5783,22.426]]],[[[91.3492,22.6042],[91.3498,22.6099],[91.3524,22.6098],[91.3572,22.6017],[91.3492,22.6042]]],[[[91.3436,22.5833],[91.3235,22.6104],[91.3349,22.6112],[91.3366,22.5991],[91.3371,22.6085],[91.3439,22.6115],[91.3486,22.6026],[91.3536,22.586],[91.3436,22.5833]]],[[[91.3869,22.7078],[91.3996,22.6968],[91.4068,22.6839],[91.4004,22.6705],[91.3757,22.686],[91.3664,22.6544],[91.3329,22.6599],[91.3174,22.6555],[91.3112,22.6618],[91.3347,22.6849],[91.3493,22.7298],[91.3814,22.7166],[91.3787,22.7054],[91.3869,22.7078]]]]}},{"type":"Feature","properties":{"unit_id":"BD20150082","level":"upazila","name_en":"Satkania","name_bn":"Satkania","division":"Chattogram"},"geometry":{"type":"Polygon","coordinates":[[[92.1576,22.1658],[92.1637,22.1591],[92.1629,22.1477],[92.1709,22.1468],[92.1717,22.1411],[92.1605,22.1289],[92.1734,22.1123],[92.157,22.0959],[92.1417,22.0925],[92.1637,22.0855],[92.1546,22.0702],[92.1647,22.0685],[92.1466,22.0649],[92.1396,22.0744],[92.1281,22.0707],[92.1102,22.0803],[92.113,22.0747],[92.1041,22.0705],[92.1075,22.0639],[92.0978,22.0602],[92.0947,22.0446],[92.075,22.0342],[92.0704,22.0377],[92.0797,22.0133],[92.0696,22.012],[92.0506,22.0366],[92.0275,22.0284],[92.029,22.0191],[92.0175,22.0129],[91.9994,22.0124],[91.9955,22.0274],[91.9863,22.0335],[91.9812,22.0597],[91.9742,22.0619],[91.9857,22.0758],[91.9564,22.0699],[91.9534,22.0983],[91.9579,22.1058],[91.9701,22.1078],[91.9678,22.1134],[91.9804,22.1094],[91.9893,22.0961],[91.9947,22.0947],[91.996,22.1035],[91.9887,22.1081],[91.9846,22.1232],[91.9736,22.1192],[91.9654,22.1418],[91.9528,22.1401],[91.9551,22.1486],[91.9463,22.1599],[91.9542,22.1625],[91.9351,22.164],[91.9409,22.166],[91.9436,22.1811],[91.9697,22.1828],[91.9763,22.1676],[91.9856,22.1635],[91.9847,22.1569],[92.0098,22.1434],[92.0254,22.1495],[92.0286,22.1716],[92.0469,22.1628],[92.0504,22.1427],[92.074,22.1622],[92.1019,22.1606],[92.1155,22.1321],[92.1233,22.1289],[92.1184,22.1705],[92.1239,22.1778],[92.1398,22.1717],[92.1294,22.2003],[92.1406,22.2067],[92.1654,22.1842],[92.1576,22.1658]]]}},{"type":"Feature","properties":{"unit_id":"BD20150086","level":"upazila","name_en":"Sitakunda","name_bn":"Sitakunda","division":"Chattogram"},"geometry":{"type":"Polygon","coordinates":[[[91.6816,22.6361],[91.7012,22.6076],[91.7072,22.5806],[91.7131,22.5827],[91.7277,22.5463],[91.7376,22.5479],[91.7578,22.5135],[91.7582,22.4998],[91.7683,22.4928],[91.7576,22.4747],[91.7741,22.4543],[91.794,22.3944],[91.7845,22.3817],[91.7461,22.3639],[91.7423,22.3771],[91.7516,22.3771],[91.7396,22.4087],[91.644,22.4067],[91.6349,22.4509],[91.6157,22.4966],[91.5572,22.5792],[91.5211,22.6178],[91.5188,22.6304],[91.4976,22.6487],[91.5732,22.6861],[91.5923,22.679],[91.5997,22.6639],[91.6172,22.6688],[91.6036,22.6801],[91.6069,22.6858],[91.6323,22.6833],[91.6321,22.6884],[91.6542,22.6983],[91.6802,22.6497],[91.6816,22.6361]]]}},{"type":"Feature","properties":{"unit_id":"BD20220016","level":"upazila","name_en":"Chakaria","name_bn":"Chakaria","division":"Chattogram"},"geometry":{"type":"Polygon","coordinates":[[[92.0852,21.8849],[92.0853,21.8553],[92.0931,21.8373],[92.0794,21.8211],[92.083,21.8053],[92.1037,21.804],[92.1096,21.7884],[92.1339,21.7943],[92.1458,21.7757],[92.1645,21.7731],[92.1805,21.7906],[92.185,21.7871],[92.1848,21.7778],[92.1913,21.7753],[92.1916,21.7908],[92.1694,21.8347],[92.1708,21.842],[92.1812,21.8447],[92.1858,21.8433],[92.1849,21.8315],[92.1808,21.8323],[92.1875,21.8178],[92.1979,21.8241],[92.2055,21.816],[92.2128,21.7879],[92.1964,21.786],[92.1937,21.7747],[92.1903,21.7735],[92.1831,21.7768],[92.1823,21.7881],[92.1767,21.7861],[92.1767,21.7785],[92.1626,21.7685],[92.1539,21.7457],[92.1563,21.7349],[92.1127,21.7376],[92.1208,21.7185],[92.1091,21.7166],[92.1159,21.7023],[92.1074,21.7021],[92.1054,21.6913],[92.0943,21.6833],[92.1034,21.6797],[92.1022,21.6677],[92.1136,21.6642],[92.1017,21.6525],[92.1158,21.6464],[92.099,21.6377],[92.1422,21.6157],[92.147,21.6074],[92.1408,21.5931],[92.1185,21.5778],[92.1153,21.5844],[92.1135,21.5761],[92.0994,21.584],[92.0987,21.5788],[92.0831,21.5814],[92.0727,21.5743],[92.0673,21.5946],[92.0618,21.5928],[92.0557,21.6016],[92.0463,21.5984],[92.0445,21.6051],[92.0331,21.6091],[92.0269,21.5959],[92.0102,21.5974],[92.0199,21.6065],[92.018,21.6128],[92.0085,21.6143],[92.0015,21.6315],[92.0044,21.6684],[91.9868,21.661],[91.9689,21.6681],[91.9568,21.6857],[91.9451,21.7414],[91.937,21.7466],[91.9526,21.7891],[91.9793,21.7894],[91.9893,21.8012],[91.999,21.7938],[92.0053,21.8085],[92.0222,21.8066],[92.0177,21.8212],[92.023,21.8371],[92.015,21.8351],[92.0192,21.8449],[92.0049,21.8329],[92.0067,21.8397],[91.9975,21.8385],[92.0068,21.8476],[91.9946,21.8425],[91.9954,21.852],[91.983,21.8496],[91.9889,21.8525],[91.9846,21.8521],[91.9896,21.8576],[91.9844,21.8605],[91.9914,21.8629],[91.9935,21.8722],[91.9818,21.8847],[91.9859,21.891],[91.9829,21.8913],[91.9785,21.8878],[91.9831,21.8932],[91.9912,21.8967],[91.9835,21.9011],[91.9983,21.9087],[92.0344,21.9051],[92.041,21.9145],[92.0387,21.9219],[92.0501,21.9164],[92.0568,21.922],[92.0622,21.9028],[92.0852,21.8849]]]}},{"type":"Feature","properties":{"unit_id":"BD20220024","level":"upazila","name_en":"Coxs Bazar Sadar","name_bn":"Coxs Bazar Sadar","division":"Chattogram"},"geometry":{"type":"Polygon","coordinates":[[[92.0209,21.5357],[92.0391,21.5339],[92.0409,21.5411],[92.0571,21.5329],[92.0501,21.5186],[92.0439,21.5183],[92.0425,21.5072],[92.0597,21.5054],[92.0629,21.4895],[92.0779,21.4897],[92.0746,21.4798],[92.0617,21.4805],[92.056,21.4718],[92.0636,21.4709],[92.0617,21.443],[92.0691,21.4242],[92.0512,21.4195],[92.0497,21.4261],[92.0365,21.4264],[92.0067,21.3937],[91.9967,21.3966],[91.946,21.464],[91.9754,21.4748],[92.0074,21.5153],[92.0016,21.5199],[91.9996,21.5404],[92.0197,21.5452],[92.0209,21.5357]]]}},{"type":"Feature","properties":{"unit_id":"BD20220032","level":"upazila","name_en":"Eidgaon","name_bn":"Eidgaon","division":"Chattogram"},"geometry":{"type":"Polygon","coordinates":[[[92.0557,21.6016],[92.0618,21.5928],[92.0673,21.5946],[92.0727,21.5743],[92.101,21.5836],[92.1046,21.5782],[92.098,21.5692],[92.105,21.568],[92.1067,21.559],[92.0875,21.5497],[92.1235,21.5448],[92.1299,21.5254],[92.1266,21.5174],[92.133,21.511],[92.1282,21.5016],[92.1198,21.5018],[92.1171,21.5111],[92.1064,21.5171],[92.0932,21.5111],[92.0783,21.5198],[92.0501,21.5186],[92.0572,21.532],[92.0492,21.539],[92.027,21.5343],[92.0198,21.5366],[92.0181,21.5455],[91.9996,21.5404],[91.9943,21.5755],[92.0021,21.5923],[92.0285,21.5968],[92.032,21.609],[92.0463,21.5984],[92.0557,21.6016]]]}},{"type":"Feature","properties":{"unit_id":"BD20220045","level":"upazila","name_en":"Kutubdia","name_bn":"Kutubdia","division":"Chattogram"},"geometry":{"type":"Polygon","coordinates":[[[91.8944,21.8906],[91.8946,21.8608],[91.8452,21.7406],[91.8457,21.7243],[91.8332,21.7212],[91.8295,21.7432],[91.8331,21.7603],[91.8447,21.7754],[91.8421,21.8051],[91.8512,21.8245],[91.8409,21.8585],[91.8463,21.8993],[91.8674,21.9224],[91.8747,21.9231],[91.8944,21.8906]]]}},{"type":"Feature","properties":{"unit_id":"BD20220049","level":"upazila","name_en":"Maheshkhali","name_bn":"Maheshkhali","division":"Chattogram"},"geometry":{"type":"Polygon","coordinates":[[[91.9137,21.7179],[91.9363,21.7282],[91.9365,21.7214],[91.9468,21.7184],[91.9568,21.6857],[91.9703,21.6668],[91.9868,21.661],[92.0044,21.6684],[92.0076,21.6611],[92.0015,21.6315],[92.0195,21.6033],[92.0021,21.5923],[91.9943,21.5723],[92.0016,21.5199],[92.0074,21.5153],[91.9756,21.4807],[91.9618,21.4999],[91.9528,21.4976],[91.9442,21.5035],[91.9218,21.491],[91.9176,21.4742],[91.8939,21.4745],[91.8664,21.4956],[91.8419,21.5339],[91.8533,21.5624],[91.8464,21.587],[91.8436,21.6477],[91.856,21.6906],[91.8728,21.7222],[91.8557,21.7315],[91.8728,21.7751],[91.9169,21.7531],[91.9137,21.7179]]]}},{"type":"Feature","properties":{"unit_id":"BD20220056","level":"upazila","name_en":"Pekua","name_bn":"Pekua","division":"Chattogram"},"geometry":{"type":"Polygon","coordinates":[[[91.9785,21.8878],[91.9859,21.891],[91.9818,21.8847],[91.9935,21.8722],[91.9914,21.8629],[91.9844,21.8605],[91.9896,21.8576],[91.9846,21.8521],[91.9889,21.8525],[91.983,21.8496],[91.9954,21.852],[91.9946,21.8425],[92.0068,21.8476],[92.005,21.8429],[91.9975,21.8385],[92.0067,21.8397],[92.0049,21.8329],[92.0192,21.8449],[92.015,21.8351],[92.023,21.8371],[92.0177,21.8212],[92.0222,21.8066],[92.0053,21.8085],[91.999,21.7938],[91.9893,21.8012],[91.9793,21.7894],[91.951,21.7879],[91.9367,21.7481],[91.9451,21.7414],[91.9468,21.7184],[91.9365,21.7214],[91.9363,21.7282],[91.9137,21.7179],[91.9162,21.7544],[91.8728,21.7751],[91.904,21.8591],[91.9229,21.8558],[91.9242,21.8765],[91.9399,21.8779],[91.9451,21.8862],[91.9516,21.8824],[91.9577,21.891],[91.9647,21.8815],[91.9717,21.9035],[91.9913,21.8971],[91.9785,21.8878]]]}},{"type":"Feature","properties":{"unit_id":"BD20220066","level":"upazila","name_en":"Ramu","name_bn":"Ramu","division":"Chattogram"},"geometry":{"type":"Polygon","coordinates":[[[92.1705,21.5845],[92.1859,21.5645],[92.1798,21.5518],[92.1588,21.5357],[92.1606,21.5253],[92.1748,21.5005],[92.1834,21.5062],[92.1859,21.4946],[92.187,21.5037],[92.2017,21.5084],[92.2039,21.4958],[92.2168,21.4988],[92.2249,21.4884],[92.2235,21.4775],[92.2378,21.4746],[92.2408,21.4499],[92.2283,21.4432],[92.2328,21.4263],[92.2411,21.4227],[92.2375,21.4115],[92.2475,21.403],[92.2409,21.395],[92.2189,21.3983],[92.2017,21.3892],[92.1872,21.4259],[92.1621,21.4326],[92.1552,21.4238],[92.1564,21.4122],[92.1443,21.4007],[92.1277,21.4023],[92.1443,21.3492],[92.1283,21.3425],[92.1177,21.3267],[92.1091,21.3282],[92.0977,21.313],[92.0843,21.3071],[92.085,21.301],[92.0735,21.2997],[92.0738,21.2928],[92.0529,21.2901],[92.035,21.3148],[92.0188,21.366],[91.9987,21.3947],[92.0171,21.4006],[92.0365,21.4264],[92.0497,21.4261],[92.0512,21.4195],[92.0691,21.4242],[92.0617,21.443],[92.0636,21.4709],[92.056,21.4718],[92.0617,21.4805],[92.0746,21.4798],[92.0779,21.4903],[92.0629,21.4895],[92.0597,21.5054],[92.0425,21.5072],[92.0436,21.5177],[92.0769,21.52],[92.0858,21.5174],[92.0849,21.5123],[92.0988,21.5111],[92.1064,21.5171],[92.1171,21.5111],[92.1198,21.5018],[92.1282,21.5016],[92.133,21.511],[92.1266,21.5174],[92.1299,21.5254],[92.1235,21.5448],[92.0874,21.5503],[92.1067,21.559],[92.0982,21.571],[92.1046,21.5785],[92.1135,21.5761],[92.1153,21.5844],[92.1162,21.578],[92.1224,21.5793],[92.1424,21.596],[92.152,21.5918],[92.1646,21.6032],[92.1746,21.5925],[92.1705,21.5845]]]}},{"type":"Feature","properties":{"unit_id":"BD20220090","level":"upazila","name_en":"Teknaf","name_bn":"Teknaf","division":"Chattogram"},"geometry":{"type":"MultiPolygon","coordinates":[[[[92.1575,21.141],[92.1684,21.1454],[92.1698,21.14],[92.1773,21.1462],[92.1808,21.1364],[92.1875,21.1391],[92.1869,21.147],[92.203,21.1496],[92.1981,21.1382],[92.2014,21.1241],[92.2075,21.119],[92.2239,21.1204],[92.2341,21.0971],[92.2588,21.0792],[92.2646,21.0623],[92.254,21.0237],[92.2636,21.0117],[92.2715,20.9808],[92.2709,20.9404],[92.3159,20.8847],[92.3687,20.7178],[92.3456,20.7201],[92.3143,20.7436],[92.2808,20.827],[92.2175,20.9267],[92.1868,21.008],[92.1245,21.0837],[92.1377,21.0869],[92.1372,21.0951],[92.0888,21.1375],[92.1037,21.1544],[92.1255,21.1566],[92.1575,21.141]]],[[[92.3261,20.6188],[92.3312,20.5907],[92.3246,20.5946],[92.325,20.6183],[92.3151,20.6276],[92.3296,20.636],[92.3261,20.6188]]]]}},{"type":"Feature","properties":{"unit_id":"BD20220094","level":"upazila","name_en":"Ukhia","name_bn":"Ukhia","division":"Chattogram"},"geometry":{"type":"Polygon","coordinates":[[[92.1786,21.271],[92.1916,21.266],[92.1648,21.2151],[92.1736,21.1979],[92.1694,21.1901],[92.1764,21.1835],[92.1734,21.1699],[92.1774,21.1595],[92.1998,21.1615],[92.2034,21.1504],[92.1869,21.147],[92.1875,21.1391],[92.1808,21.1364],[92.1773,21.1462],[92.1698,21.14],[92.1684,21.1454],[92.1575,21.141],[92.129,21.157],[92.103,21.1539],[92.0888,21.1375],[92.1372,21.0951],[92.1377,21.0869],[92.1245,21.0837],[92.0592,21.1604],[92.0462,21.1846],[92.048,21.2862],[92.0417,21.3061],[92.043,21.3058],[92.0512,21.2946],[92.0529,21.2901],[92.0738,21.2928],[92.0735,21.2997],[92.085,21.301],[92.0843,21.3071],[92.0977,21.313],[92.1091,21.3282],[92.1177,21.3267],[92.1283,21.3425],[92.1443,21.3492],[92.1786,21.271]]]}},{"type":"Feature","properties":{"unit_id":"BD20190067","level":"upazila","name_en":"Adarsha Sadar","name_bn":"Adarsha Sadar","division":"Chattogram"},"geometry":{"type":"Polygon","coordinates":[[[91.2076,23.5125],[91.2232,23.5148],[91.2179,23.4997],[91.2355,23.5022],[91.2365,23.4897],[91.2492,23.4897],[91.254,23.4383],[91.2219,23.421],[91.2213,23.4297],[91.2118,23.4374],[91.2127,23.4483],[91.203,23.4459],[91.2102,23.4724],[91.1885,23.4665],[91.1857,23.4799],[91.1722,23.486],[91.1643,23.4699],[91.1696,23.4492],[91.1406,23.4483],[91.1321,23.4438],[91.1343,23.4382],[91.1167,23.438],[91.1118,23.4119],[91.1,23.4096],[91.0957,23.4194],[91.1022,23.4275],[91.0825,23.4284],[91.0799,23.4444],[91.0594,23.4624],[91.0687,23.4646],[91.0778,23.4769],[91.1078,23.4677],[91.1119,23.4609],[91.1083,23.4857],[91.1173,23.4848],[91.1189,23.4918],[91.1277,23.4908],[91.1256,23.4827],[91.1495,23.4866],[91.1594,23.5242],[91.1976,23.5237],[91.2076,23.5125]]]}},{"type":"Feature","properties":{"unit_id":"BD20190009","level":"upazila","name_en":"Barura","name_bn":"Barura","division":"Chattogram"},"geometry":{"type":"Polygon","coordinates":[[[91.1234,23.3664],[91.1391,23.3506],[91.1291,23.3437],[91.1134,23.3457],[91.115,23.333],[91.1016,23.3257],[91.094,23.3293],[91.092,23.3168],[91.0783,23.3154],[91.0811,23.302],[91.0675,23.3002],[91.0659,23.2825],[91.0435,23.2723],[91.0432,23.2517],[91.0375,23.252],[91.0282,23.2287],[91.0243,23.2469],[91.0144,23.2486],[91.0128,23.2647],[91.0091,23.2704],[91.0045,23.2676],[90.9942,23.2928],[90.9812,23.2874],[90.9724,23.3207],[90.9558,23.334],[90.9554,23.3535],[90.9777,23.3533],[90.9733,23.3773],[90.9641,23.379],[90.962,23.3862],[90.9662,23.3936],[90.9587,23.396],[90.9711,23.396],[90.968,23.4105],[90.9807,23.4121],[90.987,23.4061],[91.007,23.4115],[91.0032,23.4368],[91.0193,23.4329],[91.0277,23.4438],[91.039,23.4446],[91.0462,23.4371],[91.041,23.4534],[91.0624,23.4577],[91.0799,23.4444],[91.0825,23.4284],[91.1022,23.4275],[91.0957,23.4194],[91.0993,23.4102],[91.1117,23.4118],[91.1234,23.3664]]]}},{"type":"Feature","properties":{"unit_id":"BD20190015","level":"upazila","name_en":"Brahmanpara","name_bn":"Brahmanpara","division":"Chattogram"},"geometry":{"type":"Polygon","coordinates":[[[91.0688,23.7304],[91.0781,23.7371],[91.0737,23.7279],[91.0857,23.7302],[91.0813,23.7202],[91.1097,23.7174],[91.098,23.7096],[91.1076,23.7093],[91.1059,23.7061],[91.1017,23.7049],[91.1066,23.7023],[91.1087,23.7069],[91.1115,23.6933],[91.118,23.6977],[91.118,23.6852],[91.1276,23.6823],[91.1205,23.676],[91.1256,23.6686],[91.1408,23.6644],[91.1543,23.6698],[91.1607,23.6544],[91.16,23.6138],[91.1339,23.614],[91.1208,23.6071],[91.112,23.5821],[91.0914,23.5782],[91.084,23.5595],[91.0751,23.5546],[91.074,23.5639],[91.0606,23.5566],[91.0588,23.5688],[91.0619,23.586],[91.0725,23.5902],[91.0684,23.6089],[91.0653,23.597],[91.0563,23.5996],[91.0612,23.6239],[91.0596,23.6393],[91.0534,23.6417],[91.0603,23.6592],[91.0578,23.6612],[91.0441,23.6554],[91.0392,23.663],[91.0491,23.6712],[91.0671,23.6673],[91.0658,23.6768],[91.0566,23.6802],[91.0554,23.7033],[91.0486,23.7117],[91.064,23.7392],[91.0716,23.7397],[91.0688,23.7304]]]}},{"type":"Feature","properties":{"unit_id":"BD20190018","level":"upazila","name_en":"Burichang","name_bn":"Burichang","division":"Chattogram"},"geometry":{"type":"Polygon","coordinates":[[[91.1634,23.5947],[91.1764,23.5938],[91.1748,23.5861],[91.1867,23.5782],[91.1948,23.5634],[91.1942,23.5477],[91.2125,23.551],[91.2007,23.5203],[91.1847,23.5264],[91.1601,23.5249],[91.1498,23.4867],[91.1256,23.4827],[91.1277,23.4908],[91.1189,23.4918],[91.1173,23.4848],[91.1083,23.4857],[91.1119,23.4609],[91.0865,23.4766],[91.0778,23.4769],[91.064,23.4626],[91.0506,23.4708],[91.0323,23.4717],[91.0336,23.4944],[91.0437,23.496],[91.0408,23.5144],[91.043,23.5291],[91.05,23.5258],[91.0531,23.5614],[91.0635,23.5561],[91.074,23.5639],[91.0745,23.5549],[91.0809,23.5561],[91.0914,23.5782],[91.112,23.5821],[91.1208,23.6071],[91.162,23.6124],[91.1634,23.5947]]]}},{"type":"Feature","properties":{"unit_id":"BD20190027","level":"upazila","name_en":"Chandina","name_bn":"Chandina","division":"Chattogram"},"geometry":{"type":"Polygon","coordinates":[[[90.9351,23.5033],[90.938,23.5082],[90.9461,23.503],[90.954,23.51],[90.9518,23.5007],[90.973,23.4939],[90.9842,23.4966],[90.9974,23.4893],[91.009,23.4933],[91.0306,23.4824],[91.0323,23.4717],[91.0511,23.4705],[91.0613,23.4574],[91.041,23.4534],[91.0462,23.4371],[91.039,23.4446],[91.0277,23.4438],[91.0193,23.4329],[91.0032,23.4368],[91.0063,23.4111],[90.987,23.4061],[90.9807,23.4121],[90.9673,23.4102],[90.9711,23.396],[90.9587,23.396],[90.9662,23.3936],[90.962,23.3862],[90.9641,23.379],[90.9733,23.3773],[90.9777,23.3533],[90.9578,23.3549],[90.9489,23.3427],[90.9328,23.3472],[90.928,23.3795],[90.9114,23.3875],[90.9085,23.3955],[90.8978,23.3961],[90.899,23.4079],[90.8911,23.4088],[90.8771,23.4541],[90.8511,23.4593],[90.8482,23.4706],[90.8524,23.4985],[90.862,23.4988],[90.8687,23.5085],[90.8804,23.5038],[90.9327,23.5092],[90.9351,23.5033]]]}},{"type":"Feature","properties":{"unit_id":"BD20190031","level":"upazila","name_en":"Chauddagram","name_bn":"Chauddagram","division":"Chattogram"},"geometry":{"type":"Polygon","coordinates":[[[91.2594,23.3515],[91.2859,23.348],[91.3196,23.3599],[91.3109,23.3524],[91.3105,23.3426],[91.2965,23.3408],[91.2902,23.3195],[91.3098,23.3146],[91.3146,23.3048],[91.3153,23.2979],[91.3073,23.3006],[91.3002,23.293],[91.3024,23.2863],[91.3167,23.2814],[91.3111,23.2718],[91.3176,23.2535],[91.3265,23.2525],[91.3187,23.2452],[91.3237,23.2376],[91.3235,23.1593],[91.3326,23.1531],[91.3415,23.1185],[91.3471,23.1184],[91.347,23.1017],[91.3693,23.0702],[91.329,23.0662],[91.3145,23.0567],[91.3138,23.0499],[91.2869,23.0534],[91.2843,23.0723],[91.2964,23.072],[91.2793,23.077],[91.2781,23.0922],[91.2682,23.0966],[91.2856,23.1132],[91.278,23.1191],[91.2868,23.1226],[91.2654,23.13],[91.2676,23.1349],[91.2614,23.1353],[91.2666,23.1437],[91.2603,23.1467],[91.2655,23.1538],[91.2569,23.1517],[91.2699,23.1711],[91.259,23.1724],[91.2678,23.1761],[91.2614,23.1785],[91.263,23.1856],[91.2675,23.1829],[91.2739,23.194],[91.2657,23.1875],[91.2575,23.2027],[91.2675,23.2019],[91.2503,23.2176],[91.2682,23.2284],[91.2636,23.2311],[91.2579,23.2275],[91.2575,23.2382],[91.2346,23.2291],[91.2402,23.2347],[91.2267,23.2388],[91.2367,23.2388],[91.2355,23.2432],[91.224,23.244],[91.2227,23.249],[91.2103,23.2425],[91.2219,23.2625],[91.2073,23.2639],[91.2065,23.303],[91.1983,23.3076],[91.1952,23.3196],[91.2057,23.3348],[91.1893,23.3529],[91.2101,23.3515],[91.2131,23.3583],[91.2065,23.3646],[91.2358,23.3633],[91.2594,23.3515]]]}},{"type":"Feature","properties":{"unit_id":"BD20190036","level":"upazila","name_en":"Daudkandi","name_bn":"Daudkandi","division":"Chattogram"},"geometry":{"type":"Polygon","coordinates":[[[90.7463,23.5637],[90.7374,23.5563],[90.7744,23.5416],[90.8302,23.5639],[90.8363,23.557],[90.8505,23.5662],[90.859,23.5644],[90.8627,23.5573],[90.8545,23.5543],[90.8701,23.5536],[90.8738,23.5296],[90.868,23.5237],[90.8759,23.5204],[90.8817,23.5069],[90.8694,23.5087],[90.862,23.4988],[90.8524,23.4985],[90.8512,23.4717],[90.8173,23.4632],[90.8169,23.4472],[90.7997,23.447],[90.7938,23.4332],[90.7707,23.4477],[90.7687,23.4349],[90.7594,23.4278],[90.7623,23.4226],[90.7528,23.4137],[90.7481,23.4222],[90.7343,23.4266],[90.7348,23.4142],[90.7294,23.425],[90.7114,23.4326],[90.7098,23.4532],[90.6863,23.4954],[90.7043,23.5063],[90.7076,23.5175],[90.6853,23.5542],[90.7008,23.557],[90.7034,23.5773],[90.7055,23.5701],[90.7173,23.5728],[90.7229,23.5831],[90.7325,23.5786],[90.732,23.5903],[90.7413,23.5905],[90.7463,23.5637]]]}},{"type":"Feature","properties":{"unit_id":"BD20190040","level":"upazila","name_en":"Debidwar","name_bn":"Debidwar","division":"Chattogram"},"geometry":{"type":"Polygon","coordinates":[[[91.0531,23.5614],[91.05,23.5258],[91.043,23.5291],[91.0408,23.5144],[91.0437,23.496],[91.0343,23.4955],[91.034,23.482],[91.0072,23.494],[90.9972,23.4893],[90.9842,23.4966],[90.9672,23.4952],[90.9518,23.5007],[90.9536,23.5101],[90.9461,23.503],[90.938,23.5082],[90.9351,23.5033],[90.9315,23.5105],[90.8909,23.5061],[90.8923,23.5145],[90.9045,23.5189],[90.9191,23.5683],[90.9362,23.5674],[90.9365,23.577],[90.9466,23.578],[90.9421,23.6002],[90.9505,23.6174],[90.9631,23.623],[90.9673,23.6351],[90.99,23.6338],[90.9858,23.6414],[90.9939,23.6353],[90.9979,23.6486],[90.9893,23.6504],[90.9973,23.6604],[90.9913,23.6776],[91.001,23.678],[91.018,23.698],[91.0191,23.6934],[91.0371,23.6958],[91.0489,23.7079],[91.0554,23.7033],[91.0566,23.6802],[91.0679,23.6734],[91.0671,23.6673],[91.0491,23.6712],[91.0392,23.663],[91.0441,23.6554],[91.0603,23.6592],[91.0534,23.6417],[91.0596,23.6393],[91.0612,23.6239],[91.0563,23.5996],[91.0653,23.597],[91.0684,23.6089],[91.0725,23.5902],[91.0619,23.586],[91.0606,23.5566],[91.0531,23.5614]]]}},{"type":"Feature","properties":{"unit_id":"BD20190054","level":"upazila","name_en":"Homna","name_bn":"Homna","division":"Chattogram"},"geometry":{"type":"Polygon","coordinates":[[[90.8281,23.7344],[90.8352,23.7244],[90.853,23.7252],[90.8694,23.718],[90.8829,23.7239],[90.8654,23.7099],[90.8826,23.6882],[90.8594,23.6708],[90.8639,23.6663],[90.8753,23.6772],[90.8774,23.6681],[90.8477,23.6282],[90.8339,23.6329],[90.822,23.6195],[90.8103,23.6337],[90.801,23.6267],[90.7961,23.6423],[90.7859,23.6282],[90.7645,23.6256],[90.759,23.6327],[90.7652,23.6486],[90.7426,23.6556],[90.733,23.6699],[90.7415,23.6929],[90.7605,23.6996],[90.7712,23.6843],[90.7851,23.687],[90.7859,23.6986],[90.775,23.7099],[90.7796,23.733],[90.793,23.742],[90.7986,23.7555],[90.8018,23.7349],[90.8281,23.7344]]]}},{"type":"Feature","properties":{"unit_id":"BD20190072","level":"upazila","name_en":"Laksam","name_bn":"Laksam","division":"Chattogram"},"geometry":{"type":"Polygon","coordinates":[[[91.0845,23.3016],[91.0876,23.2951],[91.0941,23.289],[91.1065,23.2905],[91.1061,23.2801],[91.1188,23.2811],[91.1154,23.2657],[91.1217,23.27],[91.131,23.2633],[91.1443,23.2655],[91.1405,23.2539],[91.1498,23.2535],[91.1506,23.2475],[91.1737,23.2494],[91.1703,23.2387],[91.1827,23.2275],[91.1766,23.1981],[91.1554,23.1779],[91.1352,23.1748],[91.135,23.1656],[91.1296,23.1737],[91.0862,23.1679],[91.0948,23.1873],[91.0756,23.2062],[91.0762,23.2176],[91.066,23.2164],[91.054,23.1989],[91.039,23.2014],[91.0408,23.2125],[91.0257,23.2181],[91.0347,23.2384],[91.0311,23.2422],[91.0432,23.2517],[91.0435,23.2723],[91.0659,23.2825],[91.0675,23.3002],[91.0811,23.302],[91.0783,23.3154],[91.0951,23.3115],[91.0845,23.3016]]]}},{"type":"Feature","properties":{"unit_id":"BD20190073","level":"upazila","name_en":"Lalmai","name_bn":"Lalmai","division":"Chattogram"},"geometry":{"type":"Polygon","coordinates":[[[91.2053,23.3364],[91.1952,23.3196],[91.1983,23.3076],[91.2065,23.303],[91.2073,23.2639],[91.2219,23.2625],[91.2008,23.2247],[91.1765,23.2288],[91.1703,23.2387],[91.1737,23.2494],[91.1563,23.2464],[91.1405,23.2539],[91.1443,23.2655],[91.131,23.2633],[91.1217,23.27],[91.1159,23.2653],[91.1188,23.2811],[91.1061,23.2801],[91.1065,23.2905],[91.0941,23.289],[91.0845,23.3016],[91.0944,23.3086],[91.0902,23.3165],[91.094,23.3293],[91.1016,23.3257],[91.115,23.333],[91.1134,23.3457],[91.1292,23.3437],[91.1391,23.3508],[91.1323,23.3528],[91.1467,23.3569],[91.1666,23.3537],[91.1735,23.3612],[91.1854,23.3585],[91.2053,23.3364]]]}},{"type":"Feature","properties":{"unit_id":"BD20190074","level":"upazila","name_en":"Manoharganj","name_bn":"Manoharganj","division":"Chattogram"},"geometry":{"type":"Polygon","coordinates":[[[91.1241,23.1559],[91.119,23.1362],[91.1323,23.107],[91.143,23.0996],[91.1389,23.0988],[91.1438,23.0939],[91.1365,23.0932],[91.1454,23.087],[91.1397,23.0719],[91.0792,23.0685],[91.0803,23.0744],[91.0644,23.0759],[91.0437,23.0882],[91.0364,23.1129],[91.0241,23.1044],[91.0136,23.1143],[90.9858,23.1154],[90.9796,23.133],[91.0081,23.1411],[91.0113,23.1536],[91.0051,23.1544],[91.0069,23.1663],[90.9989,23.1808],[91.0179,23.1944],[91.0126,23.1959],[91.014,23.2118],[91.0257,23.2181],[91.0408,23.2125],[91.039,23.2014],[91.054,23.1989],[91.066,23.2164],[91.0762,23.2176],[91.0756,23.2062],[91.0948,23.1873],[91.0862,23.1679],[91.1296,23.1737],[91.134,23.1566],[91.1241,23.1559]]]}},{"type":"Feature","properties":{"unit_id":"BD20190075","level":"upazila","name_en":"Meghna","name_bn":"Meghna","division":"Chattogram"},"geometry":{"type":"Polygon","coordinates":[[[90.733,23.6699],[90.7426,23.6556],[90.762,23.6514],[90.766,23.6432],[90.7608,23.6334],[90.7388,23.6309],[90.7343,23.6007],[90.7044,23.5806],[90.7007,23.557],[90.6853,23.5542],[90.6697,23.5701],[90.6447,23.5769],[90.6476,23.5891],[90.6638,23.5916],[90.651,23.6183],[90.639,23.6145],[90.6252,23.6192],[90.645,23.6763],[90.6635,23.6746],[90.6787,23.683],[90.713,23.6652],[90.733,23.6699]]]}},{"type":"Feature","properties":{"unit_id":"BD20190081","level":"upazila","name_en":"Muradnagar","name_bn":"Muradnagar","division":"Chattogram"},"geometry":{"type":"Polygon","coordinates":[[[91.0387,23.775],[91.0442,23.7794],[91.0473,23.7739],[91.0416,23.7638],[91.0528,23.7696],[91.0488,23.7596],[91.0577,23.7641],[91.0545,23.7553],[91.0649,23.7595],[91.0571,23.7465],[91.0672,23.7414],[91.0526,23.7133],[91.0371,23.6958],[91.0191,23.6934],[91.0181,23.6981],[91.001,23.678],[90.9913,23.6776],[90.9973,23.6604],[90.9893,23.6504],[90.9979,23.6486],[90.9939,23.6353],[90.9858,23.6414],[90.99,23.6338],[90.9674,23.6351],[90.9631,23.623],[90.9525,23.6197],[90.9421,23.6002],[90.9466,23.578],[90.9365,23.577],[90.9362,23.5674],[90.9191,23.5683],[90.9045,23.5189],[90.8923,23.5145],[90.8909,23.5061],[90.8817,23.5069],[90.8759,23.5204],[90.868,23.5237],[90.8737,23.5287],[90.8719,23.5475],[90.8636,23.5537],[90.8724,23.5673],[90.8679,23.565],[90.8646,23.5849],[90.8582,23.586],[90.8595,23.5977],[90.8532,23.6008],[90.8591,23.6254],[90.8503,23.6319],[90.8775,23.6684],[90.8753,23.6772],[90.8639,23.6663],[90.8594,23.6708],[90.8826,23.6882],[90.8655,23.7115],[90.8823,23.721],[90.8851,23.753],[90.9013,23.7669],[90.9148,23.7647],[90.9987,23.7867],[90.995,23.7945],[91.0038,23.7879],[91.035,23.7957],[91.0387,23.775]]]}},{"type":"Feature","properties":{"unit_id":"BD20190087","level":"upazila","name_en":"Nangalkot","name_bn":"Nangalkot","division":"Chattogram"},"geometry":{"type":"Polygon","coordinates":[[[91.2355,23.2432],[91.2367,23.2388],[91.2267,23.2388],[91.2402,23.2347],[91.2346,23.2291],[91.2575,23.2382],[91.2579,23.2275],[91.2682,23.2283],[91.2503,23.2176],[91.2675,23.2019],[91.2575,23.2027],[91.2657,23.1875],[91.2739,23.194],[91.2675,23.1829],[91.263,23.1856],[91.2614,23.1785],[91.2678,23.1761],[91.259,23.1724],[91.2699,23.1711],[91.2569,23.1517],[91.2655,23.1538],[91.2603,23.1467],[91.2666,23.1437],[91.2614,23.1353],[91.2676,23.1349],[91.2654,23.13],[91.2868,23.1226],[91.278,23.1191],[91.2856,23.1132],[91.2682,23.0966],[91.2781,23.0922],[91.2793,23.077],[91.2964,23.072],[91.2843,23.0723],[91.286,23.0553],[91.2775,23.0612],[91.2719,23.0547],[91.2383,23.0594],[91.2363,23.0668],[91.2262,23.0665],[91.2237,23.0588],[91.2177,23.0666],[91.1871,23.0601],[91.1824,23.0671],[91.1707,23.0685],[91.1646,23.0827],[91.1459,23.0788],[91.1446,23.0917],[91.1364,23.0922],[91.1438,23.0939],[91.1389,23.0988],[91.1429,23.0997],[91.1323,23.107],[91.1195,23.1331],[91.1242,23.1561],[91.1341,23.1567],[91.1349,23.1746],[91.1554,23.1779],[91.1766,23.1981],[91.1829,23.2262],[91.2008,23.2247],[91.2161,23.2462],[91.2227,23.249],[91.224,23.244],[91.2355,23.2432]]]}},{"type":"Feature","properties":{"unit_id":"BD20190033","level":"upazila","name_en":"Sadar Dakkhin","name_bn":"Sadar Dakkhin","division":"Chattogram"},"geometry":{"type":"Polygon","coordinates":[[[91.2698,23.4298],[91.2638,23.4232],[91.276,23.4141],[91.2799,23.377],[91.293,23.3773],[91.2936,23.3712],[91.2846,23.3703],[91.2863,23.3629],[91.294,23.3613],[91.2905,23.349],[91.2082,23.3658],[91.213,23.3556],[91.2051,23.3499],[91.1814,23.362],[91.1666,23.3537],[91.1308,23.3534],[91.1117,23.4118],[91.1166,23.4249],[91.1283,23.4251],[91.1275,23.4117],[91.132,23.4114],[91.1457,23.4161],[91.1452,23.432],[91.1647,23.4373],[91.1564,23.4062],[91.1852,23.4093],[91.1882,23.4155],[91.2126,23.411],[91.2119,23.4015],[91.2259,23.3862],[91.234,23.3905],[91.2296,23.4007],[91.2414,23.4128],[91.2391,23.4193],[91.2292,23.4178],[91.2315,23.4288],[91.2529,23.437],[91.2539,23.449],[91.2698,23.4298]]]}},{"type":"Feature","properties":{"unit_id":"BD20190094","level":"upazila","name_en":"Titas","name_bn":"Titas","division":"Chattogram"},"geometry":{"type":"Polygon","coordinates":[[[90.8009,23.6268],[90.8103,23.6337],[90.8202,23.6197],[90.8351,23.6333],[90.8579,23.6278],[90.8597,23.6122],[90.8532,23.6008],[90.8595,23.5977],[90.8582,23.5861],[90.8646,23.5849],[90.8679,23.5651],[90.8726,23.5663],[90.866,23.5547],[90.8545,23.5543],[90.8627,23.5573],[90.859,23.5644],[90.8505,23.5662],[90.8363,23.557],[90.8302,23.5639],[90.7744,23.5416],[90.7374,23.5563],[90.7465,23.5652],[90.7407,23.5912],[90.7318,23.5901],[90.7321,23.5783],[90.7229,23.5831],[90.7173,23.5728],[90.7054,23.5703],[90.7047,23.581],[90.7346,23.6011],[90.7395,23.6315],[90.7507,23.6344],[90.7652,23.6254],[90.7788,23.6268],[90.7979,23.6403],[90.8009,23.6268]]]}},{"type":"Feature","properties":{"unit_id":"BD20300014","level":"upazila","name_en":"Chhagalnaiya","name_bn":"Chhagalnaiya","division":"Chattogram"},"geometry":{"type":"Polygon","coordinates":[[[91.5115,23.1045],[91.5227,23.1042],[91.5194,23.0944],[91.5304,23.0914],[91.5256,23.0832],[91.5354,23.0638],[91.5252,23.0555],[91.5367,23.0546],[91.5306,23.0387],[91.5502,23.0387],[91.5384,23.0198],[91.5479,23.0191],[91.5424,22.999],[91.5567,22.9966],[91.5563,22.9789],[91.5789,22.965],[91.567,22.9518],[91.5482,22.9587],[91.5383,22.9463],[91.5278,22.9514],[91.5248,22.9455],[91.5389,22.9365],[91.5305,22.9297],[91.533,22.9194],[91.5051,22.9039],[91.4944,22.9092],[91.5134,22.9132],[91.5013,22.9362],[91.506,22.9425],[91.4989,22.9596],[91.51,22.9759],[91.5072,22.986],[91.4912,22.9971],[91.4935,23.0112],[91.4766,23.0175],[91.4416,23.0121],[91.4485,23.0384],[91.4417,23.0297],[91.4316,23.0366],[91.4421,23.0439],[91.4448,23.063],[91.4647,23.0684],[91.4653,23.0766],[91.4817,23.075],[91.4736,23.0789],[91.4698,23.1025],[91.4859,23.1031],[91.4885,23.1098],[91.5122,23.1097],[91.5115,23.1045]]]}},{"type":"Feature","properties":{"unit_id":"BD20300025","level":"upazila","name_en":"Daganbhuiyan","name_bn":"Daganbhuiyan","division":"Chattogram"},"geometry":{"type":"Polygon","coordinates":[[[91.3229,23.0374],[91.3057,23.0174],[91.3172,23.019],[91.3196,23.0261],[91.3326,23.0232],[91.324,23.0116],[91.3436,23.003],[91.3421,22.9963],[91.3617,22.9952],[91.3665,22.9861],[91.3615,22.9767],[91.3687,22.9718],[91.3554,22.9693],[91.355,22.951],[91.3467,22.9474],[91.355,22.9407],[91.3302,22.93],[91.3364,22.9248],[91.3305,22.9079],[91.3149,22.9029],[91.3098,22.907],[91.2982,22.8961],[91.2801,22.9016],[91.278,22.8926],[91.2627,22.8847],[91.2483,22.9043],[91.263,22.9114],[91.2605,22.9559],[91.2525,22.9631],[91.2652,23.0273],[91.2591,23.0375],[91.265,23.0394],[91.2562,23.0479],[91.2592,23.0559],[91.2719,23.0547],[91.2775,23.0612],[91.3148,23.0509],[91.3229,23.0374]]]}},{"type":"Feature","properties":{"unit_id":"BD20300029","level":"upazila","name_en":"Feni Sadar","name_bn":"Feni Sadar","division":"Chattogram"},"geometry":{"type":"Polygon","coordinates":[[[91.3957,23.056],[91.4227,23.0618],[91.4352,23.0478],[91.4306,23.0422],[91.4383,23.0424],[91.4327,23.0333],[91.4417,23.0297],[91.4485,23.0384],[91.4416,23.0121],[91.4766,23.0175],[91.4933,23.0116],[91.4912,22.9971],[91.5097,22.9785],[91.4989,22.9596],[91.506,22.9425],[91.5013,22.9362],[91.5125,22.912],[91.4784,22.9072],[91.4686,22.912],[91.4705,22.9173],[91.4585,22.9304],[91.4505,22.9284],[91.4425,22.9379],[91.4302,22.9136],[91.4197,22.9084],[91.4177,22.9147],[91.4188,22.9192],[91.4116,22.9235],[91.4027,22.9166],[91.3952,22.9201],[91.3918,22.9446],[91.3834,22.9443],[91.3827,22.9574],[91.3678,22.9608],[91.367,22.9433],[91.3581,22.945],[91.3554,22.9693],[91.3688,22.9725],[91.3615,22.9767],[91.3665,22.9861],[91.3617,22.9952],[91.3421,22.9963],[91.3436,23.003],[91.3296,23.0054],[91.3228,23.0152],[91.3326,23.0232],[91.3201,23.0261],[91.3166,23.0187],[91.3052,23.0191],[91.3229,23.0374],[91.3148,23.0569],[91.3301,23.0666],[91.3707,23.0693],[91.3957,23.056]]]}},{"type":"Feature","properties":{"unit_id":"BD20300041","level":"upazila","name_en":"Fulgazi","name_bn":"Fulgazi","division":"Chattogram"},"geometry":{"type":"Polygon","coordinates":[[[91.4021,23.1634],[91.4179,23.1732],[91.4419,23.1755],[91.4449,23.1626],[91.4399,23.1554],[91.4591,23.14],[91.4594,23.1328],[91.482,23.1394],[91.4888,23.1576],[91.4943,23.1523],[91.5072,23.1544],[91.4952,23.1472],[91.4998,23.1425],[91.5153,23.1449],[91.504,23.1274],[91.5178,23.1256],[91.5153,23.1178],[91.5204,23.1146],[91.4698,23.1025],[91.4736,23.0789],[91.4817,23.075],[91.4653,23.0766],[91.4647,23.0684],[91.4448,23.063],[91.4413,23.0433],[91.4308,23.042],[91.4352,23.0478],[91.4106,23.0661],[91.4164,23.0831],[91.4073,23.0835],[91.4054,23.0969],[91.3996,23.0966],[91.4022,23.1135],[91.3962,23.1177],[91.3831,23.1661],[91.3836,23.1752],[91.4011,23.1825],[91.4021,23.1634]]]}},{"type":"Feature","properties":{"unit_id":"BD20300051","level":"upazila","name_en":"Parashuram","name_bn":"Parashuram","division":"Chattogram"},"geometry":{"type":"Polygon","coordinates":[[[91.4195,23.2732],[91.4183,23.2557],[91.4211,23.262],[91.4541,23.2604],[91.4478,23.2438],[91.4579,23.2462],[91.4703,23.2278],[91.4505,23.219],[91.4584,23.2133],[91.4754,23.2205],[91.4844,23.2094],[91.4824,23.1986],[91.4708,23.1965],[91.4849,23.1884],[91.5032,23.1922],[91.501,23.1854],[91.5075,23.1838],[91.4916,23.1777],[91.4982,23.1718],[91.4948,23.1621],[91.4844,23.1551],[91.482,23.1394],[91.4756,23.1358],[91.4594,23.1328],[91.4591,23.14],[91.4432,23.1511],[91.4401,23.1764],[91.4179,23.1732],[91.4021,23.1634],[91.4007,23.1828],[91.3806,23.1755],[91.386,23.2079],[91.3791,23.2086],[91.3902,23.2198],[91.3855,23.2276],[91.3985,23.2295],[91.3913,23.2468],[91.407,23.2478],[91.3971,23.2562],[91.397,23.2644],[91.4096,23.2558],[91.4104,23.2837],[91.4195,23.2732]]]}},{"type":"Feature","properties":{"unit_id":"BD20300094","level":"upazila","name_en":"Sonagazi","name_bn":"Sonagazi","division":"Chattogram"},"geometry":{"type":"Polygon","coordinates":[[[91.3834,22.9443],[91.3918,22.9446],[91.3952,22.9201],[91.4011,22.9167],[91.4116,22.9235],[91.4188,22.9192],[91.4197,22.9084],[91.4302,22.9136],[91.4425,22.9379],[91.4505,22.9284],[91.4585,22.9304],[91.4705,22.9173],[91.4686,22.912],[91.4784,22.9072],[91.4591,22.9064],[91.4654,22.9006],[91.4617,22.8824],[91.4721,22.883],[91.4741,22.8755],[91.4662,22.8636],[91.4617,22.8319],[91.4447,22.8094],[91.4512,22.7375],[91.4179,22.7607],[91.3814,22.7752],[91.3669,22.8002],[91.3395,22.7872],[91.3109,22.8114],[91.3142,22.821],[91.3313,22.8169],[91.3377,22.8203],[91.3293,22.8201],[91.3244,22.8364],[91.3105,22.8385],[91.3101,22.8447],[91.3265,22.8489],[91.335,22.8423],[91.3393,22.8605],[91.3519,22.8524],[91.3471,22.8571],[91.3518,22.8654],[91.3368,22.8626],[91.3424,22.8761],[91.3275,22.8811],[91.3442,22.8801],[91.3427,22.8959],[91.3528,22.8957],[91.3405,22.913],[91.3377,22.9078],[91.3273,22.9106],[91.3363,22.9241],[91.3297,22.9291],[91.355,22.9407],[91.3473,22.9487],[91.355,22.951],[91.3668,22.943],[91.3677,22.9607],[91.3827,22.9574],[91.3834,22.9443]]]}},{"type":"Feature","properties":{"unit_id":"BD20460043","level":"upazila","name_en":"Dighinala","name_bn":"Dighinala","division":"Chattogram"},"geometry":{"type":"Polygon","coordinates":[[[91.9676,23.7297],[91.9784,23.7338],[92.0006,23.6714],[92.0084,23.6642],[92.0153,23.6594],[92.0244,23.6627],[92.0226,23.6581],[92.0415,23.6481],[92.0891,23.6467],[92.114,23.5992],[92.1305,23.55],[92.1451,23.4493],[92.0656,23.395],[92.133,23.3488],[92.1445,23.2471],[92.1646,23.1783],[92.1994,23.1177],[92.1684,23.1161],[92.0884,23.0952],[92.0704,23.1457],[92.027,23.2334],[91.9953,23.3845],[91.9809,23.44],[91.9666,23.4689],[91.9637,23.4975],[91.9708,23.5028],[91.9564,23.5228],[91.9647,23.5344],[91.9573,23.5513],[91.953,23.6085],[91.9411,23.6346],[91.9463,23.6462],[91.9342,23.6852],[91.9424,23.694],[91.9574,23.6944],[91.9485,23.714],[91.9542,23.7193],[91.951,23.726],[91.9626,23.7342],[91.9676,23.7297]]]}},{"type":"Feature","properties":{"unit_id":"BD20460047","level":"upazila","name_en":"Guimara","name_bn":"Guimara","division":"Chattogram"},"geometry":{"type":"Polygon","coordinates":[[[91.9864,22.9897],[91.9986,22.9674],[92.0009,22.9379],[91.971,22.8829],[91.9394,22.883],[91.9084,22.8635],[91.9074,22.8764],[91.8804,22.9233],[91.8481,22.9044],[91.824,22.9245],[91.8651,22.9507],[91.8359,22.9806],[91.8559,23.0102],[91.856,23.031],[91.8757,23.0299],[91.8699,23.0225],[91.876,23.0155],[91.8702,23.0038],[91.9051,23.0378],[91.9216,23.0264],[91.94,23.0237],[91.9781,23.0405],[91.9864,22.9897]]]}},{"type":"Feature","properties":{"unit_id":"BD20460049","level":"upazila","name_en":"Khagrachhari Sadar","name_bn":"Khagrachhari Sadar","division":"Chattogram"},"geometry":{"type":"Polygon","coordinates":[[[92.0292,23.0606],[92.0046,23.0561],[92.0073,23.0461],[91.9781,23.0405],[91.9599,23.0858],[91.9542,23.1391],[91.9214,23.1833],[91.9097,23.2152],[91.9175,23.2225],[91.9176,23.2437],[91.9235,23.2477],[91.9366,23.2438],[91.9461,23.2545],[91.9743,23.2586],[92.0149,23.2811],[92.0913,23.087],[92.0292,23.0606]]]}},{"type":"Feature","properties":{"unit_id":"BD20460061","level":"upazila","name_en":"Lakkhichhari","name_bn":"Lakkhichhari","division":"Chattogram"},"geometry":{"type":"Polygon","coordinates":[[[91.9762,22.8799],[91.9847,22.848],[91.9752,22.7907],[92.0014,22.7268],[91.99,22.7192],[91.9666,22.7178],[91.9625,22.691],[91.9307,22.6881],[91.9223,22.6993],[91.8981,22.6926],[91.8846,22.6982],[91.878,22.7172],[91.8873,22.7497],[91.8981,22.7488],[91.8913,22.7618],[91.8755,22.7666],[91.8562,22.7553],[91.8628,22.7656],[91.8579,22.7744],[91.859,22.7769],[91.8648,22.7817],[91.8639,22.7968],[91.8766,22.824],[91.8876,22.8334],[91.9045,22.8745],[91.9084,22.8635],[91.9328,22.8806],[91.9577,22.885],[91.9762,22.8799]]]}},{"type":"Feature","properties":{"unit_id":"BD20460065","level":"upazila","name_en":"Mahalchhari","name_bn":"Mahalchhari","division":"Chattogram"},"geometry":{"type":"Polygon","coordinates":[[[92.0752,22.9248],[92.0521,22.8961],[92.0384,22.8939],[92.0022,22.9035],[91.9941,22.8852],[92.0162,22.8571],[91.9823,22.8492],[91.971,22.8829],[92.0009,22.9388],[91.9986,22.9674],[91.9864,22.9897],[91.9781,23.0405],[92.0073,23.0461],[92.0046,23.0561],[92.0292,23.0606],[92.0913,23.087],[92.1222,23.014],[92.1299,22.9668],[92.0752,22.9248]]]}},{"type":"Feature","properties":{"unit_id":"BD20460067","level":"upazila","name_en":"Manikchhari","name_bn":"Manikchhari","division":"Chattogram"},"geometry":{"type":"Polygon","coordinates":[[[91.8481,22.9044],[91.8804,22.9233],[91.9054,22.8769],[91.8543,22.7672],[91.841,22.7787],[91.8343,22.7728],[91.8376,22.7881],[91.8143,22.7906],[91.7949,22.7665],[91.7915,22.7822],[91.7823,22.7853],[91.7637,22.8192],[91.7663,22.8321],[91.7571,22.8421],[91.7568,22.8601],[91.745,22.8707],[91.7519,22.8872],[91.7717,22.8827],[91.7908,22.9105],[91.824,22.9245],[91.8481,22.9044]]]}},{"type":"Feature","properties":{"unit_id":"BD20460070","level":"upazila","name_en":"Matiranga","name_bn":"Matiranga","division":"Chattogram"},"geometry":{"type":"Polygon","coordinates":[[[91.8209,23.3592],[91.831,23.3594],[91.8418,23.3408],[91.8523,23.2688],[91.8836,23.229],[91.8922,23.2348],[91.908,23.226],[91.9153,23.2305],[91.9116,23.2031],[91.9542,23.1391],[91.9599,23.0858],[91.9775,23.0419],[91.94,23.0237],[91.9216,23.0264],[91.9051,23.0378],[91.8702,23.0038],[91.8715,23.0111],[91.876,23.0155],[91.8699,23.0225],[91.8757,23.0299],[91.856,23.031],[91.8557,23.0099],[91.8366,22.9879],[91.8299,22.9902],[91.8185,22.9794],[91.8083,23.0052],[91.7781,23.02],[91.775,23.028],[91.7834,23.0389],[91.7728,23.0668],[91.7899,23.0714],[91.7945,23.063],[91.8057,23.0638],[91.8168,23.0735],[91.8146,23.0807],[91.8338,23.0941],[91.812,23.0977],[91.8169,23.106],[91.8099,23.1215],[91.8131,23.1332],[91.8068,23.1348],[91.8126,23.1452],[91.8054,23.1575],[91.8087,23.1645],[91.7873,23.2049],[91.7899,23.2193],[91.7828,23.2398],[91.775,23.2427],[91.7756,23.2677],[91.7596,23.2823],[91.7655,23.2993],[91.7431,23.3069],[91.7875,23.3392],[91.7843,23.352],[91.7975,23.3636],[91.7895,23.3976],[91.8124,23.3854],[91.8155,23.3981],[91.824,23.4016],[91.8274,23.3854],[91.8209,23.3592]]]}},{"type":"Feature","properties":{"unit_id":"BD20460077","level":"upazila","name_en":"Panchhari","name_bn":"Panchhari","division":"Chattogram"},"geometry":{"type":"Polygon","coordinates":[[[92.0149,23.2811],[91.9743,23.2586],[91.9461,23.2545],[91.9366,23.2438],[91.9235,23.2477],[91.9176,23.2437],[91.9206,23.2328],[91.916,23.2275],[91.8932,23.2348],[91.8836,23.229],[91.8619,23.2518],[91.8504,23.2758],[91.8424,23.3385],[91.831,23.3594],[91.8395,23.3638],[91.8424,23.3909],[91.9196,23.4522],[91.9398,23.45],[91.9512,23.4656],[91.9616,23.463],[91.9666,23.4689],[91.9953,23.3845],[92.0149,23.2811]]]}},{"type":"Feature","properties":{"unit_id":"BD20460080","level":"upazila","name_en":"Ramgarh","name_bn":"Ramgarh","division":"Chattogram"},"geometry":{"type":"Polygon","coordinates":[[[91.8089,23.0046],[91.8177,22.9796],[91.8369,22.9908],[91.8364,22.9794],[91.8479,22.9725],[91.8432,22.9685],[91.8509,22.9696],[91.8651,22.9507],[91.7923,22.9117],[91.7717,22.8827],[91.7554,22.8887],[91.745,22.8707],[91.7353,22.8704],[91.718,22.891],[91.7276,22.9063],[91.7231,22.915],[91.7329,22.938],[91.7312,22.954],[91.7217,22.9665],[91.7202,22.9826],[91.7104,22.9844],[91.7708,23.0338],[91.768,23.0412],[91.7742,23.0395],[91.7781,23.02],[91.8089,23.0046]]]}},{"type":"Feature","properties":{"unit_id":"BD20510033","level":"upazila","name_en":"Kamalnagar","name_bn":"Kamalnagar","division":"Chattogram"},"geometry":{"type":"Polygon","coordinates":[[[90.8965,22.8013],[90.9459,22.777],[90.9773,22.7537],[90.9761,22.7186],[90.961,22.7277],[90.945,22.7275],[90.9434,22.7357],[90.9357,22.7276],[90.9169,22.7254],[90.9027,22.7108],[90.8736,22.7075],[90.7799,22.6713],[90.7694,22.7675],[90.7559,22.7894],[90.7792,22.806],[90.806,22.8029],[90.8234,22.826],[90.8226,22.8392],[90.8378,22.8392],[90.8333,22.8431],[90.8385,22.848],[90.8789,22.8252],[90.8965,22.8013]]]}},{"type":"Feature","properties":{"unit_id":"BD20510043","level":"upazila","name_en":"Lakshmipur Sadar","name_bn":"Lakshmipur Sadar","division":"Chattogram"},"geometry":{"type":"Polygon","coordinates":[[[90.8469,23.0378],[90.8472,23.025],[90.8619,23.0226],[90.859,23.0127],[90.872,23.0127],[90.8742,23.0242],[90.8845,23.0202],[90.888,23.0259],[90.8967,23.0116],[90.9042,23.0169],[90.919,23.0148],[90.9173,23.0083],[90.9266,23.0061],[90.9334,22.9867],[90.9437,22.9904],[90.9443,22.9981],[90.966,22.9794],[90.9767,22.9841],[90.9864,22.972],[90.9885,22.9786],[90.9988,22.9774],[91.0,22.9531],[90.9883,22.9419],[90.9926,22.9338],[90.9825,22.9192],[90.9924,22.9045],[90.9826,22.8938],[90.9886,22.8803],[90.9697,22.8662],[90.9426,22.8635],[90.9442,22.8383],[90.9383,22.8383],[90.9248,22.8137],[90.8922,22.8108],[90.8779,22.826],[90.8385,22.848],[90.8333,22.8431],[90.8378,22.8392],[90.8226,22.8392],[90.8234,22.826],[90.806,22.8029],[90.7792,22.806],[90.7559,22.7894],[90.7286,22.8026],[90.7201,22.8136],[90.7164,22.8682],[90.6746,22.8617],[90.6815,22.8743],[90.6628,22.883],[90.6606,22.903],[90.6945,22.9011],[90.7045,22.9191],[90.7589,22.9335],[90.7606,22.9485],[90.7355,22.9662],[90.7445,22.9677],[90.7478,22.979],[90.7565,22.9722],[90.7517,22.9879],[90.7641,22.983],[90.7728,22.9915],[90.7951,22.9908],[90.8134,23.0269],[90.8328,23.0438],[90.8469,23.0378]]]}},{"type":"Feature","properties":{"unit_id":"BD20510058","level":"upazila","name_en":"Raipur","name_bn":"Raipur","division":"Chattogram"},"geometry":{"type":"Polygon","coordinates":[[[90.8297,23.052],[90.8292,23.0359],[90.8134,23.0269],[90.7946,22.9905],[90.7728,22.9915],[90.7641,22.983],[90.7517,22.9879],[90.7565,22.9722],[90.7478,22.979],[90.7445,22.9677],[90.7355,22.9662],[90.7606,22.9485],[90.7589,22.9335],[90.7228,22.9276],[90.7045,22.9191],[90.7015,22.9117],[90.6518,22.983],[90.6635,23.015],[90.6728,23.0173],[90.6605,23.0243],[90.6689,23.0334],[90.6613,23.0493],[90.6919,23.0633],[90.7311,23.041],[90.7551,23.06],[90.7521,23.0662],[90.7707,23.0755],[90.7863,23.0756],[90.8297,23.052]]]}},{"type":"Feature","properties":{"unit_id":"BD20510065","level":"upazila","name_en":"Ramganj","name_bn":"Ramganj","division":"Chattogram"},"geometry":{"type":"Polygon","coordinates":[[[90.9028,23.15],[90.9135,23.1533],[90.9122,23.1456],[90.9549,23.1439],[90.9631,23.1317],[90.9522,23.1262],[90.9534,23.1135],[90.9412,23.1019],[90.9453,23.0866],[90.9297,23.0914],[90.9302,23.0821],[90.9108,23.0808],[90.9188,23.0662],[90.8993,23.0719],[90.9174,23.0413],[90.9049,23.0425],[90.9066,23.035],[90.8964,23.0397],[90.8868,23.0209],[90.8744,23.0244],[90.8729,23.0138],[90.8648,23.012],[90.8584,23.0132],[90.8606,23.0237],[90.8464,23.0258],[90.8491,23.0348],[90.8413,23.044],[90.8338,23.0428],[90.8293,23.0523],[90.7863,23.0756],[90.7939,23.0778],[90.79,23.0833],[90.7967,23.1164],[90.8161,23.1183],[90.8208,23.1284],[90.8363,23.1333],[90.8391,23.1431],[90.8506,23.1484],[90.8463,23.1614],[90.8914,23.1658],[90.9028,23.15]]]}},{"type":"Feature","properties":{"unit_id":"BD20510073","level":"upazila","name_en":"Ramgati","name_bn":"Ramgati","division":"Chattogram"},"geometry":{"type":"Polygon","coordinates":[[[90.961,22.7277],[90.976,22.7145],[91.0047,22.7067],[91.0125,22.6786],[90.9947,22.6634],[90.9812,22.6381],[91.0,22.6142],[91.0064,22.5753],[91.0163,22.5749],[91.0235,22.5445],[90.9315,22.4934],[90.8914,22.559],[90.8142,22.6393],[90.7874,22.6557],[90.7799,22.6713],[90.8736,22.7075],[90.9027,22.7108],[90.9255,22.7299],[90.9357,22.7276],[90.9436,22.7358],[90.9462,22.727],[90.961,22.7277]]]}},{"type":"Feature","properties":{"unit_id":"BD20750007","level":"upazila","name_en":"Begumganj","name_bn":"Begumganj","division":"Chattogram"},"geometry":{"type":"Polygon","coordinates":[[[91.0974,22.9852],[91.0992,22.9777],[91.1269,22.9841],[91.1278,22.974],[91.1512,22.9748],[91.1564,22.9889],[91.1925,22.986],[91.1974,22.9794],[91.1857,22.9755],[91.1941,22.9688],[91.187,22.9639],[91.1858,22.9516],[91.1948,22.9514],[91.1932,22.9427],[91.2133,22.9378],[91.2067,22.9219],[91.2095,22.9102],[91.1948,22.8887],[91.1656,22.8813],[91.1168,22.879],[91.113,22.8892],[91.1019,22.8949],[91.0872,22.8888],[91.0783,22.8932],[91.0712,22.8732],[91.0662,22.8802],[91.0112,22.872],[90.9893,22.8792],[90.9826,22.8938],[90.9922,22.9059],[90.9825,22.9192],[90.9926,22.9338],[90.9883,22.9419],[91.0,22.9531],[91.002,22.9618],[90.9958,22.9645],[90.9996,22.9796],[91.0224,22.9725],[91.0256,22.9857],[91.0373,22.9725],[91.048,22.9907],[91.0974,22.9852]]]}},{"type":"Feature","properties":{"unit_id":"BD20750010","level":"upazila","name_en":"Chatkhil","name_bn":"Chatkhil","division":"Chattogram"},"geometry":{"type":"Polygon","coordinates":[[[90.9858,23.1154],[91.0136,23.1143],[91.0241,23.1044],[91.0358,23.1132],[91.0394,23.102],[91.0078,23.0762],[91.0105,23.0664],[90.9969,23.0641],[91.0031,23.058],[90.9969,23.0499],[91.0038,23.0441],[90.9967,23.0437],[90.9965,23.0333],[91.0038,23.0213],[90.9981,23.0254],[90.9936,23.0191],[91.0042,23.0081],[91.0044,22.9913],[90.9986,22.9913],[90.9989,22.9773],[90.9885,22.9786],[90.9864,22.972],[90.9767,22.9841],[90.966,22.9794],[90.9444,22.9981],[90.9437,22.9904],[90.9334,22.9867],[90.9266,23.0061],[90.9173,23.0083],[90.919,23.0148],[90.9042,23.0169],[90.8967,23.0116],[90.888,23.026],[90.8964,23.0397],[90.9066,23.035],[90.9049,23.0425],[90.9186,23.0429],[90.8993,23.0719],[90.919,23.0663],[90.9105,23.0806],[90.9302,23.0821],[90.9297,23.0914],[90.9453,23.0866],[90.941,23.1009],[90.9534,23.1135],[90.9522,23.1262],[90.9798,23.1331],[90.9858,23.1154]]]}},{"type":"Feature","properties":{"unit_id":"BD20750021","level":"upazila","name_en":"Companiganj","name_bn":"Companiganj","division":"Chattogram"},"geometry":{"type":"Polygon","coordinates":[[[91.3427,22.8959],[91.3442,22.8801],[91.3275,22.8811],[91.3424,22.8761],[91.3368,22.8626],[91.3518,22.8654],[91.3471,22.8571],[91.3519,22.8524],[91.3393,22.8605],[91.335,22.8423],[91.3265,22.8489],[91.3095,22.8441],[91.3105,22.8385],[91.3244,22.8364],[91.3293,22.8201],[91.3377,22.8203],[91.3313,22.8169],[91.3135,22.8207],[91.3118,22.8092],[91.3395,22.7872],[91.3669,22.8002],[91.3814,22.7752],[91.4179,22.7607],[91.4563,22.7356],[91.4946,22.6541],[91.4476,22.6938],[91.3493,22.7298],[91.3275,22.6742],[91.2717,22.6379],[91.2642,22.6398],[91.2425,22.6698],[91.1899,22.6891],[91.1421,22.7361],[91.1448,22.7496],[91.1497,22.7495],[91.1428,22.7656],[91.1469,22.7811],[91.1916,22.7455],[91.2577,22.7331],[91.2468,22.7524],[91.2388,22.7533],[91.2573,22.7701],[91.2434,22.7812],[91.2487,22.7882],[91.2433,22.7857],[91.2364,22.7974],[91.2459,22.8343],[91.2361,22.8769],[91.255,22.8901],[91.2686,22.8848],[91.2801,22.9016],[91.2982,22.8961],[91.3121,22.9077],[91.3216,22.904],[91.3403,22.9132],[91.3524,22.8944],[91.3427,22.8959]]]}},{"type":"Feature","properties":{"unit_id":"BD20750036","level":"upazila","name_en":"Hatiya","name_bn":"Hatiya","division":"Chattogram"},"geometry":{"type":"MultiPolygon","coordinates":[[[[91.1533,22.5667],[91.1559,22.5545],[91.1569,22.5611],[91.1661,22.5564],[91.1725,22.5687],[91.1892,22.5609],[91.1844,22.5572],[91.2103,22.5509],[91.1781,22.5317],[91.1895,22.4594],[91.2139,22.4589],[91.2214,22.453],[91.2275,22.3612],[91.1873,22.3743],[91.2086,22.2764],[91.2081,22.2694],[91.1881,22.2717],[91.1893,22.2425],[91.1755,22.1911],[91.1286,22.1449],[91.1013,22.136],[91.0477,22.0876],[91.0237,22.1034],[91.0211,22.1184],[90.9931,22.1216],[91.0213,22.1919],[91.0151,22.2569],[91.0236,22.2991],[91.0009,22.368],[90.9315,22.4934],[91.0231,22.5421],[91.0163,22.5748],[91.1046,22.5764],[91.1533,22.5667]]],[[[91.0788,22.0274],[91.0771,22.0218],[91.0697,22.0213],[91.0788,22.0274]]],[[[91.0586,22.0303],[91.0564,22.0518],[91.0484,22.0486],[91.0493,22.0547],[91.071,22.0637],[91.0827,22.0641],[91.0827,22.0535],[91.0586,22.0303]]],[[[91.0498,22.0738],[91.0342,22.0386],[91.0202,22.0345],[91.0247,22.044],[90.9927,22.0231],[90.9834,22.0279],[90.9747,22.0515],[90.9802,22.0815],[91.0033,22.1005],[91.0441,22.0834],[91.0498,22.0738]]],[[[91.3706,22.3534],[91.3632,22.3704],[91.3969,22.3889],[91.3984,22.375],[91.3767,22.3521],[91.3706,22.3534]]]]}},{"type":"Feature","properties":{"unit_id":"BD20750047","level":"upazila","name_en":"Kabirhat","name_bn":"Kabirhat","division":"Chattogram"},"geometry":{"type":"Polygon","coordinates":[[[91.1814,22.8753],[91.2017,22.8756],[91.2065,22.8837],[91.2253,22.8867],[91.2366,22.8782],[91.2459,22.8343],[91.2364,22.7974],[91.2433,22.7857],[91.2487,22.7882],[91.2434,22.7812],[91.2573,22.7701],[91.2388,22.7533],[91.2468,22.7524],[91.2577,22.7331],[91.1916,22.7455],[91.1344,22.7907],[91.1452,22.8264],[91.1494,22.8307],[91.1565,22.8268],[91.1477,22.853],[91.1543,22.857],[91.1713,22.8526],[91.1652,22.8809],[91.1771,22.8841],[91.1814,22.8753]]]}},{"type":"Feature","properties":{"unit_id":"BD20750087","level":"upazila","name_en":"Noakhali Sadar","name_bn":"Noakhali Sadar","division":"Chattogram"},"geometry":{"type":"Polygon","coordinates":[[[91.1713,22.8526],[91.1543,22.857],[91.1477,22.853],[91.1565,22.8268],[91.1494,22.8307],[91.1452,22.8264],[91.1385,22.7941],[91.1346,22.7984],[91.1351,22.7898],[91.147,22.7811],[91.1428,22.7656],[91.1497,22.7495],[91.1444,22.7485],[91.146,22.7304],[91.131,22.7172],[91.0823,22.7295],[91.0632,22.7192],[91.0218,22.7414],[91.0171,22.7373],[91.01,22.7431],[90.9841,22.7427],[90.9535,22.7719],[90.8888,22.8097],[90.9252,22.8139],[90.9383,22.8383],[90.9442,22.8383],[90.9426,22.8635],[90.9697,22.8662],[90.9879,22.8809],[91.0112,22.872],[91.0617,22.8802],[91.0712,22.8732],[91.0783,22.8932],[91.0872,22.8888],[91.1019,22.8949],[91.113,22.8892],[91.1168,22.879],[91.1661,22.8815],[91.1713,22.8526]]]}},{"type":"Feature","properties":{"unit_id":"BD20750080","level":"upazila","name_en":"Senbag","name_bn":"Senbag","division":"Chattogram"},"geometry":{"type":"Polygon","coordinates":[[[91.1824,23.0671],[91.1865,23.0602],[91.2177,23.0666],[91.2237,23.0588],[91.2262,23.0665],[91.2363,23.0668],[91.2373,23.0596],[91.2592,23.0559],[91.2562,23.0472],[91.2648,23.04],[91.2591,23.0375],[91.2652,23.0273],[91.2525,22.9631],[91.2605,22.9559],[91.263,22.9114],[91.2483,22.9043],[91.262,22.8904],[91.2495,22.8885],[91.2385,22.8766],[91.2253,22.8867],[91.2065,22.8837],[91.1958,22.8742],[91.1777,22.877],[91.1771,22.8841],[91.1948,22.8887],[91.2095,22.9102],[91.2067,22.9219],[91.2149,22.9328],[91.2113,22.9398],[91.1932,22.9427],[91.1946,22.9516],[91.1858,22.9516],[91.187,22.9639],[91.1941,22.9688],[91.1857,22.9755],[91.1974,22.9794],[91.1925,22.986],[91.2016,22.9871],[91.1769,23.0027],[91.1727,23.0221],[91.1505,23.0297],[91.147,23.0385],[91.1282,23.0371],[91.1232,23.0533],[91.1251,23.0604],[91.1371,23.065],[91.1407,23.0771],[91.1641,23.0828],[91.1707,23.0685],[91.1824,23.0671]]]}},{"type":"Feature","properties":{"unit_id":"BD20750083","level":"upazila","name_en":"Sonaimuri","name_bn":"Sonaimuri","division":"Chattogram"},"geometry":{"type":"Polygon","coordinates":[[[91.0789,23.075],[91.0837,23.0673],[91.1387,23.0728],[91.1232,23.0551],[91.1282,23.0371],[91.147,23.0385],[91.1505,23.0297],[91.1727,23.0221],[91.1769,23.0027],[91.2016,22.9869],[91.1564,22.9889],[91.1512,22.9748],[91.1355,22.9739],[91.1268,22.9744],[91.1269,22.9841],[91.0992,22.9777],[91.0974,22.9852],[91.0473,22.9909],[91.0373,22.9725],[91.0256,22.9857],[91.0224,22.9725],[91.0,22.9802],[91.0042,23.0081],[90.9936,23.0194],[90.9981,23.0254],[91.0038,23.0213],[90.9965,23.0333],[90.9967,23.0437],[91.0039,23.0445],[90.9969,23.0499],[91.0031,23.058],[90.9969,23.0641],[91.0107,23.0666],[91.0078,23.0762],[91.0167,23.0791],[91.0193,23.0896],[91.0358,23.1],[91.0503,23.0814],[91.0789,23.075]]]}},{"type":"Feature","properties":{"unit_id":"BD20750085","level":"upazila","name_en":"Subarnachar","name_bn":"Subarnachar","division":"Chattogram"},"geometry":{"type":"MultiPolygon","coordinates":[[[[91.0171,22.7373],[91.0218,22.7414],[91.0632,22.7192],[91.0823,22.7295],[91.131,22.7172],[91.146,22.7304],[91.1899,22.6891],[91.2467,22.6658],[91.2996,22.6053],[91.3236,22.5585],[91.3382,22.5649],[91.3526,22.5597],[91.3459,22.5536],[91.3549,22.5517],[91.353,22.5259],[91.3429,22.5314],[91.3446,22.5441],[91.3406,22.5307],[91.3347,22.5322],[91.3436,22.5169],[91.3299,22.5206],[91.3318,22.5166],[91.3264,22.517],[91.3349,22.5086],[91.3278,22.5014],[91.3099,22.5074],[91.3188,22.4993],[91.2909,22.4835],[91.2658,22.5204],[91.2697,22.5431],[91.2381,22.5428],[91.2633,22.5188],[91.2525,22.5067],[91.2027,22.5046],[91.1837,22.5074],[91.1781,22.5317],[91.2103,22.5509],[91.1844,22.5572],[91.1892,22.5609],[91.1725,22.5687],[91.1661,22.5564],[91.1569,22.5611],[91.1559,22.5545],[91.1533,22.5667],[91.1008,22.5777],[91.0067,22.575],[91.0042,22.6042],[90.9812,22.6381],[90.9947,22.6634],[91.0124,22.6784],[91.0122,22.6879],[91.0043,22.7071],[90.9759,22.7146],[90.9768,22.748],[91.01,22.7431],[91.0171,22.7373]]],[[[91.2458,22.4263],[91.2565,22.4355],[91.2664,22.4232],[91.2562,22.4098],[91.2458,22.4263]]],[[[91.271,22.4431],[91.2718,22.4479],[91.2769,22.4476],[91.2771,22.4411],[91.271,22.4431]]]]}},{"type":"Feature","properties":{"unit_id":"BD20840007","level":"upazila","name_en":"Baghaichhari","name_bn":"Baghaichhari","division":"Chattogram"},"geometry":{"type":"Polygon","coordinates":[[[92.1699,23.7228],[92.1768,23.7081],[92.2002,23.707],[92.2114,23.6928],[92.2139,23.6841],[92.206,23.6728],[92.2126,23.6525],[92.2256,23.6546],[92.2327,23.6669],[92.2324,23.6845],[92.2429,23.6956],[92.2369,23.7119],[92.241,23.7198],[92.2656,23.7251],[92.2892,23.7012],[92.2892,23.6749],[92.2736,23.6438],[92.2815,23.6395],[92.279,23.6258],[92.2809,23.6323],[92.2967,23.624],[92.2874,23.6186],[92.286,23.5966],[92.2959,23.588],[92.3007,23.594],[92.3074,23.5786],[92.3129,23.5549],[92.3072,23.5359],[92.3173,23.5283],[92.3135,23.5179],[92.3181,23.5184],[92.3182,23.4936],[92.3228,23.4909],[92.3175,23.4869],[92.3268,23.4781],[92.3187,23.4697],[92.3296,23.466],[92.325,23.4592],[92.3321,23.4545],[92.327,23.4481],[92.3301,23.4282],[92.3442,23.4326],[92.3471,23.4121],[92.3558,23.4089],[92.3513,23.4045],[92.3585,23.3895],[92.3542,23.3813],[92.3647,23.3798],[92.3579,23.3704],[92.3638,23.3667],[92.3699,23.3725],[92.3789,23.3634],[92.3811,23.3503],[92.3655,23.3234],[92.3777,23.3204],[92.387,23.3054],[92.3824,23.2856],[92.3929,23.2654],[92.3868,23.2652],[92.3921,23.2492],[92.4005,23.2399],[92.35,23.235],[92.353,23.186],[92.36,23.1814],[92.3552,23.1792],[92.3638,23.1558],[92.3567,23.1341],[92.3672,23.1264],[92.3578,23.1069],[92.3847,23.0735],[92.3314,23.1135],[92.3171,23.0758],[92.3019,23.063],[92.2869,23.0632],[92.2851,23.0251],[92.2471,23.0045],[92.2395,23.014],[92.2371,23.0492],[92.1646,23.1783],[92.1438,23.2497],[92.133,23.3488],[92.0656,23.395],[92.1395,23.4417],[92.1459,23.4541],[92.1302,23.5512],[92.0965,23.6367],[92.0891,23.6467],[92.0781,23.6479],[92.0771,23.668],[92.0832,23.6804],[92.0987,23.6759],[92.1071,23.6892],[92.1208,23.6935],[92.1449,23.7335],[92.1725,23.737],[92.1699,23.7228]]]}},{"type":"Feature","properties":{"unit_id":"BD20840021","level":"upazila","name_en":"Barkal","name_bn":"Barkal","division":"Chattogram"},"geometry":{"type":"Polygon","coordinates":[[[92.3925,23.0524],[92.3826,23.037],[92.3845,22.9832],[92.3744,22.9717],[92.3775,22.9476],[92.372,22.9352],[92.3762,22.9294],[92.3972,22.9305],[92.4018,22.9123],[92.4038,22.9174],[92.4208,22.9196],[92.4218,22.9052],[92.4341,22.8858],[92.4469,22.8964],[92.448,22.8781],[92.4596,22.8713],[92.4547,22.8663],[92.4647,22.8561],[92.4583,22.852],[92.4646,22.8422],[92.4538,22.8433],[92.4624,22.8321],[92.4559,22.8202],[92.4701,22.7987],[92.4786,22.7527],[92.4455,22.6826],[92.435,22.7132],[92.408,22.7215],[92.3653,22.695],[92.3434,22.6926],[92.3307,22.7032],[92.3217,22.6767],[92.3223,22.6453],[92.2381,22.6849],[92.2384,22.7034],[92.2282,22.7185],[92.1981,22.821],[92.2246,22.8275],[92.2478,22.8491],[92.2558,22.8462],[92.2601,22.8311],[92.2899,22.845],[92.3271,22.842],[92.3091,22.88],[92.3057,22.919],[92.322,22.9298],[92.3331,22.981],[92.3105,23.0426],[92.312,23.0694],[92.332,23.1137],[92.3838,23.0722],[92.3925,23.0524]]]}},{"type":"Feature","properties":{"unit_id":"BD20840029","level":"upazila","name_en":"Belaichhari","name_bn":"Belaichhari","division":"Chattogram"},"geometry":{"type":"Polygon","coordinates":[[[92.4066,22.4811],[92.4095,22.4543],[92.4404,22.3935],[92.4604,22.3731],[92.4943,22.3656],[92.5175,22.3771],[92.5196,22.3553],[92.5257,22.3508],[92.561,22.3732],[92.5705,22.359],[92.582,22.3029],[92.5768,22.284],[92.581,22.275],[92.5763,22.2715],[92.5899,22.2542],[92.5876,22.2185],[92.5946,22.175],[92.6074,22.1712],[92.6101,22.1359],[92.5987,22.124],[92.5907,22.1291],[92.5912,22.1401],[92.5788,22.1433],[92.5614,22.1283],[92.5728,22.1175],[92.5908,22.0669],[92.5992,22.0603],[92.5918,22.0409],[92.5993,22.0271],[92.5973,22.0084],[92.6104,21.9926],[92.6044,21.979],[92.6324,21.8751],[92.6313,21.8622],[92.6209,21.8611],[92.6138,21.851],[92.6037,21.8647],[92.5991,21.8913],[92.5801,21.9334],[92.5599,21.9692],[92.5372,21.9936],[92.5343,22.0092],[92.5411,22.0371],[92.5215,22.0526],[92.5196,22.0675],[92.5044,22.0788],[92.5119,22.1122],[92.5064,22.1435],[92.4921,22.1666],[92.4882,22.2015],[92.4756,22.2112],[92.4728,22.2343],[92.4591,22.2541],[92.4294,22.2694],[92.4178,22.2825],[92.3895,22.3323],[92.361,22.3344],[92.3631,22.3407],[92.3416,22.3557],[92.3234,22.413],[92.2943,22.445],[92.3122,22.4838],[92.3021,22.5072],[92.2879,22.5205],[92.2942,22.5324],[92.3157,22.5424],[92.3296,22.5404],[92.3648,22.5113],[92.3906,22.504],[92.4066,22.4811]]]}},{"type":"Feature","properties":{"unit_id":"BD20840047","level":"upazila","name_en":"Jurachhari","name_bn":"Jurachhari","division":"Chattogram"},"geometry":{"type":"Polygon","coordinates":[[[92.5093,22.7293],[92.5173,22.7169],[92.5134,22.7087],[92.5287,22.6651],[92.5248,22.6403],[92.5322,22.6333],[92.5275,22.6212],[92.5354,22.6116],[92.5302,22.6047],[92.5391,22.5893],[92.5325,22.587],[92.5377,22.5749],[92.5272,22.5733],[92.5218,22.5598],[92.5396,22.5405],[92.5437,22.513],[92.551,22.513],[92.5497,22.5019],[92.5427,22.4975],[92.5442,22.4768],[92.5545,22.4305],[92.5528,22.4082],[92.5577,22.4082],[92.5618,22.3892],[92.5595,22.3702],[92.5257,22.3508],[92.5196,22.3553],[92.5175,22.3771],[92.5004,22.3669],[92.4754,22.3664],[92.4425,22.3899],[92.4095,22.4543],[92.4066,22.4811],[92.3779,22.5277],[92.3434,22.6114],[92.3256,22.6273],[92.3223,22.6453],[92.3217,22.6767],[92.3307,22.7032],[92.3434,22.6926],[92.3653,22.695],[92.408,22.7215],[92.435,22.7132],[92.4455,22.6826],[92.4732,22.7474],[92.4778,22.7501],[92.5125,22.7328],[92.5093,22.7293]]]}},{"type":"Feature","properties":{"unit_id":"BD20840036","level":"upazila","name_en":"Kaptai","name_bn":"Kaptai","division":"Chattogram"},"geometry":{"type":"Polygon","coordinates":[[[92.1846,22.5026],[92.1948,22.5059],[92.1977,22.5137],[92.2221,22.5091],[92.2399,22.495],[92.2758,22.5026],[92.2822,22.4991],[92.28,22.5171],[92.2879,22.5205],[92.3105,22.4911],[92.3103,22.4756],[92.2951,22.4516],[92.2954,22.4358],[92.2425,22.3931],[92.2212,22.3589],[92.2078,22.3629],[92.1768,22.3923],[92.1362,22.4033],[92.1197,22.4223],[92.1185,22.4301],[92.1446,22.444],[92.142,22.4575],[92.1304,22.4653],[92.1363,22.469],[92.1358,22.4841],[92.1257,22.517],[92.1176,22.5362],[92.1105,22.5342],[92.1089,22.561],[92.1015,22.5625],[92.1077,22.569],[92.1046,22.5777],[92.1317,22.5889],[92.1689,22.5158],[92.1846,22.5026]]]}},{"type":"Feature","properties":{"unit_id":"BD20840025","level":"upazila","name_en":"Kawkhali","name_bn":"Kawkhali","division":"Chattogram"},"geometry":{"type":"Polygon","coordinates":[[[92.0697,22.677],[92.0835,22.66],[92.1046,22.654],[92.1235,22.618],[92.1265,22.5994],[92.1142,22.5932],[92.123,22.5852],[92.1046,22.5777],[92.0814,22.5983],[92.0883,22.6086],[92.0835,22.6065],[92.0842,22.6131],[92.0748,22.6138],[92.0735,22.6193],[92.0483,22.6104],[92.041,22.6272],[92.0331,22.6142],[92.018,22.6113],[92.0081,22.5866],[92.0193,22.5742],[92.0156,22.5548],[92.0293,22.5328],[92.0184,22.5245],[92.0226,22.5147],[92.0171,22.5046],[92.0065,22.5026],[92.0057,22.4942],[91.9762,22.4894],[91.9706,22.4964],[91.9779,22.5115],[91.9715,22.5183],[91.9639,22.5724],[91.942,22.6078],[91.9457,22.6129],[91.9351,22.6585],[91.9435,22.6694],[91.9371,22.6787],[91.9267,22.681],[91.9281,22.6886],[91.9627,22.6912],[91.9666,22.7178],[91.99,22.7192],[92.0014,22.7268],[92.0196,22.702],[92.0697,22.677]]]}},{"type":"Feature","properties":{"unit_id":"BD20840058","level":"upazila","name_en":"Langadu","name_bn":"Langadu","division":"Chattogram"},"geometry":{"type":"Polygon","coordinates":[[[92.2371,23.0492],[92.2395,23.014],[92.2471,23.0045],[92.2851,23.0251],[92.2869,23.0632],[92.3019,23.063],[92.3135,23.0734],[92.3105,23.0426],[92.3331,22.981],[92.322,22.9298],[92.3057,22.919],[92.3091,22.88],[92.3262,22.8504],[92.3255,22.8407],[92.2899,22.845],[92.2601,22.8311],[92.2558,22.8462],[92.2478,22.8491],[92.2246,22.8275],[92.1981,22.821],[92.1442,22.9196],[92.1335,22.948],[92.123,23.0116],[92.0884,23.0952],[92.1985,23.1177],[92.2371,23.0492]]]}},{"type":"Feature","properties":{"unit_id":"BD20840075","level":"upazila","name_en":"Naniarchar","name_bn":"Naniarchar","division":"Chattogram"},"geometry":{"type":"Polygon","coordinates":[[[92.1611,22.8298],[92.1474,22.8181],[92.1425,22.7944],[92.1263,22.7797],[92.1255,22.766],[92.1045,22.7642],[92.0639,22.7313],[92.0069,22.7174],[91.9746,22.7964],[91.9846,22.8494],[92.0162,22.8571],[91.9941,22.8852],[92.0008,22.902],[92.0521,22.8961],[92.0752,22.9248],[92.1299,22.9668],[92.1374,22.9338],[92.1893,22.8388],[92.1611,22.8298]]]}},{"type":"Feature","properties":{"unit_id":"BD20840078","level":"upazila","name_en":"Rajasthali","name_bn":"Rajasthali","division":"Chattogram"},"geometry":{"type":"Polygon","coordinates":[[[92.3631,22.3407],[92.361,22.3344],[92.3338,22.3346],[92.3087,22.3456],[92.2846,22.344],[92.2165,22.3106],[92.2009,22.345],[92.1862,22.3504],[92.1487,22.3494],[92.149,22.3563],[92.135,22.36],[92.1417,22.363],[92.1428,22.3757],[92.1229,22.3748],[92.1014,22.4076],[92.1195,22.4228],[92.1362,22.4033],[92.1768,22.3923],[92.2192,22.3583],[92.2425,22.3931],[92.279,22.4183],[92.2971,22.4389],[92.3234,22.413],[92.3409,22.3586],[92.3631,22.3407]]]}},{"type":"Feature","properties":{"unit_id":"BD20840087","level":"upazila","name_en":"Rangamati Sadar","name_bn":"Rangamati Sadar","division":"Chattogram"},"geometry":{"type":"Polygon","coordinates":[[[92.2384,22.7034],[92.2381,22.6849],[92.3219,22.6462],[92.3256,22.6273],[92.3434,22.6114],[92.3906,22.504],[92.3648,22.5113],[92.3413,22.5345],[92.3197,22.5427],[92.2942,22.5324],[92.2906,22.5219],[92.2809,22.5186],[92.2822,22.4991],[92.2758,22.5026],[92.2399,22.495],[92.2221,22.5091],[92.1977,22.5137],[92.1948,22.5059],[92.1846,22.5026],[92.1689,22.5158],[92.1317,22.5889],[92.123,22.5852],[92.1142,22.5932],[92.1265,22.5994],[92.1271,22.6078],[92.1046,22.654],[92.0835,22.66],[92.0697,22.677],[92.0196,22.702],[92.0075,22.7164],[92.0639,22.7313],[92.1045,22.7642],[92.1255,22.766],[92.1263,22.7797],[92.1431,22.7959],[92.1435,22.8125],[92.1611,22.8298],[92.1893,22.8388],[92.2282,22.7185],[92.2384,22.7034]]]}},{"type":"Feature","properties":{"unit_id":"BD30260014","level":"upazila","name_en":"Dhamrai","name_bn":"Dhamrai","division":"Dhaka"},"geometry":{"type":"Polygon","coordinates":[[[90.0192,24.0371],[90.0285,24.0352],[90.0205,24.0297],[90.0248,24.0228],[90.0617,24.0302],[90.0653,24.0383],[90.0698,24.0325],[90.075,24.0429],[90.0903,24.0372],[90.1084,24.0196],[90.1108,24.0288],[90.1484,24.0355],[90.148,24.0265],[90.1635,24.0211],[90.1719,24.0013],[90.186,24.0018],[90.1898,23.9775],[90.1987,23.9761],[90.1977,23.9673],[90.2306,23.943],[90.2241,23.9274],[90.2451,23.8368],[90.2408,23.8312],[90.2169,23.8386],[90.1723,23.8268],[90.1516,23.8275],[90.15,23.8423],[90.1184,23.8757],[90.1088,23.8955],[90.0874,23.9119],[90.0757,23.9056],[90.0671,23.9086],[90.0635,23.9166],[90.0757,23.9266],[90.0627,23.9305],[90.0675,23.9414],[90.0622,23.951],[90.0745,23.9605],[90.0503,23.959],[90.0384,23.9704],[90.0431,23.9743],[90.038,23.983],[90.0568,24.0005],[90.0459,23.9969],[90.042,24.0051],[90.0258,24.0049],[90.0224,24.0167],[90.02,24.0105],[90.0126,24.0131],[90.0131,24.0079],[90.0047,24.0155],[90.0166,24.0226],[90.0157,24.0327],[90.0075,24.0369],[90.0189,24.0446],[90.0192,24.0371]]]}},{"type":"Feature","properties":{"unit_id":"BD30260018","level":"upazila","name_en":"Dohar","name_bn":"Dohar","division":"Dhaka"},"geometry":{"type":"Polygon","coordinates":[[[90.0421,23.6499],[90.0462,23.659],[90.0532,23.658],[90.0576,23.6485],[90.0739,23.6545],[90.0871,23.6468],[90.1238,23.6456],[90.1224,23.6363],[90.1342,23.6435],[90.1364,23.6433],[90.1356,23.6353],[90.1472,23.6389],[90.1457,23.6329],[90.1637,23.6283],[90.1705,23.6075],[90.1783,23.6046],[90.181,23.5814],[90.208,23.5686],[90.1774,23.5563],[90.1811,23.5344],[90.1773,23.5271],[90.1651,23.5267],[90.1523,23.5337],[90.1304,23.5654],[90.109,23.5684],[90.1108,23.5747],[90.0741,23.5661],[90.0399,23.576],[90.0546,23.5863],[90.0385,23.5964],[90.0358,23.6094],[90.045,23.6132],[90.0392,23.629],[90.0076,23.6275],[90.006,23.6444],[90.0186,23.6514],[90.0229,23.6683],[90.0293,23.666],[90.0421,23.6499]]]}},{"type":"Feature","properties":{"unit_id":"BD30260038","level":"upazila","name_en":"Keraniganj","name_bn":"Keraniganj","division":"Dhaka"},"geometry":{"type":"Polygon","coordinates":[[[90.2534,23.7644],[90.2549,23.752],[90.2658,23.7428],[90.2871,23.7479],[90.2912,23.767],[90.3122,23.77],[90.3246,23.741],[90.3441,23.7457],[90.3518,23.7399],[90.3643,23.7083],[90.3983,23.7114],[90.4146,23.7024],[90.4683,23.647],[90.4712,23.6345],[90.4459,23.6283],[90.4305,23.6138],[90.3912,23.6522],[90.3691,23.6543],[90.3471,23.6395],[90.2897,23.669],[90.2528,23.7219],[90.22,23.7403],[90.2184,23.7487],[90.2375,23.7768],[90.2534,23.7644]]]}},{"type":"Feature","properties":{"unit_id":"BD30260062","level":"upazila","name_en":"Nawabganj","name_bn":"Nawabganj","division":"Dhaka"},"geometry":{"type":"Polygon","coordinates":[[[90.1584,23.725],[90.1778,23.724],[90.1886,23.7144],[90.1905,23.7203],[90.2066,23.7236],[90.2262,23.7073],[90.2572,23.714],[90.2865,23.6736],[90.27,23.6535],[90.249,23.6547],[90.2492,23.6335],[90.2457,23.6287],[90.2405,23.6327],[90.2258,23.6127],[90.2264,23.5998],[90.2083,23.5895],[90.2052,23.5693],[90.181,23.5814],[90.1783,23.6046],[90.1705,23.6075],[90.1637,23.6283],[90.1457,23.6329],[90.1472,23.6389],[90.1356,23.6353],[90.1342,23.6435],[90.1224,23.6363],[90.1238,23.6456],[90.0871,23.6468],[90.0739,23.6545],[90.0576,23.6485],[90.0532,23.658],[90.0462,23.659],[90.0421,23.6499],[90.0293,23.666],[90.018,23.6682],[90.0377,23.6822],[90.0412,23.713],[90.0504,23.7117],[90.0512,23.724],[90.0699,23.7246],[90.0802,23.7158],[90.0824,23.7249],[90.0989,23.729],[90.1056,23.7265],[90.1059,23.7166],[90.1155,23.7146],[90.138,23.7453],[90.1575,23.7427],[90.1584,23.725]]]}},{"type":"Feature","properties":{"unit_id":"BD30260072","level":"upazila","name_en":"Savar","name_bn":"Savar","division":"Dhaka"},"geometry":{"type":"Polygon","coordinates":[[[90.2591,24.0135],[90.2508,23.999],[90.2619,23.978],[90.2591,23.9699],[90.2701,23.9614],[90.2805,23.9666],[90.2965,23.9607],[90.2995,23.9484],[90.3182,23.9502],[90.3171,23.9567],[90.3356,23.9477],[90.3419,23.9579],[90.3468,23.9483],[90.3438,23.9029],[90.353,23.8776],[90.3449,23.8578],[90.3498,23.854],[90.3369,23.8472],[90.3414,23.8417],[90.3369,23.8313],[90.3423,23.8266],[90.3361,23.8203],[90.3425,23.8023],[90.3335,23.7755],[90.3436,23.7694],[90.3289,23.7505],[90.3441,23.7457],[90.335,23.741],[90.322,23.7432],[90.3092,23.7708],[90.2909,23.7666],[90.2871,23.7479],[90.2646,23.7431],[90.2549,23.752],[90.2534,23.7644],[90.2375,23.7768],[90.2484,23.8253],[90.2282,23.899],[90.2241,23.9274],[90.2306,23.943],[90.1974,23.9676],[90.2005,23.9739],[90.1893,23.9781],[90.1821,24.0048],[90.1932,24.0102],[90.1993,24.0054],[90.2036,24.0102],[90.211,24.0052],[90.2186,24.0102],[90.2376,24.0082],[90.235,24.0295],[90.2454,24.0291],[90.2591,24.0135]]]}},{"type":"Feature","properties":{"unit_id":"BD30290003","level":"upazila","name_en":"Alfadanga","name_bn":"Alfadanga","division":"Dhaka"},"geometry":{"type":"Polygon","coordinates":[[[89.634,23.3639],[89.642,23.3641],[89.6451,23.3565],[89.6718,23.354],[89.675,23.3413],[89.6872,23.3424],[89.6873,23.3327],[89.7142,23.3123],[89.6986,23.3098],[89.6965,23.3008],[89.7136,23.2911],[89.7258,23.2987],[89.751,23.2772],[89.7413,23.2621],[89.73,23.2582],[89.7322,23.2488],[89.7152,23.2414],[89.7158,23.2307],[89.6885,23.2111],[89.6839,23.2116],[89.6874,23.2244],[89.6723,23.2427],[89.6398,23.2362],[89.6322,23.2401],[89.6305,23.2549],[89.6369,23.2658],[89.6688,23.278],[89.654,23.288],[89.6299,23.2908],[89.6189,23.3013],[89.622,23.3057],[89.6048,23.3346],[89.6121,23.3442],[89.5985,23.3802],[89.6107,23.3833],[89.634,23.3639]]]}},{"type":"Feature","properties":{"unit_id":"BD30290010","level":"upazila","name_en":"Bhanga","name_bn":"Bhanga","division":"Dhaka"},"geometry":{"type":"Polygon","coordinates":[[[90.0039,23.4584],[90.0184,23.446],[90.0275,23.4451],[90.0422,23.4597],[90.05,23.4519],[90.0432,23.4481],[90.0463,23.4434],[90.0588,23.447],[90.0773,23.4389],[90.0803,23.408],[90.0559,23.3918],[90.0601,23.3854],[90.0927,23.3793],[90.0875,23.3506],[90.0937,23.3507],[90.1034,23.3342],[90.0927,23.3284],[90.0935,23.3124],[90.0787,23.3031],[90.0757,23.3102],[90.0679,23.3058],[90.0513,23.3305],[90.0334,23.3431],[90.0337,23.3172],[90.0203,23.2876],[90.005,23.3048],[90.0181,23.3156],[90.0197,23.3271],[89.9915,23.326],[89.9799,23.3351],[89.9743,23.3499],[89.9547,23.361],[89.9491,23.3527],[89.9234,23.3495],[89.9144,23.3874],[89.9233,23.4003],[89.937,23.3936],[89.9387,23.384],[89.9485,23.386],[89.9492,23.3927],[89.9435,23.4079],[89.9316,23.4138],[89.928,23.4275],[89.9361,23.4349],[89.9516,23.4312],[89.9569,23.4365],[89.9355,23.4629],[89.9471,23.4688],[89.9628,23.4658],[89.984,23.4766],[90.0056,23.4694],[90.0039,23.4584]]]}},{"type":"Feature","properties":{"unit_id":"BD30290018","level":"upazila","name_en":"Boalmari","name_bn":"Boalmari","division":"Dhaka"},"geometry":{"type":"Polygon","coordinates":[[[89.7005,23.5025],[89.6945,23.4913],[89.7127,23.4906],[89.7104,23.4738],[89.7322,23.4734],[89.737,23.4456],[89.7303,23.4421],[89.741,23.4345],[89.7267,23.4233],[89.7352,23.4168],[89.7318,23.4123],[89.7593,23.3922],[89.7632,23.383],[89.759,23.378],[89.7805,23.3722],[89.7738,23.3634],[89.7874,23.3437],[89.7936,23.3158],[89.7786,23.3109],[89.7776,23.2994],[89.7688,23.3033],[89.7616,23.2902],[89.7497,23.3027],[89.7428,23.2912],[89.7415,23.2983],[89.7273,23.3052],[89.7345,23.2996],[89.7316,23.2936],[89.7214,23.2998],[89.7126,23.2912],[89.6975,23.3],[89.6986,23.3098],[89.7141,23.3126],[89.6873,23.3327],[89.6872,23.3424],[89.675,23.3413],[89.6718,23.354],[89.6451,23.3565],[89.642,23.3641],[89.634,23.3639],[89.6107,23.3833],[89.6008,23.4428],[89.6072,23.4611],[89.6209,23.4618],[89.6181,23.4803],[89.6228,23.4909],[89.6278,23.4951],[89.6406,23.4863],[89.6475,23.4964],[89.674,23.4859],[89.6727,23.5046],[89.6947,23.4986],[89.7005,23.5025]]]}},{"type":"Feature","properties":{"unit_id":"BD30290021","level":"upazila","name_en":"Char Bhadrasan","name_bn":"Char Bhadrasan","division":"Dhaka"},"geometry":{"type":"Polygon","coordinates":[[[89.9789,23.6357],[89.9923,23.6266],[90.0392,23.629],[90.045,23.6132],[90.0358,23.6094],[90.0385,23.5964],[90.0546,23.5863],[90.0399,23.576],[90.0741,23.5661],[90.1108,23.5747],[90.106,23.5526],[90.0934,23.5689],[90.0785,23.5632],[90.0793,23.5614],[90.0866,23.5558],[90.0819,23.5522],[90.0068,23.5569],[90.0003,23.5489],[89.9925,23.555],[89.9701,23.556],[89.9482,23.5438],[89.9383,23.5307],[89.9165,23.5592],[89.9228,23.5598],[89.9072,23.5904],[89.8934,23.6048],[89.8982,23.6212],[89.9074,23.6292],[89.9197,23.6258],[89.9361,23.6441],[89.9658,23.6364],[89.9638,23.6328],[89.9789,23.6357]]]}},{"type":"Feature","properties":{"unit_id":"BD30290047","level":"upazila","name_en":"Faridpur Sadar","name_bn":"Faridpur Sadar","division":"Dhaka"},"geometry":{"type":"Polygon","coordinates":[[[89.848,23.7005],[89.8446,23.712],[89.8497,23.7134],[89.8766,23.6977],[89.9116,23.6652],[89.9254,23.6423],[89.9338,23.6421],[89.9197,23.6258],[89.9074,23.6292],[89.8982,23.6212],[89.8933,23.6044],[89.9228,23.5595],[89.9043,23.5582],[89.8677,23.528],[89.8693,23.5166],[89.8463,23.512],[89.843,23.4983],[89.826,23.4941],[89.8088,23.5055],[89.7863,23.483],[89.7708,23.4893],[89.771,23.4983],[89.7587,23.5032],[89.7427,23.4845],[89.7384,23.49],[89.7317,23.4869],[89.7318,23.4738],[89.7108,23.4737],[89.7127,23.4906],[89.6946,23.4935],[89.7078,23.5037],[89.7185,23.5002],[89.7441,23.5223],[89.7099,23.5487],[89.6913,23.5499],[89.7086,23.5769],[89.6985,23.5906],[89.7135,23.5894],[89.7141,23.597],[89.7192,23.5965],[89.7215,23.5874],[89.7346,23.581],[89.7567,23.595],[89.7305,23.6192],[89.7279,23.6313],[89.7344,23.6443],[89.7297,23.668],[89.7215,23.6745],[89.7339,23.679],[89.7399,23.6678],[89.757,23.6672],[89.7591,23.6794],[89.7952,23.6875],[89.7931,23.7126],[89.8152,23.7212],[89.8423,23.7092],[89.848,23.7005]]]}},{"type":"Feature","properties":{"unit_id":"BD30290056","level":"upazila","name_en":"Madhukhali","name_bn":"Madhukhali","division":"Dhaka"},"geometry":{"type":"Polygon","coordinates":[[[89.6729,23.5983],[89.6704,23.5875],[89.6983,23.5907],[89.7083,23.5814],[89.6916,23.5494],[89.709,23.5492],[89.744,23.5228],[89.7275,23.506],[89.7011,23.4982],[89.6736,23.5062],[89.6771,23.4878],[89.6714,23.4853],[89.6475,23.4964],[89.6402,23.4863],[89.625,23.4942],[89.6181,23.4803],[89.6203,23.4613],[89.6072,23.4609],[89.6051,23.4742],[89.5759,23.4961],[89.5306,23.5128],[89.5195,23.5129],[89.5128,23.4958],[89.5084,23.4967],[89.5129,23.4779],[89.4998,23.4755],[89.4918,23.4812],[89.4925,23.516],[89.507,23.5267],[89.5337,23.5296],[89.5395,23.5358],[89.5063,23.5496],[89.4978,23.5808],[89.5063,23.5917],[89.5192,23.5888],[89.5286,23.5717],[89.5401,23.5709],[89.5447,23.5617],[89.5524,23.5726],[89.542,23.573],[89.5408,23.5797],[89.5477,23.5932],[89.5603,23.5931],[89.5621,23.6057],[89.5886,23.5955],[89.5994,23.6001],[89.5934,23.6069],[89.599,23.6101],[89.6109,23.5939],[89.6287,23.5895],[89.6461,23.5926],[89.6539,23.6108],[89.6665,23.6101],[89.6729,23.5983]]]}},{"type":"Feature","properties":{"unit_id":"BD30290062","level":"upazila","name_en":"Nagarkanda","name_bn":"Nagarkanda","division":"Dhaka"},"geometry":{"type":"Polygon","coordinates":[[[89.9309,23.5399],[89.9174,23.494],[89.9283,23.471],[89.957,23.4379],[89.9524,23.4314],[89.9408,23.4361],[89.928,23.4275],[89.9316,23.4138],[89.945,23.4061],[89.9485,23.386],[89.9387,23.384],[89.937,23.3936],[89.9233,23.4003],[89.9133,23.3829],[89.9237,23.3489],[89.9486,23.353],[89.9499,23.3401],[89.9565,23.3444],[89.9653,23.3373],[89.952,23.3197],[89.9298,23.321],[89.9201,23.3082],[89.9046,23.3131],[89.9162,23.3319],[89.9037,23.3419],[89.8845,23.335],[89.8719,23.3539],[89.8522,23.3617],[89.8394,23.3583],[89.8373,23.3664],[89.8457,23.3704],[89.8537,23.3913],[89.8469,23.4011],[89.8543,23.3991],[89.8583,23.3952],[89.86,23.3958],[89.8637,23.4125],[89.8493,23.4184],[89.8459,23.4348],[89.8513,23.4609],[89.8281,23.4647],[89.8497,23.4873],[89.8463,23.512],[89.8693,23.5166],[89.8696,23.5299],[89.9043,23.5582],[89.9174,23.5585],[89.9309,23.5399]]]}},{"type":"Feature","properties":{"unit_id":"BD30290084","level":"upazila","name_en":"Sadarpur","name_bn":"Sadarpur","division":"Dhaka"},"geometry":{"type":"Polygon","coordinates":[[[90.109,23.5684],[90.1304,23.5654],[90.1523,23.5337],[90.1651,23.5267],[90.1589,23.5218],[90.1809,23.4993],[90.1666,23.4947],[90.1576,23.4705],[90.1424,23.4803],[90.1325,23.4684],[90.1114,23.4624],[90.1064,23.4471],[90.1111,23.4378],[90.0928,23.4191],[90.1118,23.4174],[90.098,23.4054],[90.0973,23.3886],[90.1024,23.3855],[90.0953,23.3783],[90.0601,23.3854],[90.0561,23.3913],[90.0781,23.4045],[90.0809,23.4218],[90.0741,23.4419],[90.0454,23.4443],[90.0474,23.4585],[90.0238,23.4444],[90.0057,23.4555],[90.0056,23.4694],[89.9905,23.4755],[89.9352,23.4627],[89.9244,23.4773],[89.9171,23.4958],[89.9247,23.5074],[89.9265,23.5385],[89.9383,23.5307],[89.9482,23.5438],[89.9701,23.556],[89.9925,23.555],[90.0003,23.5489],[90.0068,23.5569],[90.0819,23.5522],[90.0866,23.5558],[90.0785,23.5632],[90.0934,23.5689],[90.103,23.5523],[90.109,23.5684]]]}},{"type":"Feature","properties":{"unit_id":"BD30290090","level":"upazila","name_en":"Saltha","name_bn":"Saltha","division":"Dhaka"},"geometry":{"type":"Polygon","coordinates":[[[89.826,23.4941],[89.8452,23.5039],[89.8512,23.4955],[89.8281,23.4647],[89.8513,23.4609],[89.8465,23.431],[89.8509,23.4162],[89.863,23.4148],[89.8636,23.4038],[89.8583,23.3952],[89.8469,23.4011],[89.8537,23.3913],[89.8381,23.3608],[89.8735,23.3531],[89.8845,23.335],[89.8707,23.321],[89.8638,23.3383],[89.8489,23.3395],[89.8422,23.3306],[89.8258,23.3468],[89.7914,23.3109],[89.7874,23.3437],[89.7738,23.3634],[89.7805,23.3722],[89.759,23.378],[89.7632,23.383],[89.7593,23.3922],[89.7329,23.4109],[89.7352,23.4168],[89.7267,23.4233],[89.741,23.4345],[89.7303,23.4421],[89.737,23.4456],[89.7314,23.4865],[89.7384,23.49],[89.7427,23.4845],[89.7605,23.5035],[89.771,23.4983],[89.7708,23.4893],[89.7881,23.4831],[89.8042,23.5038],[89.813,23.5052],[89.826,23.4941]]]}},{"type":"Feature","properties":{"unit_id":"BD30330030","level":"upazila","name_en":"Gazipur Sadar","name_bn":"Gazipur Sadar","division":"Dhaka"},"geometry":{"type":"MultiPolygon","coordinates":[[[[90.4483,24.1741],[90.4656,24.1573],[90.4587,24.1427],[90.4681,24.134],[90.4574,24.1294],[90.4549,24.1164],[90.4615,24.1083],[90.4482,24.1037],[90.4503,24.0877],[90.4234,24.0846],[90.4049,24.1008],[90.3786,24.0981],[90.3626,24.0764],[90.3551,24.0759],[90.359,24.0672],[90.3497,24.0619],[90.3327,24.0963],[90.3547,24.1365],[90.3575,24.1631],[90.3896,24.1618],[90.3994,24.152],[90.4181,24.1774],[90.4483,24.1741]]],[[[90.469,24.0215],[90.4818,24.0124],[90.4899,24.015],[90.4927,24.024],[90.4909,24.0104],[90.5029,23.9926],[90.494,23.9871],[90.5146,23.9671],[90.4903,23.9599],[90.5141,23.9597],[90.5136,23.9373],[90.4942,23.938],[90.4766,23.9471],[90.4841,23.9566],[90.4775,23.9588],[90.4767,23.967],[90.473,23.9603],[90.4609,23.9596],[90.467,23.9723],[90.4526,23.9824],[90.4516,23.9958],[90.4383,24.0169],[90.4481,24.0315],[90.4605,24.0188],[90.469,24.0215]]]]}},{"type":"Feature","properties":{"unit_id":"BD30330032","level":"upazila","name_en":"Kaliakair","name_bn":"Kaliakair","division":"Dhaka"},"geometry":{"type":"Polygon","coordinates":[[[90.3216,24.2072],[90.3321,24.1988],[90.3281,24.192],[90.3345,24.1771],[90.3569,24.1601],[90.3594,24.1512],[90.3327,24.0963],[90.3413,24.0871],[90.3365,24.0813],[90.3423,24.0745],[90.337,24.0736],[90.3431,24.0608],[90.3359,24.0574],[90.3392,24.0416],[90.3255,24.0328],[90.31,24.0442],[90.3024,24.043],[90.313,24.0257],[90.3115,24.0148],[90.3018,24.0061],[90.292,24.0137],[90.2807,24.0091],[90.2527,24.0159],[90.2512,24.0253],[90.2369,24.0324],[90.2376,24.0082],[90.2186,24.0102],[90.211,24.0052],[90.2036,24.0102],[90.1993,24.0054],[90.1932,24.0102],[90.1719,24.0013],[90.1635,24.0211],[90.148,24.029],[90.1517,24.0537],[90.1634,24.0572],[90.1591,24.0665],[90.1795,24.0785],[90.1747,24.1102],[90.202,24.0952],[90.2323,24.1058],[90.2319,24.1153],[90.2191,24.1306],[90.2271,24.1634],[90.2694,24.2136],[90.2929,24.2236],[90.2934,24.243],[90.3011,24.2499],[90.3142,24.2364],[90.3216,24.2072]]]}},{"type":"Feature","properties":{"unit_id":"BD30330034","level":"upazila","name_en":"Kaliganj","name_bn":"Kaliganj","division":"Dhaka"},"geometry":{"type":"Polygon","coordinates":[[[90.5678,24.0269],[90.5854,24.0404],[90.6,24.0347],[90.6129,24.0445],[90.6417,24.0427],[90.6596,24.0153],[90.6402,24.0047],[90.6316,23.9791],[90.6187,23.9688],[90.6138,23.9296],[90.5618,23.9133],[90.5729,23.8971],[90.5548,23.886],[90.5349,23.8869],[90.5274,23.8947],[90.5181,23.8881],[90.5225,23.8755],[90.5064,23.8748],[90.5031,23.8576],[90.486,23.8477],[90.4733,23.8486],[90.473,23.8663],[90.4622,23.8836],[90.4937,23.9187],[90.489,23.9243],[90.4923,23.9389],[90.5155,23.9393],[90.5141,23.9597],[90.4903,23.9599],[90.4923,23.9643],[90.509,23.9619],[90.5146,23.9671],[90.494,23.9871],[90.5029,23.9926],[90.4909,24.0104],[90.4922,24.0289],[90.5053,24.0413],[90.5092,24.0363],[90.521,24.0443],[90.521,24.0327],[90.5363,24.0401],[90.543,24.0364],[90.5527,24.046],[90.5678,24.0269]]]}},{"type":"Feature","properties":{"unit_id":"BD30330036","level":"upazila","name_en":"Kapasia","name_bn":"Kapasia","division":"Dhaka"},"geometry":{"type":"Polygon","coordinates":[[[90.685,24.2395],[90.6737,24.2251],[90.6727,24.207],[90.6894,24.1838],[90.6864,24.1498],[90.6967,24.1386],[90.6775,24.1139],[90.6976,24.1145],[90.7045,24.1032],[90.6566,24.0924],[90.6425,24.1062],[90.637,24.0698],[90.6531,24.0356],[90.6417,24.0427],[90.6129,24.0445],[90.6,24.0347],[90.5854,24.0404],[90.5678,24.0269],[90.5517,24.0469],[90.5531,24.0422],[90.5433,24.0422],[90.5427,24.0363],[90.5363,24.0401],[90.5208,24.0327],[90.5192,24.0445],[90.5094,24.0363],[90.5057,24.0413],[90.4989,24.0366],[90.4968,24.0725],[90.5066,24.0865],[90.5221,24.0908],[90.5151,24.1005],[90.5223,24.1102],[90.5165,24.129],[90.5407,24.1347],[90.5536,24.162],[90.5409,24.1812],[90.5412,24.2024],[90.5493,24.2195],[90.5416,24.2376],[90.5265,24.2407],[90.5284,24.2554],[90.5445,24.2686],[90.5773,24.2477],[90.6107,24.2681],[90.6339,24.2688],[90.685,24.2395]]]}},{"type":"Feature","properties":{"unit_id":"BD30330086","level":"upazila","name_en":"Sreepur","name_bn":"Sreepur","division":"Dhaka"},"geometry":{"type":"Polygon","coordinates":[[[90.4892,24.3135],[90.5139,24.3118],[90.5295,24.3033],[90.5207,24.288],[90.5473,24.2741],[90.5288,24.256],[90.5252,24.2439],[90.5422,24.237],[90.549,24.2204],[90.5412,24.2024],[90.5409,24.1812],[90.5528,24.1703],[90.5533,24.1604],[90.5407,24.1347],[90.5165,24.129],[90.5223,24.1102],[90.5151,24.1005],[90.5221,24.0908],[90.5066,24.0865],[90.4968,24.0725],[90.4985,24.0335],[90.4899,24.015],[90.4818,24.0124],[90.469,24.0215],[90.4606,24.0187],[90.4491,24.0301],[90.4461,24.0598],[90.421,24.0673],[90.4234,24.0846],[90.4503,24.0877],[90.4482,24.1037],[90.4615,24.1083],[90.4549,24.1164],[90.4574,24.1294],[90.4681,24.134],[90.4587,24.1427],[90.4656,24.1565],[90.4611,24.1642],[90.4483,24.1741],[90.4167,24.1777],[90.3994,24.152],[90.389,24.1619],[90.3494,24.1616],[90.3345,24.1771],[90.3281,24.192],[90.3321,24.1988],[90.3216,24.2072],[90.3142,24.2364],[90.3009,24.2464],[90.305,24.2669],[90.2935,24.2783],[90.3237,24.2992],[90.3455,24.2932],[90.3539,24.3007],[90.359,24.2998],[90.3642,24.2811],[90.3802,24.29],[90.3934,24.2803],[90.4026,24.2822],[90.4166,24.3034],[90.4286,24.3094],[90.427,24.3317],[90.4378,24.3401],[90.4574,24.3404],[90.4892,24.3135]]]}},{"type":"Feature","properties":{"unit_id":"BD30350032","level":"upazila","name_en":"Gopalganj Sadar","name_bn":"Gopalganj Sadar","division":"Dhaka"},"geometry":{"type":"Polygon","coordinates":[[[89.9699,23.1872],[89.974,23.1805],[89.9611,23.1604],[89.9488,23.1629],[89.9423,23.1568],[89.9352,23.1191],[89.967,23.1102],[89.9601,23.0245],[89.9544,23.0158],[89.9231,23.0071],[89.92,22.9951],[89.89,23.0032],[89.8756,22.9822],[89.9007,22.9712],[89.9022,22.964],[89.8846,22.957],[89.8679,22.9675],[89.8602,22.9583],[89.8344,22.9628],[89.8321,22.9429],[89.8395,22.92],[89.8206,22.9374],[89.8018,22.9431],[89.8071,22.9631],[89.7932,22.9811],[89.7971,22.9967],[89.7582,23.0121],[89.7462,23.0487],[89.7278,23.0552],[89.7358,23.0699],[89.7316,23.0796],[89.6923,23.0939],[89.6708,23.1193],[89.6717,23.1262],[89.6827,23.1296],[89.6999,23.1113],[89.7123,23.1239],[89.723,23.1214],[89.7402,23.1317],[89.7506,23.1267],[89.781,23.1355],[89.7859,23.1187],[89.7808,23.0955],[89.7846,23.0874],[89.8022,23.0816],[89.8047,23.0877],[89.8143,23.0851],[89.8248,23.0936],[89.8246,23.1068],[89.8398,23.1105],[89.8402,23.1228],[89.9064,23.1311],[89.9119,23.1429],[89.9197,23.1442],[89.9172,23.1574],[89.925,23.1805],[89.9507,23.1916],[89.9619,23.2047],[89.9575,23.1952],[89.9616,23.1869],[89.9699,23.1872]]]}},{"type":"Feature","properties":{"unit_id":"BD30350043","level":"upazila","name_en":"Kashiani","name_bn":"Kashiani","division":"Dhaka"},"geometry":{"type":"Polygon","coordinates":[[[89.7999,23.2891],[89.81,23.2831],[89.813,23.2715],[89.8223,23.2737],[89.8225,23.2502],[89.8376,23.238],[89.845,23.2004],[89.8578,23.2014],[89.8676,23.185],[89.8827,23.1857],[89.8923,23.1971],[89.8917,23.1811],[89.9121,23.1714],[89.9249,23.1724],[89.9175,23.1591],[89.9197,23.1442],[89.9119,23.1429],[89.9064,23.1311],[89.8402,23.1228],[89.8398,23.1105],[89.8246,23.1068],[89.8248,23.0936],[89.8143,23.0851],[89.8047,23.0877],[89.8022,23.0816],[89.7846,23.0874],[89.7808,23.0955],[89.7859,23.1187],[89.781,23.1355],[89.7499,23.1267],[89.7402,23.1317],[89.7411,23.1418],[89.7301,23.1566],[89.7353,23.1692],[89.7628,23.1732],[89.7633,23.1809],[89.7356,23.1846],[89.6946,23.1609],[89.6787,23.1821],[89.6833,23.2053],[89.7158,23.2307],[89.7152,23.2414],[89.7309,23.2475],[89.73,23.2582],[89.741,23.2618],[89.751,23.2761],[89.7269,23.3052],[89.7415,23.2983],[89.7425,23.2912],[89.75,23.3026],[89.7587,23.2895],[89.7688,23.3033],[89.7776,23.2994],[89.7786,23.3109],[89.7951,23.312],[89.7999,23.2891]]]}},{"type":"Feature","properties":{"unit_id":"BD30350051","level":"upazila","name_en":"Kotalipara","name_bn":"Kotalipara","division":"Dhaka"},"geometry":{"type":"Polygon","coordinates":[[[90.0137,23.1287],[90.0446,23.1209],[90.0425,23.1053],[90.0802,23.1259],[90.0796,23.1129],[90.108,23.1176],[90.1192,23.1113],[90.1106,23.1035],[90.1087,23.077],[90.1318,23.0711],[90.1246,23.0649],[90.1111,23.0669],[90.1147,23.0343],[90.1262,23.0268],[90.1335,23.0498],[90.1439,23.0481],[90.1273,23.0261],[90.1264,23.0051],[90.0947,23.007],[90.0838,22.9805],[90.077,22.9828],[90.069,22.9676],[90.0578,22.9708],[90.0576,22.9337],[90.0348,22.934],[90.0187,22.8885],[90.0183,22.8686],[89.9878,22.8657],[89.9685,22.8569],[89.9705,22.8729],[89.9568,22.8846],[89.9544,22.8994],[89.9613,22.9117],[89.9709,22.9151],[89.9702,22.9328],[89.9631,22.9344],[89.9483,22.9145],[89.9312,22.9219],[89.9239,22.9438],[89.9387,22.9538],[89.9449,22.9746],[89.9328,22.9913],[89.92,22.9951],[89.9194,23.0023],[89.9387,23.0154],[89.9544,23.0158],[89.9601,23.0245],[89.9669,23.1103],[89.9843,23.1101],[89.9924,23.1312],[90.0147,23.1351],[90.0137,23.1287]]]}},{"type":"Feature","properties":{"unit_id":"BD30350058","level":"upazila","name_en":"Muksudpur","name_bn":"Muksudpur","division":"Dhaka"},"geometry":{"type":"Polygon","coordinates":[[[89.9799,23.3351],[89.9915,23.326],[90.0204,23.3263],[90.0181,23.3156],[90.005,23.3048],[90.0258,23.2866],[90.0226,23.2742],[90.0317,23.263],[90.0225,23.2538],[90.0268,23.2501],[90.0192,23.2304],[90.0093,23.2348],[89.9973,23.216],[89.9848,23.217],[89.9775,23.1804],[89.9611,23.1871],[89.9619,23.2047],[89.9168,23.1711],[89.8917,23.1811],[89.8923,23.1971],[89.8827,23.1857],[89.8676,23.185],[89.8578,23.2014],[89.845,23.2004],[89.8376,23.238],[89.8225,23.2502],[89.8223,23.2737],[89.813,23.2715],[89.81,23.2831],[89.7999,23.2891],[89.7956,23.3071],[89.8236,23.3453],[89.8285,23.3469],[89.8312,23.3368],[89.8422,23.3306],[89.8489,23.3395],[89.8621,23.3393],[89.8712,23.3209],[89.8804,23.3326],[89.9027,23.3423],[89.9162,23.3323],[89.9046,23.3131],[89.9201,23.3082],[89.9298,23.321],[89.9519,23.3196],[89.963,23.3298],[89.9646,23.3385],[89.9565,23.3444],[89.9539,23.3389],[89.9489,23.3415],[89.9513,23.3603],[89.9777,23.3454],[89.9799,23.3351]]]}},{"type":"Feature","properties":{"unit_id":"BD30350091","level":"upazila","name_en":"Tungipara","name_bn":"Tungipara","division":"Dhaka"},"geometry":{"type":"Polygon","coordinates":[[[89.9449,22.9746],[89.9387,22.9538],[89.9239,22.9438],[89.9312,22.9219],[89.9483,22.9145],[89.9631,22.9344],[89.9702,22.9328],[89.9709,22.9151],[89.9613,22.9117],[89.9544,22.8994],[89.9568,22.8846],[89.9713,22.8703],[89.967,22.8541],[89.9538,22.853],[89.9397,22.8648],[89.9436,22.8524],[89.9379,22.8468],[89.9188,22.8675],[89.9152,22.8818],[89.8702,22.8882],[89.8697,22.8752],[89.8365,22.8884],[89.8446,22.8967],[89.8534,22.8945],[89.834,22.9348],[89.8344,22.9628],[89.8602,22.9583],[89.8679,22.9675],[89.8846,22.957],[89.9022,22.964],[89.9007,22.9712],[89.8756,22.9827],[89.89,23.0032],[89.9314,22.9924],[89.9449,22.9746]]]}},{"type":"Feature","properties":{"unit_id":"BD30480002","level":"upazila","name_en":"Austagram","name_bn":"Austagram","division":"Dhaka"},"geometry":{"type":"Polygon","coordinates":[[[91.2212,24.4041],[91.2202,24.4114],[91.2389,24.408],[91.2567,24.3813],[91.2429,24.3806],[91.2318,24.3672],[91.2136,24.3625],[91.2362,24.3352],[91.2377,24.3182],[91.1738,24.3202],[91.1584,24.2826],[91.1976,24.2934],[91.19,24.2745],[91.1396,24.2443],[91.0849,24.2403],[91.0788,24.2281],[91.0899,24.2195],[91.0901,24.2112],[91.0402,24.2161],[91.0521,24.2448],[91.05,24.2555],[91.0407,24.2669],[91.0393,24.2903],[91.0142,24.2905],[91.0162,24.3054],[91.0066,24.3104],[91.0158,24.3211],[91.005,24.338],[90.9883,24.3404],[90.9987,24.3604],[91.0092,24.3622],[91.0127,24.3546],[91.0288,24.3508],[91.0311,24.3632],[91.0401,24.3644],[91.0511,24.38],[91.0732,24.359],[91.0906,24.3804],[91.0979,24.3625],[91.115,24.3609],[91.1203,24.3628],[91.121,24.3827],[91.1401,24.3867],[91.1511,24.3771],[91.1857,24.4235],[91.2051,24.4321],[91.2175,24.4333],[91.2147,24.4036],[91.2212,24.4041]]]}},{"type":"Feature","properties":{"unit_id":"BD30480006","level":"upazila","name_en":"Bajitpur","name_bn":"Bajitpur","division":"Dhaka"},"geometry":{"type":"Polygon","coordinates":[[[91.0521,24.2459],[91.0405,24.2181],[91.0439,24.2145],[91.0148,24.1831],[90.9845,24.1616],[90.9667,24.1771],[90.9699,24.1652],[90.9618,24.1595],[90.9541,24.1768],[90.9453,24.1792],[90.947,24.1842],[90.9364,24.1726],[90.9258,24.174],[90.9213,24.178],[90.9238,24.1904],[90.9073,24.1988],[90.8887,24.1902],[90.8827,24.2006],[90.859,24.1971],[90.8412,24.2175],[90.8309,24.214],[90.8228,24.2225],[90.8225,24.2371],[90.8313,24.2507],[90.8447,24.2566],[90.8639,24.251],[90.8619,24.2589],[90.8708,24.2605],[90.8652,24.2775],[90.874,24.2802],[90.8911,24.2732],[90.8928,24.2593],[90.9043,24.259],[90.9005,24.2515],[90.9267,24.2737],[90.93,24.2675],[90.9251,24.259],[90.9558,24.2595],[90.9732,24.2534],[90.9842,24.2618],[91.0025,24.2619],[91.0071,24.272],[90.9969,24.2775],[91.0044,24.2848],[91.0354,24.2922],[91.0521,24.2459]]]}},{"type":"Feature","properties":{"unit_id":"BD30480011","level":"upazila","name_en":"Bhairab","name_bn":"Bhairab","division":"Dhaka"},"geometry":{"type":"Polygon","coordinates":[[[90.9973,24.1428],[91.0409,24.1189],[91.0508,24.101],[91.0388,24.0743],[90.9867,24.0353],[90.9611,24.0399],[90.9645,24.0652],[90.9534,24.0707],[90.9455,24.0859],[90.9148,24.0776],[90.8923,24.0949],[90.927,24.0972],[90.9313,24.1152],[90.9328,24.1073],[90.9428,24.1079],[90.9314,24.133],[90.9326,24.1485],[90.942,24.1594],[90.9699,24.1652],[90.9699,24.1772],[90.9973,24.1428]]]}},{"type":"Feature","properties":{"unit_id":"BD30480027","level":"upazila","name_en":"Hossainpur","name_bn":"Hossainpur","division":"Dhaka"},"geometry":{"type":"Polygon","coordinates":[[[90.7045,24.4987],[90.716,24.4903],[90.7195,24.4664],[90.7297,24.4571],[90.7263,24.448],[90.7228,24.4513],[90.7159,24.4505],[90.7222,24.4491],[90.7284,24.429],[90.7345,24.4271],[90.7172,24.4114],[90.7207,24.3957],[90.7138,24.3871],[90.6854,24.3945],[90.6506,24.3902],[90.6424,24.3947],[90.6479,24.4158],[90.6364,24.433],[90.5978,24.4415],[90.5792,24.457],[90.5757,24.4822],[90.5834,24.4859],[90.5837,24.4944],[90.5955,24.4988],[90.6166,24.496],[90.6374,24.4762],[90.6484,24.4781],[90.6646,24.4671],[90.68,24.4673],[90.6794,24.4805],[90.6857,24.4872],[90.6828,24.5014],[90.7035,24.5146],[90.7045,24.4987]]]}},{"type":"Feature","properties":{"unit_id":"BD30480033","level":"upazila","name_en":"Itna","name_bn":"Itna","division":"Dhaka"},"geometry":{"type":"Polygon","coordinates":[[[91.1931,24.6414],[91.1962,24.626],[91.1786,24.632],[91.1774,24.6207],[91.2011,24.6099],[91.2053,24.5955],[91.1977,24.5921],[91.1991,24.587],[91.2066,24.5872],[91.2068,24.5783],[91.2339,24.5706],[91.2258,24.5616],[91.2155,24.5262],[91.1856,24.4959],[91.1721,24.5013],[91.1517,24.4821],[91.1542,24.4748],[91.1446,24.474],[91.13,24.4791],[91.1222,24.4897],[91.1202,24.486],[91.1192,24.4934],[91.1116,24.486],[91.0896,24.4951],[91.0632,24.4948],[91.0521,24.4856],[91.068,24.4722],[91.0563,24.4569],[91.0431,24.4638],[91.0322,24.4493],[91.0275,24.4512],[91.0316,24.462],[91.0263,24.471],[91.0163,24.4629],[91.0059,24.4686],[91.0064,24.4743],[90.9857,24.4709],[90.9709,24.4957],[90.9539,24.4928],[90.949,24.5012],[90.9526,24.5118],[90.9448,24.5239],[90.9622,24.5379],[90.9726,24.5332],[90.9805,24.5412],[90.9739,24.5424],[90.9704,24.5548],[90.9505,24.5636],[90.9514,24.579],[90.9411,24.5848],[90.9477,24.5925],[90.9458,24.6067],[90.9537,24.6043],[90.9636,24.6138],[90.9776,24.6015],[90.9855,24.6072],[91.0187,24.605],[91.0304,24.631],[91.043,24.6262],[91.0367,24.62],[91.0395,24.6126],[91.0734,24.6221],[91.0933,24.6049],[91.0995,24.6027],[91.0997,24.6086],[91.1055,24.6025],[91.1047,24.6111],[91.1299,24.613],[91.135,24.6247],[91.1304,24.6451],[91.1383,24.6378],[91.1554,24.6424],[91.1636,24.6355],[91.1776,24.644],[91.1931,24.6414]]]}},{"type":"Feature","properties":{"unit_id":"BD30480042","level":"upazila","name_en":"Karimganj","name_bn":"Karimganj","division":"Dhaka"},"geometry":{"type":"Polygon","coordinates":[[[90.8872,24.5],[90.9064,24.5001],[90.9048,24.4901],[90.929,24.4904],[90.9496,24.5008],[90.9573,24.4913],[90.9689,24.4961],[90.9775,24.4908],[90.9857,24.4709],[91.0077,24.4737],[91.012,24.4632],[90.9967,24.4566],[91.0,24.4442],[90.9814,24.4497],[90.9836,24.4344],[90.9729,24.4338],[90.9744,24.4219],[90.9655,24.4255],[90.9677,24.412],[90.9455,24.4048],[90.9561,24.4018],[90.9532,24.3914],[90.9362,24.4021],[90.8716,24.3727],[90.8565,24.3748],[90.849,24.3908],[90.8608,24.4188],[90.8563,24.4302],[90.8505,24.436],[90.8321,24.4289],[90.8232,24.4462],[90.8081,24.4483],[90.804,24.4779],[90.7977,24.4802],[90.8154,24.5039],[90.829,24.5014],[90.836,24.5177],[90.8324,24.5267],[90.8386,24.5281],[90.8413,24.5189],[90.8525,24.53],[90.8706,24.5344],[90.8847,24.5202],[90.8872,24.5]]]}},{"type":"Feature","properties":{"unit_id":"BD30480045","level":"upazila","name_en":"Katiadi","name_bn":"Katiadi","division":"Dhaka"},"geometry":{"type":"Polygon","coordinates":[[[90.8935,24.3695],[90.9015,24.3697],[90.9146,24.3525],[90.9138,24.3276],[90.8988,24.3129],[90.8826,24.3102],[90.8892,24.3086],[90.8919,24.2859],[90.8802,24.2902],[90.8778,24.2777],[90.8647,24.2771],[90.8708,24.2605],[90.8619,24.2589],[90.8639,24.251],[90.8447,24.2566],[90.8313,24.2507],[90.8225,24.2371],[90.8241,24.2195],[90.8384,24.2158],[90.842,24.2064],[90.8205,24.1732],[90.8065,24.1918],[90.7987,24.1885],[90.7865,24.1961],[90.7923,24.2223],[90.77,24.2521],[90.7212,24.239],[90.7289,24.2532],[90.7231,24.2734],[90.7318,24.2735],[90.7386,24.2857],[90.7469,24.2803],[90.7611,24.2909],[90.7645,24.347],[90.7568,24.3496],[90.7711,24.3508],[90.7784,24.372],[90.7874,24.3681],[90.7868,24.3594],[90.8118,24.3653],[90.8265,24.3504],[90.8405,24.366],[90.8574,24.3643],[90.8955,24.3818],[90.8935,24.3695]]]}},{"type":"Feature","properties":{"unit_id":"BD30480049","level":"upazila","name_en":"Kishoreganj Sadar","name_bn":"Kishoreganj Sadar","division":"Dhaka"},"geometry":{"type":"Polygon","coordinates":[[[90.816,24.5019],[90.7977,24.4802],[90.804,24.4779],[90.8081,24.4483],[90.8232,24.4462],[90.8321,24.4289],[90.8505,24.436],[90.8563,24.4302],[90.8608,24.4188],[90.8492,24.389],[90.856,24.3752],[90.8722,24.3717],[90.8574,24.3643],[90.8405,24.366],[90.8261,24.3504],[90.8118,24.3653],[90.7868,24.3594],[90.7817,24.3739],[90.7702,24.3602],[90.7706,24.3504],[90.7508,24.3481],[90.7368,24.3632],[90.7425,24.3726],[90.7384,24.3847],[90.7133,24.3815],[90.7207,24.3957],[90.7172,24.4114],[90.7345,24.4271],[90.7284,24.429],[90.7222,24.4491],[90.7159,24.4505],[90.7228,24.4513],[90.7263,24.448],[90.7297,24.4559],[90.7196,24.4668],[90.7358,24.4854],[90.743,24.5084],[90.7526,24.5026],[90.7579,24.5122],[90.7931,24.5077],[90.7919,24.5181],[90.7989,24.5274],[90.812,24.5188],[90.816,24.5019]]]}},{"type":"Feature","properties":{"unit_id":"BD30480054","level":"upazila","name_en":"Kuliarchar","name_bn":"Kuliarchar","division":"Dhaka"},"geometry":{"type":"Polygon","coordinates":[[[90.8827,24.2006],[90.8887,24.1902],[90.9073,24.1988],[90.9235,24.1906],[90.9213,24.178],[90.9262,24.1739],[90.9364,24.1726],[90.9477,24.1838],[90.9453,24.1792],[90.9541,24.1768],[90.961,24.1604],[90.942,24.1594],[90.9325,24.1483],[90.9314,24.133],[90.9428,24.1079],[90.9328,24.1073],[90.9313,24.1152],[90.927,24.0972],[90.8923,24.0949],[90.8567,24.1034],[90.8455,24.1118],[90.8671,24.1258],[90.8725,24.1392],[90.8664,24.1453],[90.8389,24.1461],[90.8212,24.1609],[90.8225,24.1797],[90.8412,24.2031],[90.8375,24.216],[90.859,24.1971],[90.8827,24.2006]]]}},{"type":"Feature","properties":{"unit_id":"BD30480059","level":"upazila","name_en":"Mithamain","name_bn":"Mithamain","division":"Dhaka"},"geometry":{"type":"Polygon","coordinates":[[[91.1116,24.486],[91.1192,24.4934],[91.1202,24.486],[91.1222,24.4897],[91.13,24.4791],[91.1443,24.474],[91.1661,24.4841],[91.1927,24.4805],[91.196,24.477],[91.1848,24.4703],[91.1908,24.4641],[91.2006,24.4661],[91.2078,24.4798],[91.2205,24.4744],[91.2162,24.483],[91.2253,24.4837],[91.236,24.4661],[91.2433,24.4279],[91.2271,24.4346],[91.1966,24.4303],[91.1616,24.3956],[91.1511,24.3771],[91.1401,24.3867],[91.121,24.3827],[91.1203,24.3628],[91.115,24.3609],[91.0979,24.3625],[91.0906,24.3804],[91.0732,24.359],[91.0519,24.3799],[91.0423,24.3696],[91.0356,24.3756],[91.0379,24.3838],[91.0234,24.3834],[91.0325,24.4027],[91.0237,24.4075],[91.0272,24.4127],[91.0171,24.4143],[91.0131,24.4088],[91.0147,24.4171],[90.9986,24.4191],[91.0026,24.4265],[90.9962,24.4554],[91.0253,24.4712],[91.0316,24.4625],[91.029,24.4498],[91.0442,24.4641],[91.0563,24.4569],[91.0682,24.4727],[91.0544,24.4807],[91.0535,24.4898],[91.0904,24.4948],[91.1116,24.486]]]}},{"type":"Feature","properties":{"unit_id":"BD30480076","level":"upazila","name_en":"Nikli","name_bn":"Nikli","division":"Dhaka"},"geometry":{"type":"Polygon","coordinates":[[[91.0026,24.4265],[90.9986,24.4191],[91.0147,24.4171],[91.0131,24.4088],[91.0171,24.4143],[91.0272,24.4127],[91.0237,24.4075],[91.0325,24.4027],[91.0234,24.3834],[91.0379,24.3838],[91.036,24.3745],[91.0452,24.3731],[91.045,24.3689],[91.0401,24.3644],[91.0311,24.3632],[91.0288,24.3508],[91.002,24.3639],[90.99,24.3464],[90.9883,24.3404],[91.0042,24.3389],[91.0158,24.3211],[91.0066,24.3104],[91.0162,24.3054],[91.0148,24.2851],[90.9969,24.2775],[91.0069,24.2722],[91.0065,24.2662],[90.9639,24.2527],[90.9558,24.2595],[90.9251,24.259],[90.93,24.2675],[90.9267,24.2737],[90.8993,24.2518],[90.9043,24.259],[90.8928,24.2593],[90.8911,24.2732],[90.876,24.2775],[90.8802,24.2902],[90.8919,24.2859],[90.8892,24.3086],[90.8826,24.3102],[90.8988,24.3129],[90.9138,24.3276],[90.9146,24.3525],[90.9015,24.3697],[90.8935,24.3695],[90.8953,24.3818],[90.9362,24.4021],[90.9532,24.3914],[90.9561,24.4018],[90.9455,24.4048],[90.9677,24.412],[90.9655,24.4255],[90.9744,24.4219],[90.9729,24.4338],[90.9836,24.4344],[90.9807,24.4489],[90.9978,24.4438],[91.0026,24.4265]]]}},{"type":"Feature","properties":{"unit_id":"BD30480079","level":"upazila","name_en":"Pakundia","name_bn":"Pakundia","division":"Dhaka"},"geometry":{"type":"Polygon","coordinates":[[[90.7137,24.3871],[90.7151,24.3802],[90.734,24.3872],[90.7418,24.3796],[90.7416,24.3633],[90.7368,24.3632],[90.744,24.3513],[90.7645,24.347],[90.7611,24.2909],[90.7469,24.2803],[90.7386,24.2857],[90.7318,24.2735],[90.7231,24.2734],[90.7289,24.2532],[90.7208,24.2388],[90.7065,24.2363],[90.653,24.2562],[90.6418,24.3092],[90.6194,24.3389],[90.6336,24.3591],[90.642,24.3939],[90.6944,24.3939],[90.7137,24.3871]]]}},{"type":"Feature","properties":{"unit_id":"BD30480092","level":"upazila","name_en":"Tarail","name_bn":"Tarail","division":"Dhaka"},"geometry":{"type":"Polygon","coordinates":[[[90.9358,24.6031],[90.9459,24.6069],[90.9477,24.5925],[90.9411,24.5848],[90.9514,24.579],[90.9509,24.5629],[90.9696,24.5554],[90.9739,24.5424],[90.9804,24.5419],[90.9726,24.5332],[90.9622,24.5379],[90.9448,24.5239],[90.9533,24.5091],[90.9492,24.5],[90.929,24.4904],[90.9048,24.4901],[90.9064,24.5001],[90.8872,24.5],[90.8844,24.5209],[90.8706,24.5344],[90.8523,24.5299],[90.8413,24.5189],[90.8386,24.5281],[90.8324,24.5267],[90.836,24.5177],[90.829,24.5014],[90.8174,24.4998],[90.812,24.5188],[90.803,24.521],[90.8005,24.5285],[90.8034,24.5448],[90.8093,24.5406],[90.8146,24.5571],[90.81,24.5644],[90.8204,24.5735],[90.8212,24.587],[90.8418,24.581],[90.8527,24.5986],[90.8634,24.6013],[90.8658,24.5955],[90.8809,24.5938],[90.888,24.6016],[90.9093,24.596],[90.9169,24.5999],[90.9146,24.6145],[90.9294,24.6147],[90.9358,24.6031]]]}},{"type":"Feature","properties":{"unit_id":"BD30540018","level":"upazila","name_en":"Dasar","name_bn":"Dasar","division":"Dhaka"},"geometry":{"type":"Polygon","coordinates":[[[90.1793,23.1366],[90.189,23.1421],[90.1919,23.1282],[90.201,23.1291],[90.203,23.1209],[90.2171,23.1227],[90.216,23.1141],[90.2264,23.1074],[90.2124,23.0999],[90.2096,23.0907],[90.1986,23.0919],[90.2073,23.0707],[90.1995,23.0599],[90.1629,23.0707],[90.1541,23.0555],[90.1335,23.0498],[90.1266,23.0275],[90.1208,23.0271],[90.1147,23.0343],[90.1111,23.0669],[90.1246,23.0649],[90.1318,23.0711],[90.1088,23.0767],[90.1106,23.1035],[90.1198,23.1154],[90.1544,23.1191],[90.1498,23.1322],[90.1673,23.1432],[90.1793,23.1366]]]}},{"type":"Feature","properties":{"unit_id":"BD30540040","level":"upazila","name_en":"Kalkini","name_bn":"Kalkini","division":"Dhaka"},"geometry":{"type":"Polygon","coordinates":[[[90.3079,23.1488],[90.3086,23.1375],[90.3399,23.1367],[90.3419,23.1424],[90.354,23.1424],[90.3446,23.1203],[90.3516,23.1176],[90.352,23.0955],[90.3357,23.0709],[90.3495,23.0562],[90.3108,23.051],[90.3116,23.0346],[90.3285,23.0143],[90.3294,22.998],[90.3226,22.985],[90.2899,22.9742],[90.2738,22.9759],[90.257,22.9661],[90.2582,22.976],[90.2478,22.978],[90.2377,22.9627],[90.2288,22.9926],[90.2378,23.0459],[90.2144,23.0744],[90.2073,23.0707],[90.1976,23.0897],[90.2096,23.0907],[90.2124,23.0999],[90.2264,23.1074],[90.2207,23.1117],[90.2336,23.1248],[90.2502,23.1212],[90.2542,23.1281],[90.2458,23.1333],[90.2468,23.1452],[90.2565,23.1453],[90.2587,23.1524],[90.266,23.1459],[90.2697,23.1552],[90.2619,23.1587],[90.2769,23.1583],[90.2878,23.1706],[90.2929,23.149],[90.3079,23.1488]]]}},{"type":"Feature","properties":{"unit_id":"BD30540054","level":"upazila","name_en":"Madaripur Sadar","name_bn":"Madaripur Sadar","division":"Dhaka"},"geometry":{"type":"Polygon","coordinates":[[[90.1235,23.2757],[90.125,23.2673],[90.1397,23.2761],[90.1596,23.2589],[90.1685,23.2671],[90.1689,23.2567],[90.1778,23.2511],[90.1883,23.2698],[90.2069,23.2582],[90.2342,23.2707],[90.2417,23.2352],[90.2503,23.2385],[90.2475,23.2213],[90.2653,23.2124],[90.274,23.1992],[90.2838,23.2003],[90.29,23.1726],[90.2769,23.1583],[90.2619,23.1587],[90.2697,23.1552],[90.266,23.1459],[90.2587,23.1524],[90.2565,23.1453],[90.2468,23.1452],[90.2458,23.1333],[90.2542,23.1281],[90.2502,23.1212],[90.2336,23.1248],[90.2236,23.1122],[90.216,23.1141],[90.2163,23.1232],[90.203,23.1209],[90.201,23.1291],[90.1919,23.1282],[90.189,23.1421],[90.1793,23.1366],[90.1654,23.1447],[90.1609,23.1345],[90.1498,23.1322],[90.1544,23.1191],[90.1414,23.1205],[90.119,23.1114],[90.108,23.1176],[90.0796,23.1129],[90.0892,23.1533],[90.102,23.1551],[90.102,23.1682],[90.1079,23.1729],[90.0933,23.1813],[90.1011,23.1936],[90.0987,23.2135],[90.1242,23.2246],[90.1076,23.2344],[90.1107,23.2471],[90.0956,23.2491],[90.099,23.2556],[90.0889,23.2661],[90.0998,23.2679],[90.0981,23.2768],[90.1235,23.2757]]]}},{"type":"Feature","properties":{"unit_id":"BD30540080","level":"upazila","name_en":"Rajoir","name_bn":"Rajoir","division":"Dhaka"},"geometry":{"type":"Polygon","coordinates":[[[90.0679,23.3058],[90.0761,23.31],[90.0886,23.2936],[90.0876,23.2798],[90.1007,23.2704],[90.0889,23.2661],[90.099,23.2556],[90.0956,23.2491],[90.1107,23.2471],[90.1076,23.2344],[90.1242,23.2246],[90.0984,23.2126],[90.1011,23.1936],[90.0933,23.1813],[90.1079,23.1729],[90.102,23.1682],[90.1023,23.1555],[90.0892,23.1533],[90.0775,23.1208],[90.0628,23.1202],[90.0498,23.1057],[90.0412,23.1072],[90.0439,23.1215],[90.0137,23.1287],[90.0128,23.1386],[89.9924,23.1312],[89.9843,23.1101],[89.9354,23.1184],[89.9421,23.1564],[89.9484,23.1628],[89.9611,23.1604],[89.9702,23.1812],[89.9775,23.1804],[89.9848,23.217],[89.9973,23.216],[90.0093,23.2348],[90.0188,23.2302],[90.024,23.2388],[90.0225,23.2538],[90.0317,23.263],[90.0226,23.2742],[90.0227,23.2886],[90.0345,23.3212],[90.0329,23.3427],[90.0507,23.3305],[90.0679,23.3058]]]}},{"type":"Feature","properties":{"unit_id":"BD30540087","level":"upazila","name_en":"Shibchar","name_bn":"Shibchar","division":"Dhaka"},"geometry":{"type":"Polygon","coordinates":[[[90.2785,23.4246],[90.2542,23.4256],[90.247,23.4158],[90.2299,23.4099],[90.2356,23.3945],[90.2634,23.3878],[90.271,23.3796],[90.2526,23.3777],[90.2398,23.362],[90.2556,23.352],[90.2355,23.3361],[90.2504,23.3211],[90.2342,23.2707],[90.2069,23.2582],[90.1883,23.2698],[90.1768,23.2511],[90.1689,23.2567],[90.1685,23.2671],[90.1596,23.2589],[90.1397,23.2761],[90.125,23.2673],[90.1235,23.2757],[90.0876,23.2798],[90.0894,23.292],[90.0788,23.3031],[90.0935,23.3124],[90.0927,23.3284],[90.1034,23.3342],[90.0865,23.3551],[90.0927,23.3786],[90.1024,23.3855],[90.0973,23.3886],[90.098,23.4054],[90.1119,23.4169],[90.0928,23.4191],[90.1111,23.4378],[90.1064,23.4471],[90.1095,23.4597],[90.1357,23.4703],[90.1424,23.4803],[90.1576,23.4705],[90.1666,23.4947],[90.1809,23.4993],[90.2873,23.4417],[90.2785,23.4246]]]}},{"type":"Feature","properties":{"unit_id":"BD30560010","level":"upazila","name_en":"Daulatpur","name_bn":"Daulatpur","division":"Dhaka"},"geometry":{"type":"Polygon","coordinates":[[[89.7649,23.9771],[89.774,23.9735],[89.7864,23.988],[89.7936,23.9882],[89.7928,23.9805],[89.8036,23.9812],[89.806,23.9753],[89.826,23.9836],[89.8569,23.9659],[89.8707,23.9717],[89.867,23.9929],[89.8743,23.9959],[89.8838,23.972],[89.8952,23.9704],[89.8912,23.9797],[89.9064,23.988],[89.9089,23.9985],[89.9279,23.9773],[89.9502,23.9837],[89.9463,23.9537],[89.9406,23.9527],[89.9486,23.9431],[89.9475,23.9323],[89.919,23.9295],[89.8796,23.942],[89.8708,23.9421],[89.8679,23.9348],[89.8506,23.9374],[89.8374,23.9127],[89.8398,23.8985],[89.8303,23.895],[89.8153,23.9073],[89.7836,23.9007],[89.7886,23.908],[89.7834,23.9113],[89.7658,23.9002],[89.7133,23.907],[89.7003,23.9149],[89.6986,23.9256],[89.6885,23.927],[89.6871,23.94],[89.6974,23.9433],[89.7007,23.9921],[89.7379,24.0211],[89.7689,24.0248],[89.7865,24.0349],[89.7772,23.9888],[89.7649,23.9771]]]}},{"type":"Feature","properties":{"unit_id":"BD30560022","level":"upazila","name_en":"Ghior","name_bn":"Ghior","division":"Dhaka"},"geometry":{"type":"Polygon","coordinates":[[[89.8921,23.941],[89.8931,23.9348],[89.919,23.9295],[89.9302,23.9333],[89.9465,23.923],[89.9421,23.9108],[89.9543,23.8861],[89.9509,23.8697],[89.9608,23.8666],[89.9574,23.8437],[89.9752,23.8443],[89.9657,23.839],[89.9722,23.8318],[89.9651,23.8294],[89.9612,23.8143],[89.9845,23.8144],[89.9879,23.8057],[89.9812,23.7857],[89.9432,23.7898],[89.946,23.7989],[89.9244,23.8005],[89.9308,23.8064],[89.9217,23.8172],[89.9277,23.8268],[89.9191,23.8218],[89.9122,23.8303],[89.9162,23.8398],[89.896,23.8381],[89.8959,23.8481],[89.8859,23.8514],[89.8942,23.8637],[89.8893,23.8721],[89.879,23.8744],[89.8684,23.8618],[89.8511,23.8604],[89.8449,23.8499],[89.8202,23.8503],[89.8265,23.868],[89.815,23.8715],[89.8194,23.8939],[89.8398,23.8985],[89.8374,23.9127],[89.8506,23.9374],[89.8679,23.9348],[89.8722,23.942],[89.8921,23.941]]]}},{"type":"Feature","properties":{"unit_id":"BD30560028","level":"upazila","name_en":"Harirampur","name_bn":"Harirampur","division":"Dhaka"},"geometry":{"type":"Polygon","coordinates":[[[89.9368,23.8012],[89.9481,23.7975],[89.9432,23.7898],[89.9754,23.7874],[89.9984,23.7689],[90.0098,23.7754],[90.0154,23.772],[90.017,23.7607],[90.0105,23.7549],[90.0417,23.7315],[90.0429,23.7254],[90.028,23.7181],[90.0439,23.7064],[90.0369,23.6994],[90.043,23.6946],[90.0367,23.694],[90.0377,23.6822],[90.0186,23.6698],[90.02,23.6536],[90.006,23.6444],[90.0066,23.6266],[89.9923,23.6266],[89.9789,23.6357],[89.9647,23.6324],[89.9658,23.6364],[89.9368,23.6443],[89.9254,23.6423],[89.8974,23.6806],[89.8379,23.7269],[89.8682,23.7599],[89.8655,23.7663],[89.8536,23.7658],[89.8498,23.7819],[89.8837,23.8016],[89.8968,23.7946],[89.9368,23.8012]]]}},{"type":"Feature","properties":{"unit_id":"BD30560046","level":"upazila","name_en":"Manikganj Sadar","name_bn":"Manikganj Sadar","division":"Dhaka"},"geometry":{"type":"Polygon","coordinates":[[[90.0104,23.9065],[90.0531,23.8984],[90.0502,23.8869],[90.0747,23.8905],[90.0874,23.9119],[90.1088,23.8955],[90.1273,23.8686],[90.1181,23.8562],[90.1213,23.8478],[90.1151,23.8525],[90.1131,23.8451],[90.1093,23.8489],[90.0922,23.8345],[90.0694,23.8287],[90.0666,23.8223],[90.0729,23.8131],[90.0602,23.8034],[90.0612,23.7905],[90.0512,23.7831],[90.0511,23.7709],[90.0655,23.7742],[90.0754,23.7667],[90.0758,23.7594],[90.0707,23.7589],[90.0778,23.7481],[90.0733,23.7292],[90.0853,23.7281],[90.0808,23.7159],[90.0699,23.7246],[90.0556,23.7252],[90.05,23.7116],[90.0289,23.7165],[90.0305,23.7229],[90.0434,23.7276],[90.0252,23.748],[90.0106,23.7545],[90.017,23.7607],[90.0154,23.772],[90.0098,23.7754],[89.9984,23.7689],[89.9823,23.7797],[89.9845,23.8145],[89.9612,23.8141],[89.9651,23.8294],[89.9722,23.8318],[89.9657,23.839],[89.9752,23.8443],[89.9574,23.8437],[89.9608,23.8666],[89.9509,23.8697],[89.9543,23.8861],[89.9422,23.9113],[89.9612,23.9188],[89.9793,23.9178],[89.9813,23.9129],[89.9825,23.9243],[89.9981,23.9204],[90.0104,23.9065]]]}},{"type":"Feature","properties":{"unit_id":"BD30560070","level":"upazila","name_en":"Saturia","name_bn":"Saturia","division":"Dhaka"},"geometry":{"type":"Polygon","coordinates":[[[89.9859,24.0185],[89.9772,24.0164],[89.9779,24.011],[89.9887,24.0088],[89.9935,23.9996],[90.0101,24.0029],[90.0072,24.0102],[90.02,24.0105],[90.0211,24.0167],[90.0273,24.004],[90.042,24.0051],[90.0459,23.9969],[90.0572,24.0002],[90.038,23.983],[90.0431,23.9743],[90.0382,23.9713],[90.0503,23.959],[90.0745,23.9605],[90.0622,23.9508],[90.0675,23.9414],[90.0627,23.9305],[90.0757,23.9266],[90.0641,23.913],[90.0735,23.9055],[90.0838,23.9121],[90.0753,23.8908],[90.0502,23.8869],[90.0531,23.8984],[90.0104,23.9065],[89.9938,23.9246],[89.9885,23.92],[89.9822,23.9241],[89.9813,23.9129],[89.9769,23.9183],[89.9475,23.9162],[89.9416,23.9298],[89.9475,23.9323],[89.9486,23.9431],[89.9406,23.9527],[89.9463,23.9537],[89.9502,23.9837],[89.9279,23.9773],[89.9281,23.9824],[89.9183,23.9825],[89.9147,23.994],[89.9318,24.0052],[89.9386,24.0057],[89.9319,23.9955],[89.9411,24.0045],[89.9485,24.0033],[89.9396,24.0115],[89.9483,24.0165],[89.9486,24.0289],[89.9594,24.0144],[89.9674,24.0134],[89.9728,24.0355],[89.9859,24.0185]]]}},{"type":"Feature","properties":{"unit_id":"BD30560078","level":"upazila","name_en":"Shibalay","name_bn":"Shibalay","division":"Dhaka"},"geometry":{"type":"Polygon","coordinates":[[[89.7133,23.907],[89.7658,23.9002],[89.7834,23.9113],[89.7886,23.908],[89.7836,23.9007],[89.8163,23.9071],[89.822,23.898],[89.815,23.8715],[89.8265,23.868],[89.8202,23.8503],[89.8449,23.8499],[89.8511,23.8604],[89.8684,23.8618],[89.879,23.8744],[89.8893,23.8721],[89.8942,23.8637],[89.886,23.8512],[89.8959,23.8481],[89.8964,23.8376],[89.9165,23.8395],[89.9124,23.8297],[89.9202,23.8213],[89.9277,23.8268],[89.9217,23.8172],[89.9307,23.806],[89.8968,23.7946],[89.8837,23.8016],[89.8572,23.7886],[89.8494,23.775],[89.8539,23.7655],[89.8655,23.7663],[89.8682,23.7599],[89.8386,23.732],[89.8342,23.7519],[89.7809,23.7993],[89.771,23.833],[89.7356,23.8353],[89.7145,23.858],[89.7065,23.8768],[89.6989,23.8667],[89.7062,23.8925],[89.7003,23.9149],[89.7133,23.907]]]}},{"type":"Feature","properties":{"unit_id":"BD30560082","level":"upazila","name_en":"Singair","name_bn":"Singair","division":"Dhaka"},"geometry":{"type":"Polygon","coordinates":[[[90.151,23.8407],[90.1516,23.8275],[90.1723,23.8268],[90.2169,23.8386],[90.2387,23.8306],[90.2451,23.8368],[90.2458,23.8025],[90.218,23.7459],[90.257,23.7139],[90.2262,23.7073],[90.2066,23.7236],[90.1905,23.7203],[90.1886,23.7144],[90.1778,23.724],[90.1584,23.725],[90.157,23.7437],[90.1466,23.7469],[90.1241,23.7329],[90.1155,23.7146],[90.1059,23.7166],[90.1036,23.7276],[90.0735,23.7288],[90.0778,23.7481],[90.0707,23.7589],[90.0758,23.7594],[90.0754,23.7667],[90.0655,23.7742],[90.0509,23.7712],[90.0512,23.7831],[90.0612,23.7905],[90.0602,23.8034],[90.0729,23.8131],[90.0662,23.8244],[90.0922,23.8345],[90.1093,23.8489],[90.1131,23.8451],[90.1151,23.8525],[90.1213,23.8478],[90.1181,23.8562],[90.1273,23.8677],[90.151,23.8407]]]}},{"type":"Feature","properties":{"unit_id":"BD30590024","level":"upazila","name_en":"Gazaria","name_bn":"Gazaria","division":"Dhaka"},"geometry":{"type":"Polygon","coordinates":[[[90.651,23.6183],[90.6637,23.5937],[90.6625,23.5889],[90.6469,23.5884],[90.6455,23.5755],[90.6678,23.5712],[90.6842,23.559],[90.6974,23.528],[90.7072,23.5194],[90.7065,23.5099],[90.6795,23.4934],[90.6425,23.5044],[90.62,23.4903],[90.6058,23.4955],[90.5816,23.4929],[90.5648,23.5361],[90.578,23.5413],[90.5757,23.5503],[90.5816,23.557],[90.5641,23.5825],[90.5645,23.5931],[90.6095,23.6069],[90.6252,23.6192],[90.6385,23.6146],[90.651,23.6183]]]}},{"type":"Feature","properties":{"unit_id":"BD30590044","level":"upazila","name_en":"Louhajang","name_bn":"Louhajang","division":"Dhaka"},"geometry":{"type":"Polygon","coordinates":[[[90.4127,23.5118],[90.4132,23.4986],[90.3919,23.4671],[90.4026,23.4736],[90.4315,23.4649],[90.4245,23.4519],[90.4299,23.4436],[90.4169,23.4445],[90.4116,23.4356],[90.423,23.4163],[90.4174,23.409],[90.3882,23.4101],[90.3559,23.4333],[90.3368,23.4318],[90.3297,23.4376],[90.3242,23.4332],[90.3074,23.4461],[90.2908,23.4387],[90.2213,23.4795],[90.2415,23.4999],[90.2764,23.4981],[90.2834,23.4923],[90.293,23.4994],[90.3105,23.4989],[90.3148,23.4933],[90.3284,23.5019],[90.3345,23.494],[90.3456,23.4942],[90.3424,23.503],[90.3552,23.5269],[90.3723,23.5204],[90.3707,23.5145],[90.3656,23.5179],[90.3607,23.5026],[90.385,23.4996],[90.3907,23.5017],[90.3928,23.5278],[90.4063,23.5303],[90.4075,23.5196],[90.4101,23.53],[90.423,23.5299],[90.4127,23.5118]]]}},{"type":"Feature","properties":{"unit_id":"BD30590056","level":"upazila","name_en":"Munshiganj Sadar","name_bn":"Munshiganj Sadar","division":"Dhaka"},"geometry":{"type":"Polygon","coordinates":[[[90.5467,23.5598],[90.5672,23.5337],[90.5774,23.509],[90.5776,23.4858],[90.5842,23.4837],[90.5744,23.4432],[90.5429,23.4013],[90.5388,23.3797],[90.4862,23.4099],[90.4853,23.4264],[90.4881,23.4321],[90.491,23.4281],[90.4989,23.4688],[90.5082,23.4718],[90.4966,23.4785],[90.5014,23.4947],[90.4928,23.4913],[90.488,23.4959],[90.4924,23.5017],[90.4776,23.5007],[90.4804,23.5188],[90.4678,23.5202],[90.4775,23.5693],[90.5161,23.5799],[90.5467,23.5598]]]}},{"type":"Feature","properties":{"unit_id":"BD30590074","level":"upazila","name_en":"Sirajdikhan","name_bn":"Sirajdikhan","division":"Dhaka"},"geometry":{"type":"Polygon","coordinates":[[[90.3691,23.6543],[90.3919,23.6519],[90.4424,23.5954],[90.431,23.5701],[90.4381,23.5462],[90.423,23.5299],[90.4101,23.53],[90.4079,23.5197],[90.4063,23.5303],[90.3928,23.5278],[90.3907,23.5017],[90.3607,23.5026],[90.3656,23.5179],[90.3723,23.5181],[90.3587,23.5295],[90.3672,23.5448],[90.3246,23.5611],[90.3352,23.5801],[90.3469,23.5811],[90.3378,23.5986],[90.3228,23.5853],[90.3191,23.5966],[90.3018,23.6125],[90.2798,23.6022],[90.2701,23.6043],[90.2689,23.6161],[90.2499,23.6121],[90.2493,23.6551],[90.27,23.6535],[90.2865,23.6736],[90.3481,23.6395],[90.3691,23.6543]]]}},{"type":"Feature","properties":{"unit_id":"BD30590084","level":"upazila","name_en":"Sreenagar","name_bn":"Sreenagar","division":"Dhaka"},"geometry":{"type":"Polygon","coordinates":[[[90.2689,23.6161],[90.2702,23.6043],[90.2901,23.6085],[90.2929,23.6041],[90.3015,23.6126],[90.3088,23.6088],[90.3228,23.5853],[90.3368,23.5987],[90.3409,23.5954],[90.3469,23.5811],[90.3352,23.5801],[90.3246,23.5611],[90.3441,23.5494],[90.3618,23.5501],[90.3675,23.5425],[90.3587,23.5298],[90.364,23.5249],[90.3552,23.5269],[90.3491,23.5198],[90.3498,23.5085],[90.3421,23.5016],[90.3456,23.4942],[90.3345,23.494],[90.3284,23.5019],[90.3148,23.4933],[90.3105,23.4989],[90.293,23.4994],[90.2834,23.4923],[90.2764,23.4981],[90.2415,23.4999],[90.2196,23.4755],[90.1625,23.5169],[90.1596,23.5247],[90.1714,23.5304],[90.177,23.527],[90.1811,23.5344],[90.1774,23.5563],[90.2068,23.5667],[90.2083,23.5895],[90.2264,23.5998],[90.2258,23.6127],[90.2405,23.6327],[90.2503,23.6118],[90.2689,23.6161]]]}},{"type":"Feature","properties":{"unit_id":"BD30590094","level":"upazila","name_en":"Tongibari","name_bn":"Tongibari","division":"Dhaka"},"geometry":{"type":"Polygon","coordinates":[[[90.4767,23.5526],[90.4677,23.5315],[90.4681,23.5189],[90.4804,23.5188],[90.4753,23.5029],[90.4924,23.5017],[90.488,23.4959],[90.4928,23.4913],[90.5014,23.4947],[90.4966,23.4785],[90.5082,23.4718],[90.4989,23.4688],[90.491,23.428],[90.4865,23.4311],[90.4862,23.4099],[90.4978,23.4032],[90.4894,23.3982],[90.4767,23.4066],[90.444,23.4093],[90.4387,23.4148],[90.4273,23.4065],[90.4174,23.409],[90.423,23.4163],[90.4116,23.4356],[90.4169,23.4445],[90.4299,23.4436],[90.4245,23.4519],[90.4315,23.4649],[90.4026,23.4736],[90.3919,23.4671],[90.4132,23.4986],[90.4163,23.5225],[90.4381,23.5462],[90.4394,23.5553],[90.454,23.5504],[90.4665,23.5592],[90.4767,23.5526]]]}},{"type":"Feature","properties":{"unit_id":"BD30670002","level":"upazila","name_en":"Araihazar","name_bn":"Araihazar","division":"Dhaka"},"geometry":{"type":"Polygon","coordinates":[[[90.6567,23.8603],[90.6475,23.8528],[90.6643,23.8465],[90.6608,23.8391],[90.6462,23.8397],[90.6365,23.8253],[90.648,23.8018],[90.6547,23.7983],[90.6635,23.8041],[90.6693,23.7954],[90.6901,23.7999],[90.6804,23.831],[90.7164,23.8091],[90.7151,23.8021],[90.7414,23.7892],[90.7215,23.7406],[90.7235,23.725],[90.7416,23.6922],[90.7266,23.6659],[90.704,23.6674],[90.6797,23.6829],[90.6684,23.6799],[90.677,23.7011],[90.6647,23.7093],[90.6668,23.7173],[90.6588,23.7202],[90.6598,23.7266],[90.6445,23.7292],[90.6429,23.7398],[90.6286,23.7424],[90.6007,23.764],[90.5824,23.7607],[90.5969,23.7811],[90.5895,23.7857],[90.5934,23.7989],[90.5888,23.8064],[90.5968,23.813],[90.5909,23.8249],[90.6198,23.8391],[90.6192,23.8539],[90.6347,23.8735],[90.6479,23.8728],[90.6567,23.8603]]]}},{"type":"Feature","properties":{"unit_id":"BD30670006","level":"upazila","name_en":"Bandar","name_bn":"Bandar","division":"Dhaka"},"geometry":{"type":"Polygon","coordinates":[[[90.5619,23.7057],[90.5553,23.6975],[90.5599,23.6926],[90.5791,23.6854],[90.5462,23.6071],[90.5491,23.5788],[90.5568,23.5767],[90.5348,23.5727],[90.5165,23.5968],[90.533,23.6655],[90.5466,23.6904],[90.5384,23.6937],[90.5403,23.7001],[90.5551,23.7084],[90.5619,23.7057]]]}},{"type":"Feature","properties":{"unit_id":"BD30670058","level":"upazila","name_en":"Narayanganj Sadar","name_bn":"Narayanganj Sadar","division":"Dhaka"},"geometry":{"type":"Polygon","coordinates":[[[90.4804,23.5718],[90.4722,23.5544],[90.4658,23.5597],[90.454,23.5504],[90.4398,23.5549],[90.4314,23.5686],[90.4424,23.5954],[90.4305,23.6138],[90.4459,23.6283],[90.4726,23.6373],[90.4491,23.6692],[90.4669,23.6907],[90.4724,23.6871],[90.4807,23.6938],[90.4912,23.6875],[90.4907,23.6767],[90.477,23.6614],[90.5109,23.6392],[90.4972,23.627],[90.4926,23.6301],[90.4902,23.618],[90.495,23.5958],[90.5085,23.5918],[90.515,23.5811],[90.4804,23.5718]]]}},{"type":"Feature","properties":{"unit_id":"BD30670068","level":"upazila","name_en":"Rupganj","name_bn":"Rupganj","division":"Dhaka"},"geometry":{"type":"Polygon","coordinates":[[[90.5981,23.8847],[90.6054,23.8929],[90.6133,23.884],[90.6075,23.8589],[90.5955,23.8552],[90.6093,23.8332],[90.5909,23.8249],[90.5968,23.813],[90.5888,23.8064],[90.5934,23.7989],[90.5895,23.7857],[90.5969,23.7808],[90.5824,23.7637],[90.5688,23.7595],[90.5625,23.7472],[90.5674,23.7447],[90.5362,23.7368],[90.526,23.7168],[90.5114,23.7116],[90.5008,23.7185],[90.5007,23.7286],[90.4922,23.7348],[90.4948,23.7434],[90.4859,23.7493],[90.4832,23.7715],[90.4709,23.7827],[90.4809,23.7918],[90.4851,23.814],[90.4904,23.8165],[90.4733,23.8485],[90.486,23.8477],[90.5031,23.8576],[90.5064,23.8748],[90.5225,23.8755],[90.5181,23.8881],[90.5274,23.8947],[90.533,23.8875],[90.551,23.8851],[90.5709,23.8955],[90.5981,23.8847]]]}},{"type":"Feature","properties":{"unit_id":"BD30670004","level":"upazila","name_en":"Sonargaon","name_bn":"Sonargaon","division":"Dhaka"},"geometry":{"type":"Polygon","coordinates":[[[90.6286,23.7424],[90.6429,23.7398],[90.6445,23.7292],[90.6598,23.7266],[90.6588,23.7202],[90.6668,23.7173],[90.6647,23.7093],[90.677,23.699],[90.6652,23.6752],[90.645,23.6763],[90.6345,23.6343],[90.6201,23.6126],[90.5645,23.5931],[90.5641,23.5825],[90.5816,23.557],[90.5757,23.5503],[90.578,23.5413],[90.5648,23.5361],[90.5467,23.5598],[90.5285,23.569],[90.5299,23.5739],[90.5568,23.5767],[90.5491,23.5788],[90.5462,23.6071],[90.5791,23.6854],[90.5554,23.697],[90.5619,23.7057],[90.5551,23.71],[90.5258,23.6873],[90.5114,23.7116],[90.526,23.7168],[90.5362,23.7368],[90.5674,23.7447],[90.5626,23.7476],[90.572,23.7619],[90.6048,23.7607],[90.6286,23.7424]]]}},{"type":"Feature","properties":{"unit_id":"BD30680007","level":"upazila","name_en":"Belabo","name_bn":"Belabo","division":"Dhaka"},"geometry":{"type":"Polygon","coordinates":[[[90.8198,24.1757],[90.8255,24.1544],[90.8465,24.1438],[90.8652,24.1455],[90.8723,24.1405],[90.8671,24.1258],[90.8455,24.1118],[90.8567,24.1034],[90.8912,24.0955],[90.9148,24.0776],[90.9437,24.0868],[90.9534,24.0707],[90.9645,24.0652],[90.9635,24.0572],[90.9554,24.0629],[90.9423,24.0577],[90.9294,24.0639],[90.9173,24.0458],[90.906,24.057],[90.8714,24.0326],[90.87,24.0437],[90.8624,24.0492],[90.8616,24.0423],[90.8296,24.0579],[90.8193,24.0708],[90.8188,24.0965],[90.7934,24.0978],[90.7953,24.1103],[90.7801,24.1174],[90.7772,24.1458],[90.7669,24.1513],[90.772,24.1734],[90.7817,24.1596],[90.7857,24.1661],[90.8033,24.1689],[90.7986,24.1717],[90.8065,24.1918],[90.8198,24.1757]]]}},{"type":"Feature","properties":{"unit_id":"BD30680052","level":"upazila","name_en":"Manohardi","name_bn":"Manohardi","division":"Dhaka"},"geometry":{"type":"Polygon","coordinates":[[[90.8047,24.1763],[90.7986,24.1717],[90.8033,24.1689],[90.7857,24.1661],[90.7817,24.1596],[90.7731,24.1734],[90.7689,24.1662],[90.7669,24.1513],[90.7772,24.1458],[90.7801,24.1174],[90.7953,24.1103],[90.793,24.1017],[90.7805,24.1004],[90.7829,24.0961],[90.7702,24.0836],[90.7632,24.0822],[90.7594,24.0923],[90.7449,24.0954],[90.7414,24.1076],[90.7336,24.1086],[90.7406,24.1007],[90.7408,24.0866],[90.7483,24.0852],[90.7453,24.0818],[90.7279,24.0872],[90.728,24.0651],[90.6899,24.0789],[90.6716,24.0719],[90.6374,24.0727],[90.6433,24.1067],[90.6566,24.0924],[90.7049,24.104],[90.6976,24.1145],[90.6775,24.1139],[90.6967,24.1386],[90.6864,24.1498],[90.6872,24.1902],[90.6727,24.2065],[90.6737,24.2251],[90.6856,24.2356],[90.6825,24.244],[90.7099,24.2359],[90.7692,24.2525],[90.7923,24.2223],[90.7865,24.1961],[90.8047,24.1884],[90.8047,24.1763]]]}},{"type":"Feature","properties":{"unit_id":"BD30680060","level":"upazila","name_en":"Narsingdi Sadar","name_bn":"Narsingdi Sadar","division":"Dhaka"},"geometry":{"type":"Polygon","coordinates":[[[90.7667,23.9457],[90.7655,23.9398],[90.7538,23.9361],[90.7522,23.9243],[90.7414,23.9139],[90.7504,23.888],[90.7737,23.885],[90.7933,23.9118],[90.8078,23.9137],[90.8157,23.9109],[90.8135,23.9014],[90.8221,23.8839],[90.8337,23.874],[90.8398,23.8768],[90.8427,23.8692],[90.7638,23.8618],[90.7593,23.8473],[90.7667,23.8062],[90.7337,23.7618],[90.7305,23.7717],[90.7414,23.7892],[90.7151,23.8021],[90.7164,23.8091],[90.6842,23.8295],[90.6791,23.8308],[90.6794,23.8232],[90.6901,23.7999],[90.6693,23.7954],[90.6635,23.8041],[90.6547,23.7983],[90.648,23.8018],[90.6365,23.8253],[90.6462,23.8397],[90.6608,23.8391],[90.6643,23.8465],[90.6475,23.8528],[90.6567,23.8603],[90.6474,23.8763],[90.6249,23.8652],[90.6192,23.8539],[90.6226,23.843],[90.6098,23.8332],[90.5955,23.8552],[90.6079,23.8594],[90.6135,23.8751],[90.6089,23.8994],[90.6157,23.9021],[90.6148,23.9085],[90.6256,23.9113],[90.6261,23.9189],[90.6466,23.9204],[90.6481,23.9251],[90.6604,23.9203],[90.6664,23.9283],[90.6842,23.93],[90.6907,23.9395],[90.7276,23.9418],[90.7386,23.9607],[90.7406,23.942],[90.7667,23.9457]]]}},{"type":"Feature","properties":{"unit_id":"BD30680063","level":"upazila","name_en":"Palash","name_bn":"Palash","division":"Dhaka"},"geometry":{"type":"Polygon","coordinates":[[[90.6869,24.0178],[90.6969,24.0139],[90.6964,24.0059],[90.6769,23.9899],[90.6831,23.9796],[90.6997,23.9785],[90.7052,23.999],[90.7211,23.9996],[90.7126,23.9933],[90.7073,23.9487],[90.676,23.9255],[90.6729,23.9304],[90.6604,23.9203],[90.6481,23.9251],[90.6466,23.9204],[90.6261,23.9189],[90.6256,23.9113],[90.6148,23.9085],[90.6157,23.9021],[90.6089,23.8994],[90.6134,23.8915],[90.6092,23.8866],[90.6054,23.8929],[90.5981,23.8847],[90.5707,23.8956],[90.5618,23.9133],[90.6138,23.9296],[90.6187,23.9688],[90.6316,23.9791],[90.6402,24.0047],[90.6588,24.0136],[90.6446,24.0523],[90.6746,24.0089],[90.6869,24.0178]]]}},{"type":"Feature","properties":{"unit_id":"BD30680064","level":"upazila","name_en":"Raipura","name_bn":"Raipura","division":"Dhaka"},"geometry":{"type":"Polygon","coordinates":[[[90.9575,24.0623],[90.9635,24.0572],[90.962,24.0388],[90.9867,24.0353],[90.9693,24.0076],[90.973,23.973],[90.9543,23.9591],[90.9512,23.9302],[90.9312,23.9134],[90.9185,23.8814],[90.9069,23.8686],[90.8943,23.8646],[90.8591,23.8787],[90.8427,23.8692],[90.8398,23.8768],[90.8337,23.874],[90.8221,23.8839],[90.8135,23.9014],[90.8153,23.9113],[90.7996,23.915],[90.7737,23.885],[90.7571,23.8846],[90.7457,23.8922],[90.7414,23.9139],[90.7522,23.9243],[90.7556,23.9382],[90.7657,23.9399],[90.7633,23.9591],[90.7776,23.9819],[90.8137,23.9781],[90.8228,23.9834],[90.8282,24.0317],[90.8217,24.0396],[90.832,24.054],[90.8641,24.0427],[90.8616,24.0497],[90.87,24.0437],[90.8714,24.0326],[90.906,24.057],[90.9173,24.0458],[90.9294,24.0639],[90.942,24.0577],[90.9575,24.0623]]]}},{"type":"Feature","properties":{"unit_id":"BD30680076","level":"upazila","name_en":"Shibpur","name_bn":"Shibpur","division":"Dhaka"},"geometry":{"type":"Polygon","coordinates":[[[90.7414,24.1076],[90.7449,24.0954],[90.7594,24.0923],[90.7647,24.0818],[90.7829,24.0961],[90.7816,24.1009],[90.8188,24.0965],[90.8194,24.0706],[90.835,24.0558],[90.8217,24.0396],[90.8282,24.0317],[90.8235,23.9848],[90.8137,23.9781],[90.7778,23.9821],[90.7633,23.9591],[90.763,23.9478],[90.7413,23.9401],[90.7386,23.9607],[90.7284,23.9422],[90.6947,23.9383],[90.7076,23.9494],[90.7126,23.9933],[90.7215,23.9989],[90.7135,24.0032],[90.7053,23.9991],[90.6997,23.9785],[90.6822,23.9802],[90.6769,23.9899],[90.6964,24.0059],[90.6965,24.0148],[90.6869,24.0178],[90.6732,24.0099],[90.6369,24.0716],[90.6716,24.0719],[90.6899,24.0789],[90.728,24.0651],[90.7279,24.0872],[90.7483,24.0852],[90.7387,24.09],[90.7406,24.1007],[90.7349,24.1084],[90.7414,24.1076]]]}},{"type":"Feature","properties":{"unit_id":"BD30820007","level":"upazila","name_en":"Baliakandi","name_bn":"Baliakandi","division":"Dhaka"},"geometry":{"type":"Polygon","coordinates":[[[89.5786,23.7269],[89.5915,23.7354],[89.594,23.7118],[89.6014,23.7005],[89.5976,23.6946],[89.6061,23.6792],[89.615,23.6794],[89.6103,23.6599],[89.6346,23.6531],[89.6407,23.6447],[89.6517,23.6478],[89.6587,23.6279],[89.668,23.623],[89.6668,23.6103],[89.6539,23.6108],[89.6461,23.5926],[89.6287,23.5895],[89.6109,23.5939],[89.599,23.6101],[89.5934,23.6069],[89.5994,23.6001],[89.5886,23.5955],[89.5621,23.6057],[89.5603,23.5931],[89.5477,23.5932],[89.5408,23.5797],[89.542,23.573],[89.5524,23.5726],[89.5447,23.5617],[89.5401,23.5709],[89.5286,23.5717],[89.5192,23.5888],[89.5063,23.5917],[89.4977,23.5808],[89.4856,23.5936],[89.474,23.5956],[89.4863,23.6249],[89.473,23.6349],[89.4421,23.6396],[89.4378,23.6485],[89.4594,23.6748],[89.477,23.6762],[89.4821,23.6833],[89.4917,23.6801],[89.4875,23.6876],[89.5049,23.697],[89.5029,23.7123],[89.5206,23.7185],[89.5151,23.7348],[89.533,23.7343],[89.5382,23.7408],[89.541,23.7355],[89.5786,23.7269]]]}},{"type":"Feature","properties":{"unit_id":"BD30820029","level":"upazila","name_en":"Goalanda","name_bn":"Goalanda","division":"Dhaka"},"geometry":{"type":"Polygon","coordinates":[[[89.7809,23.7993],[89.8342,23.7519],[89.8361,23.7297],[89.8497,23.7134],[89.8446,23.712],[89.8484,23.7005],[89.8423,23.7092],[89.8141,23.721],[89.7931,23.7126],[89.7914,23.6833],[89.7569,23.6779],[89.7448,23.6957],[89.7194,23.7068],[89.7188,23.7163],[89.7281,23.7147],[89.7177,23.7251],[89.7163,23.7406],[89.7277,23.7745],[89.7101,23.7814],[89.7163,23.7908],[89.7027,23.8029],[89.6807,23.8115],[89.7074,23.815],[89.7358,23.8313],[89.7343,23.8359],[89.771,23.833],[89.7809,23.7993]]]}},{"type":"Feature","properties":{"unit_id":"BD30820047","level":"upazila","name_en":"Kalukhali","name_bn":"Kalukhali","division":"Dhaka"},"geometry":{"type":"Polygon","coordinates":[[[89.5278,23.8112],[89.5373,23.8073],[89.5331,23.7933],[89.5264,23.7941],[89.5328,23.79],[89.5217,23.7861],[89.526,23.772],[89.5411,23.7684],[89.5532,23.7525],[89.5669,23.7467],[89.5787,23.7518],[89.5761,23.742],[89.5898,23.7386],[89.5853,23.7311],[89.5786,23.7269],[89.5705,23.7319],[89.5671,23.7277],[89.5458,23.7309],[89.5382,23.7408],[89.533,23.7343],[89.5151,23.7348],[89.5206,23.7185],[89.5029,23.7123],[89.5049,23.697],[89.4875,23.6876],[89.4917,23.6801],[89.4899,23.6796],[89.4821,23.6833],[89.477,23.6762],[89.4594,23.6748],[89.4428,23.656],[89.4092,23.684],[89.3782,23.6739],[89.3655,23.677],[89.3665,23.7002],[89.3766,23.7014],[89.3785,23.7075],[89.3987,23.7033],[89.407,23.7111],[89.4095,23.6988],[89.4262,23.7044],[89.4293,23.7002],[89.4252,23.7131],[89.4485,23.7229],[89.4469,23.7501],[89.4215,23.7565],[89.4402,23.7849],[89.425,23.8057],[89.4582,23.8115],[89.481,23.8005],[89.4845,23.8093],[89.4773,23.811],[89.4996,23.8268],[89.5311,23.8154],[89.5278,23.8112]]]}},{"type":"Feature","properties":{"unit_id":"BD30820073","level":"upazila","name_en":"Pangsha","name_bn":"Pangsha","division":"Dhaka"},"geometry":{"type":"Polygon","coordinates":[[[89.4092,23.8835],[89.4996,23.8268],[89.4773,23.811],[89.4845,23.8093],[89.481,23.8005],[89.4582,23.8115],[89.425,23.8057],[89.4402,23.7849],[89.4215,23.7565],[89.4469,23.7501],[89.4485,23.7229],[89.4252,23.7131],[89.4293,23.7002],[89.4262,23.7044],[89.4095,23.6988],[89.407,23.7111],[89.3987,23.7033],[89.3884,23.7094],[89.3665,23.7002],[89.3655,23.677],[89.3839,23.6734],[89.3716,23.6668],[89.3488,23.6721],[89.3483,23.684],[89.3221,23.7038],[89.309,23.7333],[89.2965,23.7379],[89.3186,23.7578],[89.3218,23.7679],[89.3101,23.7686],[89.311,23.7758],[89.3298,23.7785],[89.3267,23.7935],[89.3355,23.8306],[89.3508,23.8424],[89.3511,23.8626],[89.3638,23.8714],[89.3577,23.8765],[89.3586,23.8884],[89.3686,23.8931],[89.3674,23.9089],[89.3915,23.9046],[89.4092,23.8835]]]}},{"type":"Feature","properties":{"unit_id":"BD30820076","level":"upazila","name_en":"Rajbari Sadar","name_bn":"Rajbari Sadar","division":"Dhaka"},"geometry":{"type":"Polygon","coordinates":[[[89.6807,23.8115],[89.7027,23.8029],[89.7163,23.7908],[89.7101,23.7814],[89.7277,23.7745],[89.7163,23.7406],[89.7177,23.7251],[89.7281,23.7147],[89.7188,23.7163],[89.7194,23.7068],[89.7475,23.6936],[89.7574,23.6749],[89.7563,23.6672],[89.7399,23.6678],[89.7339,23.679],[89.7215,23.6745],[89.7297,23.668],[89.7344,23.6443],[89.7279,23.6313],[89.7305,23.6192],[89.7567,23.595],[89.7422,23.5894],[89.7432,23.5824],[89.7289,23.5823],[89.7152,23.5972],[89.713,23.5893],[89.6704,23.5875],[89.668,23.623],[89.6587,23.6279],[89.6517,23.6478],[89.6407,23.6447],[89.6346,23.6531],[89.6103,23.6599],[89.615,23.6794],[89.6061,23.6792],[89.5976,23.6946],[89.6014,23.7005],[89.5898,23.7386],[89.5761,23.742],[89.5787,23.7518],[89.5669,23.7467],[89.5532,23.7525],[89.5206,23.7815],[89.5247,23.7904],[89.5328,23.79],[89.5331,23.791],[89.5264,23.7941],[89.5331,23.7933],[89.5373,23.8073],[89.5278,23.8112],[89.5311,23.8154],[89.5511,23.816],[89.5772,23.8063],[89.5868,23.8137],[89.6376,23.8094],[89.6492,23.8169],[89.6629,23.8099],[89.6807,23.8115]]]}},{"type":"Feature","properties":{"unit_id":"BD30860014","level":"upazila","name_en":"Bhedarganj","name_bn":"Bhedarganj","division":"Dhaka"},"geometry":{"type":"Polygon","coordinates":[[[90.5417,23.3783],[90.5712,23.3512],[90.5748,23.3376],[90.5816,23.3364],[90.5546,23.2979],[90.5818,23.2526],[90.5956,23.2474],[90.5948,23.2072],[90.5885,23.1889],[90.5645,23.1607],[90.5546,23.1724],[90.5537,23.152],[90.5357,23.1472],[90.5068,23.1563],[90.5032,23.1602],[90.5086,23.1646],[90.4882,23.1615],[90.4568,23.1725],[90.4549,23.1821],[90.4428,23.1874],[90.4347,23.1687],[90.4122,23.1657],[90.4012,23.1806],[90.3826,23.1896],[90.3807,23.2045],[90.4047,23.2233],[90.4243,23.2151],[90.4344,23.2218],[90.4493,23.2211],[90.4498,23.2311],[90.4616,23.2407],[90.4784,23.2513],[90.4891,23.2494],[90.4842,23.2513],[90.4827,23.285],[90.4907,23.289],[90.5008,23.2844],[90.5002,23.3204],[90.5107,23.3415],[90.4896,23.3388],[90.487,23.3667],[90.4975,23.3861],[90.5114,23.3957],[90.5417,23.3783]]]}},{"type":"Feature","properties":{"unit_id":"BD30860025","level":"upazila","name_en":"Damudya","name_bn":"Damudya","division":"Dhaka"},"geometry":{"type":"Polygon","coordinates":[[[90.4568,23.1725],[90.489,23.1617],[90.5038,23.1396],[90.4551,23.1004],[90.4461,23.0997],[90.4447,23.1074],[90.4336,23.11],[90.4123,23.1032],[90.3971,23.1085],[90.3728,23.103],[90.3708,23.1102],[90.3489,23.105],[90.3469,23.131],[90.3607,23.1375],[90.3609,23.1459],[90.3726,23.1554],[90.3748,23.1621],[90.3673,23.1631],[90.3764,23.167],[90.3783,23.1792],[90.4012,23.1806],[90.4122,23.1657],[90.4191,23.1656],[90.4347,23.1687],[90.4391,23.1863],[90.4549,23.1821],[90.4568,23.1725]]]}},{"type":"Feature","properties":{"unit_id":"BD30860036","level":"upazila","name_en":"Gosairhat","name_bn":"Gosairhat","division":"Dhaka"},"geometry":{"type":"Polygon","coordinates":[[[90.5662,23.1587],[90.5671,23.1406],[90.5556,23.1245],[90.5272,23.1167],[90.5329,23.0935],[90.5448,23.0801],[90.5161,23.0808],[90.5155,23.0562],[90.5017,23.0583],[90.5111,23.0423],[90.5008,23.0399],[90.4934,23.021],[90.4782,23.0141],[90.4569,23.013],[90.4535,23.0183],[90.4164,23.0069],[90.4116,23.0214],[90.4258,23.0413],[90.3712,23.0588],[90.3523,23.0551],[90.3357,23.0708],[90.3423,23.0743],[90.3545,23.1088],[90.3729,23.1099],[90.3733,23.103],[90.4112,23.1076],[90.4123,23.1032],[90.4336,23.11],[90.4447,23.1074],[90.4461,23.0997],[90.4551,23.1004],[90.5038,23.1396],[90.4892,23.1582],[90.4927,23.165],[90.5086,23.1646],[90.5032,23.1602],[90.5068,23.1563],[90.5357,23.1472],[90.5537,23.152],[90.5559,23.1708],[90.5662,23.1587]]]}},{"type":"Feature","properties":{"unit_id":"BD30860065","level":"upazila","name_en":"Naria","name_bn":"Naria","division":"Dhaka"},"geometry":{"type":"Polygon","coordinates":[[[90.4767,23.4066],[90.489,23.3982],[90.4998,23.4032],[90.5112,23.3959],[90.4975,23.3861],[90.487,23.3667],[90.4896,23.3388],[90.5107,23.3415],[90.5002,23.3204],[90.5024,23.2878],[90.483,23.2854],[90.4842,23.2513],[90.4891,23.2494],[90.4784,23.2513],[90.4616,23.2407],[90.4498,23.2311],[90.4493,23.2211],[90.4344,23.2218],[90.4252,23.2151],[90.4159,23.2217],[90.3949,23.22],[90.391,23.2254],[90.383,23.2207],[90.3675,23.2468],[90.3507,23.2437],[90.3494,23.2596],[90.3133,23.3026],[90.3233,23.307],[90.326,23.3161],[90.3426,23.3212],[90.3585,23.321],[90.3626,23.3123],[90.3765,23.3112],[90.3864,23.3162],[90.3919,23.3304],[90.4142,23.3222],[90.4384,23.3512],[90.4088,23.3611],[90.4185,23.384],[90.4125,23.3898],[90.4309,23.4054],[90.4314,23.4143],[90.444,23.4093],[90.4767,23.4066]]]}},{"type":"Feature","properties":{"unit_id":"BD30860069","level":"upazila","name_en":"Shariatpur Sadar","name_bn":"Shariatpur Sadar","division":"Dhaka"},"geometry":{"type":"Polygon","coordinates":[[[90.3494,23.2596],[90.3507,23.2437],[90.3669,23.2471],[90.3792,23.2339],[90.3809,23.2217],[90.3944,23.2241],[90.3909,23.2086],[90.3807,23.2045],[90.3811,23.1927],[90.3971,23.1812],[90.3762,23.1774],[90.3764,23.167],[90.3673,23.1631],[90.3743,23.1584],[90.3594,23.137],[90.3533,23.1425],[90.3419,23.1424],[90.3399,23.1367],[90.3086,23.1375],[90.3077,23.149],[90.2929,23.149],[90.2838,23.2003],[90.274,23.1992],[90.2653,23.2124],[90.2475,23.2213],[90.2503,23.2385],[90.2417,23.2352],[90.2422,23.2505],[90.2341,23.2603],[90.248,23.2748],[90.2574,23.2737],[90.259,23.2886],[90.2621,23.2835],[90.2813,23.2874],[90.291,23.2925],[90.2933,23.3016],[90.2967,23.2968],[90.3194,23.2985],[90.3494,23.2596]]]}},{"type":"Feature","properties":{"unit_id":"BD30860094","level":"upazila","name_en":"Zajira","name_bn":"Zajira","division":"Dhaka"},"geometry":{"type":"Polygon","coordinates":[[[90.3242,23.4332],[90.3297,23.4376],[90.3368,23.4318],[90.3559,23.4333],[90.3882,23.4101],[90.4301,23.4087],[90.4129,23.3907],[90.4185,23.384],[90.4088,23.3611],[90.4384,23.3512],[90.4142,23.3222],[90.3919,23.3304],[90.3779,23.3113],[90.3626,23.3123],[90.3585,23.321],[90.3271,23.3165],[90.3123,23.2984],[90.2967,23.2968],[90.2933,23.3016],[90.291,23.2925],[90.2813,23.2874],[90.2621,23.2835],[90.2578,23.288],[90.2574,23.2737],[90.248,23.2748],[90.2347,23.262],[90.2504,23.3211],[90.2355,23.3361],[90.2556,23.352],[90.2398,23.362],[90.2526,23.3777],[90.271,23.3796],[90.2634,23.3878],[90.2356,23.3945],[90.2301,23.4105],[90.247,23.4158],[90.2542,23.4256],[90.2785,23.4246],[90.2873,23.4417],[90.3078,23.4459],[90.3242,23.4332]]]}},{"type":"Feature","properties":{"unit_id":"BD30930009","level":"upazila","name_en":"Basail","name_bn":"Basail","division":"Dhaka"},"geometry":{"type":"Polygon","coordinates":[[[90.0714,24.2918],[90.0678,24.3002],[90.0755,24.297],[90.0679,24.2799],[90.0798,24.2884],[90.0846,24.285],[90.0813,24.2787],[90.0875,24.2809],[90.0793,24.2669],[90.0898,24.269],[90.0757,24.2643],[90.0868,24.2609],[90.0851,24.2518],[90.0986,24.2593],[90.0958,24.251],[90.1008,24.2543],[90.1056,24.2489],[90.099,24.2468],[90.1056,24.2439],[90.1014,24.2377],[90.0962,24.2418],[90.1034,24.2333],[90.0897,24.2318],[90.0929,24.2252],[90.0988,24.2273],[90.0912,24.2155],[90.0966,24.219],[90.0988,24.218],[90.0982,24.2124],[90.1076,24.2105],[90.1086,24.2028],[90.1142,24.2025],[90.1056,24.1956],[90.117,24.1916],[90.1153,24.1829],[90.1232,24.1822],[90.1073,24.1695],[90.1006,24.1746],[90.0928,24.1652],[90.0809,24.1802],[90.0643,24.1799],[90.0597,24.1698],[90.0532,24.1933],[90.0459,24.1916],[90.0465,24.1802],[90.035,24.1744],[90.0288,24.1793],[90.0241,24.173],[90.0139,24.1839],[89.9997,24.1781],[89.992,24.186],[89.9791,24.1785],[89.9791,24.1913],[89.986,24.1972],[89.9763,24.1981],[89.9705,24.2176],[89.9845,24.2183],[89.9858,24.2507],[89.9781,24.259],[89.982,24.2667],[89.9663,24.2807],[89.9777,24.2806],[89.97,24.2833],[89.97,24.2904],[89.9802,24.2943],[89.9916,24.2857],[90.0111,24.303],[90.036,24.2915],[90.0509,24.3103],[90.0605,24.2897],[90.0714,24.2918]]]}},{"type":"Feature","properties":{"unit_id":"BD30930019","level":"upazila","name_en":"Bhuanpur","name_bn":"Bhuanpur","division":"Dhaka"},"geometry":{"type":"Polygon","coordinates":[[[89.832,24.5728],[89.8255,24.5504],[89.8319,24.5489],[89.8352,24.5306],[89.8545,24.5259],[89.8525,24.538],[89.8594,24.5275],[89.8629,24.5369],[89.8687,24.5324],[89.8826,24.5355],[89.883,24.5445],[89.8936,24.5403],[89.8846,24.5222],[89.8764,24.522],[89.8857,24.5093],[89.8939,24.5092],[89.893,24.4969],[89.8729,24.4833],[89.8773,24.4649],[89.8945,24.4391],[89.8816,24.4284],[89.8832,24.4183],[89.8763,24.412],[89.8861,24.3957],[89.8691,24.4038],[89.8637,24.3966],[89.8489,24.3972],[89.835,24.4059],[89.8214,24.4038],[89.8185,24.3901],[89.8008,24.3863],[89.7891,24.3986],[89.7763,24.395],[89.7724,24.4056],[89.7573,24.4117],[89.7497,24.4354],[89.7575,24.4542],[89.7459,24.4546],[89.7449,24.4696],[89.7602,24.4832],[89.7505,24.483],[89.7594,24.5002],[89.7367,24.5196],[89.7496,24.5214],[89.7487,24.5389],[89.7708,24.5413],[89.7686,24.5575],[89.7739,24.5659],[89.7892,24.5747],[89.811,24.5708],[89.8119,24.5786],[89.8231,24.5795],[89.832,24.5728]]]}},{"type":"Feature","properties":{"unit_id":"BD30930023","level":"upazila","name_en":"Delduar","name_bn":"Delduar","division":"Dhaka"},"geometry":{"type":"Polygon","coordinates":[[[89.9498,24.1985],[89.9684,24.2085],[89.9778,24.1969],[89.9855,24.1985],[89.9791,24.1785],[89.992,24.186],[90.0043,24.1775],[90.0039,24.1823],[90.0139,24.1839],[90.0329,24.1673],[90.0265,24.1581],[90.0055,24.1565],[90.0039,24.1297],[89.9899,24.1223],[89.9789,24.1238],[89.9796,24.1142],[89.9622,24.1009],[89.9756,24.0994],[89.9732,24.0849],[89.9825,24.0844],[89.9693,24.0606],[89.9636,24.0566],[89.9683,24.0732],[89.9596,24.0726],[89.9409,24.063],[89.9393,24.068],[89.9344,24.0547],[89.9338,24.0609],[89.9245,24.06],[89.9275,24.0785],[89.9118,24.0868],[89.9134,24.1014],[89.8948,24.1059],[89.8899,24.117],[89.8807,24.115],[89.8657,24.1241],[89.8805,24.133],[89.8532,24.1376],[89.8516,24.1463],[89.8527,24.1598],[89.8604,24.1568],[89.8667,24.1717],[89.8976,24.1664],[89.889,24.184],[89.8989,24.2144],[89.912,24.2192],[89.9269,24.2133],[89.9278,24.2239],[89.941,24.231],[89.9475,24.2247],[89.9498,24.1985]]]}},{"type":"Feature","properties":{"unit_id":"BD30930025","level":"upazila","name_en":"Dhanbari","name_bn":"Dhanbari","division":"Dhaka"},"geometry":{"type":"Polygon","coordinates":[[[89.9407,24.744],[89.9572,24.7439],[89.9605,24.7376],[89.9553,24.7341],[89.9638,24.7263],[89.9732,24.7228],[89.9924,24.7285],[89.9967,24.6956],[90.012,24.6813],[89.9786,24.6695],[89.9893,24.6684],[89.9858,24.6637],[90.0023,24.6685],[90.0003,24.6574],[89.9932,24.6602],[89.9735,24.6437],[89.9861,24.6242],[89.9645,24.6277],[89.9475,24.6205],[89.9466,24.631],[89.9401,24.6332],[89.9442,24.6434],[89.9268,24.6439],[89.9302,24.6495],[89.9135,24.6493],[89.9089,24.656],[89.8975,24.6431],[89.9039,24.6304],[89.8789,24.6317],[89.8709,24.6428],[89.8627,24.6362],[89.8432,24.6444],[89.8443,24.65],[89.8679,24.6528],[89.8651,24.6635],[89.8768,24.6802],[89.8869,24.6751],[89.8971,24.6823],[89.8918,24.702],[89.8778,24.714],[89.8776,24.7377],[89.8829,24.7442],[89.8789,24.7466],[89.8874,24.7472],[89.9005,24.7394],[89.8998,24.7465],[89.9086,24.7398],[89.9143,24.7487],[89.924,24.7469],[89.9184,24.7581],[89.9324,24.7614],[89.9407,24.744]]]}},{"type":"Feature","properties":{"unit_id":"BD30930028","level":"upazila","name_en":"Ghatail","name_bn":"Ghatail","division":"Dhaka"},"geometry":{"type":"Polygon","coordinates":[[[90.0056,24.5634],[90.0174,24.5615],[90.0097,24.5494],[90.0221,24.5427],[90.0431,24.546],[90.046,24.5525],[90.0511,24.5462],[90.0589,24.5496],[90.0718,24.5427],[90.0866,24.5556],[90.1048,24.5584],[90.1158,24.5429],[90.1126,24.5207],[90.1576,24.5498],[90.1632,24.5372],[90.1708,24.5377],[90.1767,24.5183],[90.187,24.5232],[90.2104,24.5098],[90.2042,24.5031],[90.2073,24.4982],[90.2158,24.4994],[90.2287,24.4841],[90.2371,24.4876],[90.2461,24.4821],[90.2249,24.4638],[90.2117,24.4629],[90.2325,24.4204],[90.2181,24.4194],[90.2019,24.4325],[90.173,24.4288],[90.1651,24.4197],[90.1326,24.4237],[90.1213,24.421],[90.1227,24.4158],[90.1066,24.4254],[90.0759,24.4195],[90.0777,24.4058],[90.0699,24.3969],[90.0364,24.4103],[90.0337,24.3977],[90.0152,24.3935],[90.0129,24.4036],[90.0074,24.4041],[90.0064,24.3958],[89.9936,24.4016],[89.994,24.3933],[89.9833,24.3975],[89.9813,24.3894],[89.9726,24.396],[89.9698,24.3899],[89.9617,24.3973],[89.9505,24.3944],[89.9418,24.41],[89.9235,24.4051],[89.92,24.421],[89.9142,24.4153],[89.8906,24.4202],[89.8851,24.433],[89.8945,24.4398],[89.8773,24.4649],[89.8737,24.4872],[89.8802,24.487],[89.8805,24.4798],[89.8977,24.4891],[89.9344,24.4904],[89.9431,24.4972],[89.949,24.5173],[89.9561,24.5164],[89.9512,24.5242],[89.9579,24.5255],[89.9605,24.542],[89.9724,24.5449],[89.9787,24.5538],[89.9758,24.5604],[89.9874,24.5695],[90.0036,24.5586],[90.0056,24.5634]]]}},{"type":"Feature","properties":{"unit_id":"BD30930038","level":"upazila","name_en":"Gopalpur","name_bn":"Gopalpur","division":"Dhaka"},"geometry":{"type":"Polygon","coordinates":[[[89.9442,24.6434],[89.9401,24.6332],[89.9476,24.6282],[89.9415,24.6159],[89.9443,24.6067],[89.9388,24.6032],[89.945,24.5956],[89.9539,24.5934],[89.954,24.6002],[89.962,24.6035],[89.9923,24.5851],[89.9839,24.5638],[89.9758,24.5604],[89.9741,24.5462],[89.9605,24.542],[89.9579,24.5255],[89.9512,24.5242],[89.9563,24.5168],[89.949,24.5173],[89.943,24.497],[89.9314,24.4895],[89.8977,24.4891],[89.8804,24.4798],[89.8866,24.4961],[89.893,24.4969],[89.8939,24.5092],[89.8857,24.5093],[89.8764,24.522],[89.8846,24.5222],[89.8936,24.5403],[89.883,24.5445],[89.8826,24.5355],[89.8687,24.5324],[89.8629,24.5369],[89.8594,24.5275],[89.8525,24.538],[89.8545,24.5259],[89.8352,24.5306],[89.8319,24.5489],[89.8255,24.5504],[89.832,24.5728],[89.8108,24.588],[89.8283,24.5921],[89.8232,24.6009],[89.8329,24.6076],[89.8265,24.6139],[89.8361,24.6141],[89.8409,24.627],[89.8507,24.6217],[89.8416,24.6375],[89.8458,24.6427],[89.856,24.6421],[89.8627,24.6362],[89.8709,24.6428],[89.8789,24.6317],[89.9039,24.6304],[89.8975,24.6431],[89.9011,24.6506],[89.9089,24.656],[89.9135,24.6493],[89.9442,24.6434]]]}},{"type":"Feature","properties":{"unit_id":"BD30930047","level":"upazila","name_en":"Kalihati","name_bn":"Kalihati","division":"Dhaka"},"geometry":{"type":"Polygon","coordinates":[[[89.8906,24.4202],[89.9126,24.4154],[89.92,24.421],[89.9235,24.4051],[89.9418,24.41],[89.9501,24.3947],[89.9617,24.3973],[89.9698,24.3899],[89.972,24.396],[89.9837,24.3901],[89.9856,24.3979],[89.9937,24.3931],[89.9936,24.4016],[90.0062,24.3958],[90.0074,24.4041],[90.0129,24.4036],[90.0152,24.3935],[90.0337,24.3977],[90.0364,24.4103],[90.0699,24.3969],[90.0777,24.4058],[90.0756,24.4191],[90.0896,24.4219],[90.1047,24.424],[90.1165,24.4107],[90.0969,24.4031],[90.1001,24.3979],[90.0907,24.3768],[90.0984,24.3625],[90.0707,24.3608],[90.0714,24.3485],[90.0598,24.3459],[90.0672,24.3404],[90.0551,24.3384],[90.0563,24.3321],[90.0725,24.3253],[90.0706,24.3149],[90.0632,24.3137],[90.0657,24.3059],[90.0576,24.3029],[90.0505,24.3101],[90.036,24.2915],[90.0111,24.303],[89.9916,24.2857],[89.9606,24.2985],[89.9554,24.297],[89.9573,24.2868],[89.9447,24.287],[89.9277,24.3091],[89.9173,24.3092],[89.9115,24.3256],[89.8937,24.3259],[89.8909,24.3321],[89.899,24.3406],[89.8935,24.3491],[89.8818,24.3394],[89.8671,24.3407],[89.8669,24.3354],[89.8512,24.3417],[89.8387,24.3362],[89.8344,24.348],[89.8235,24.3466],[89.8191,24.3577],[89.8071,24.3627],[89.7993,24.3576],[89.8007,24.3404],[89.7645,24.3402],[89.7544,24.3479],[89.7545,24.3602],[89.7676,24.3763],[89.765,24.3957],[89.7891,24.3986],[89.7989,24.3868],[89.8076,24.3859],[89.8037,24.3893],[89.8185,24.3901],[89.8214,24.4038],[89.835,24.4059],[89.8574,24.3956],[89.8773,24.4032],[89.8847,24.3952],[89.8763,24.412],[89.8858,24.4281],[89.8906,24.4202]]]}},{"type":"Feature","properties":{"unit_id":"BD30930057","level":"upazila","name_en":"Madhupur","name_bn":"Madhupur","division":"Dhaka"},"geometry":{"type":"Polygon","coordinates":[[[90.0993,24.7566],[90.0907,24.7517],[90.092,24.7367],[90.1355,24.7342],[90.129,24.717],[90.143,24.68],[90.1451,24.6553],[90.1518,24.6482],[90.1486,24.6242],[90.135,24.6163],[90.13,24.596],[90.1443,24.576],[90.1557,24.574],[90.151,24.5678],[90.1576,24.5498],[90.1128,24.5207],[90.1158,24.5429],[90.1048,24.5584],[90.0866,24.5556],[90.0718,24.5427],[90.0589,24.5496],[90.0511,24.5462],[90.046,24.5525],[90.0431,24.546],[90.0204,24.5429],[90.0097,24.5494],[90.0174,24.5615],[90.0056,24.5634],[90.0029,24.5587],[89.9835,24.571],[89.9923,24.5857],[89.9821,24.5869],[89.9809,24.5962],[89.9678,24.5962],[89.9605,24.6036],[89.9517,24.5932],[89.9388,24.603],[89.9443,24.6067],[89.9432,24.6216],[89.9645,24.6277],[89.9874,24.6252],[89.9785,24.6302],[89.983,24.6342],[89.9759,24.6347],[89.9735,24.6437],[89.9932,24.6602],[90.0003,24.6574],[90.0023,24.6685],[89.9858,24.6637],[89.9893,24.6684],[89.9786,24.6695],[89.9862,24.6757],[90.012,24.6813],[89.9944,24.7017],[89.9902,24.7318],[89.9963,24.7443],[90.0211,24.7557],[90.0212,24.7722],[90.0299,24.7794],[90.0485,24.7755],[90.0779,24.7869],[90.0993,24.7566]]]}},{"type":"Feature","properties":{"unit_id":"BD30930066","level":"upazila","name_en":"Mirzapur","name_bn":"Mirzapur","division":"Dhaka"},"geometry":{"type":"Polygon","coordinates":[[[90.2173,24.2061],[90.2383,24.2012],[90.2401,24.1817],[90.2525,24.1915],[90.2271,24.1634],[90.2209,24.1438],[90.22,24.127],[90.2337,24.1081],[90.202,24.0952],[90.175,24.1105],[90.1795,24.0785],[90.1591,24.0665],[90.1634,24.0572],[90.1517,24.0537],[90.1492,24.0357],[90.1108,24.0288],[90.1084,24.0196],[90.0903,24.0372],[90.075,24.0429],[90.0698,24.0325],[90.0653,24.0383],[90.0617,24.0302],[90.0248,24.0228],[90.0205,24.0297],[90.0285,24.0352],[90.0192,24.0371],[90.0192,24.0457],[90.0077,24.0386],[89.9982,24.0575],[89.9909,24.0509],[89.9817,24.0553],[89.975,24.0712],[89.9825,24.0844],[89.9732,24.0849],[89.9756,24.0994],[89.9622,24.1009],[89.9796,24.1142],[89.9789,24.1238],[89.9899,24.1223],[90.0039,24.1297],[90.0055,24.1565],[90.0267,24.1583],[90.0329,24.169],[90.0262,24.1771],[90.035,24.1744],[90.0465,24.1802],[90.0459,24.1916],[90.0533,24.1933],[90.0597,24.1698],[90.0643,24.1799],[90.0809,24.1802],[90.0928,24.1652],[90.1006,24.1746],[90.1073,24.1695],[90.1148,24.1727],[90.1161,24.1807],[90.1239,24.1836],[90.1153,24.1829],[90.1164,24.1882],[90.1326,24.2021],[90.2034,24.212],[90.2228,24.2189],[90.2173,24.2061]]]}},{"type":"Feature","properties":{"unit_id":"BD30930076","level":"upazila","name_en":"Nagarpur","name_bn":"Nagarpur","division":"Dhaka"},"geometry":{"type":"Polygon","coordinates":[[[89.8542,24.1574],[89.8532,24.1376],[89.8805,24.133],[89.8655,24.1243],[89.8807,24.115],[89.8899,24.117],[89.8953,24.1056],[89.9134,24.1014],[89.9118,24.0868],[89.9275,24.0785],[89.9245,24.06],[89.9338,24.0609],[89.9349,24.0548],[89.9393,24.068],[89.9409,24.063],[89.9672,24.0735],[89.9641,24.0562],[89.9772,24.0715],[89.9823,24.0546],[89.9909,24.0509],[89.9995,24.0564],[90.0078,24.0343],[90.0174,24.0285],[90.0144,24.0187],[90.0046,24.0163],[90.0104,24.0032],[89.9939,23.9995],[89.9887,24.0088],[89.9785,24.0103],[89.9772,24.0164],[89.9859,24.0185],[89.98,24.0323],[89.9719,24.0357],[89.9674,24.0134],[89.9594,24.0144],[89.9486,24.0289],[89.9483,24.0165],[89.9396,24.0115],[89.9485,24.0033],[89.9401,24.0039],[89.9359,23.9956],[89.9316,23.9961],[89.9378,24.0061],[89.9149,23.994],[89.9082,23.9984],[89.9064,23.988],[89.8912,23.9797],[89.8952,23.9704],[89.8838,23.972],[89.8743,23.9959],[89.867,23.9929],[89.8707,23.9717],[89.8569,23.9659],[89.826,23.9836],[89.806,23.9753],[89.8036,23.9812],[89.7928,23.9805],[89.7936,23.9882],[89.7864,23.988],[89.774,23.9735],[89.7649,23.9771],[89.777,23.9884],[89.7859,24.0114],[89.7862,24.0416],[89.818,24.0651],[89.8257,24.081],[89.8191,24.1097],[89.8229,24.142],[89.8058,24.1611],[89.7904,24.158],[89.7834,24.1655],[89.802,24.1737],[89.8542,24.1574]]]}},{"type":"Feature","properties":{"unit_id":"BD30930085","level":"upazila","name_en":"Sakhipur","name_bn":"Sakhipur","division":"Dhaka"},"geometry":{"type":"Polygon","coordinates":[[[90.2184,24.4193],[90.2487,24.4162],[90.2307,24.3436],[90.2342,24.3351],[90.2483,24.3334],[90.2617,24.2908],[90.2806,24.2876],[90.305,24.2669],[90.3038,24.2527],[90.2916,24.2391],[90.2929,24.2236],[90.2694,24.2136],[90.2412,24.1813],[90.2383,24.2012],[90.2173,24.2061],[90.2222,24.2193],[90.2064,24.2207],[90.2034,24.212],[90.1326,24.2021],[90.1153,24.1867],[90.117,24.1916],[90.1055,24.1962],[90.1138,24.2038],[90.1086,24.2028],[90.1019,24.2153],[90.0982,24.2124],[90.0983,24.2184],[90.0909,24.2164],[90.0988,24.2273],[90.0929,24.2252],[90.0897,24.2318],[90.1034,24.2333],[90.0962,24.2418],[90.1014,24.2377],[90.1056,24.2439],[90.099,24.2468],[90.1056,24.2489],[90.1008,24.2543],[90.0958,24.251],[90.0986,24.2593],[90.0853,24.2517],[90.0868,24.2609],[90.0759,24.264],[90.0898,24.2691],[90.0793,24.2669],[90.0877,24.2802],[90.0813,24.2787],[90.0814,24.2883],[90.0679,24.2799],[90.0755,24.297],[90.0678,24.3002],[90.0714,24.2918],[90.0601,24.2899],[90.0586,24.3029],[90.0731,24.3228],[90.0551,24.3384],[90.0672,24.3404],[90.0598,24.3459],[90.0714,24.3485],[90.0707,24.3608],[90.0984,24.3625],[90.0907,24.3768],[90.1001,24.3979],[90.0969,24.4031],[90.1165,24.4107],[90.1053,24.4252],[90.1227,24.4158],[90.1213,24.421],[90.1326,24.4237],[90.162,24.4194],[90.173,24.4288],[90.2042,24.4295],[90.2184,24.4193]]]}},{"type":"Feature","properties":{"unit_id":"BD30930095","level":"upazila","name_en":"Tangail Sadar","name_bn":"Tangail Sadar","division":"Dhaka"},"geometry":{"type":"Polygon","coordinates":[[[89.8191,24.3577],[89.8235,24.3466],[89.8344,24.348],[89.8387,24.3362],[89.8512,24.3417],[89.8669,24.3354],[89.8671,24.3407],[89.8818,24.3394],[89.8935,24.3491],[89.899,24.3406],[89.8909,24.3321],[89.8937,24.3259],[89.9115,24.3256],[89.9173,24.3092],[89.9277,24.3091],[89.9446,24.287],[89.9573,24.2868],[89.9557,24.2974],[89.9684,24.296],[89.97,24.2833],[89.9777,24.2806],[89.9727,24.2769],[89.9655,24.2826],[89.982,24.2667],[89.9781,24.259],[89.9858,24.2507],[89.9845,24.2183],[89.9705,24.2176],[89.9741,24.2059],[89.9626,24.2082],[89.9487,24.1993],[89.952,24.2152],[89.9474,24.2303],[89.941,24.231],[89.9278,24.2239],[89.9269,24.2133],[89.912,24.2192],[89.8989,24.2144],[89.889,24.184],[89.8976,24.1664],[89.867,24.1718],[89.8601,24.1567],[89.8026,24.1707],[89.7871,24.234],[89.7911,24.2863],[89.7763,24.3044],[89.775,24.3291],[89.7645,24.3402],[89.8007,24.3404],[89.7993,24.3576],[89.8081,24.3623],[89.8191,24.3577]]]}},{"type":"Feature","properties":{"unit_id":"BD40010008","level":"upazila","name_en":"Bagerhat Sadar","name_bn":"Bagerhat Sadar","division":"Khulna"},"geometry":{"type":"Polygon","coordinates":[[[89.7701,22.7795],[89.7895,22.7817],[89.8021,22.7595],[89.8093,22.7612],[89.8249,22.7493],[89.8421,22.754],[89.8374,22.7466],[89.842,22.7155],[89.8472,22.7128],[89.8417,22.7],[89.851,22.6976],[89.8516,22.6856],[89.862,22.6836],[89.8606,22.6686],[89.8485,22.6648],[89.8545,22.6622],[89.8541,22.6496],[89.8347,22.6478],[89.8239,22.6101],[89.8287,22.5978],[89.8102,22.5807],[89.7732,22.5709],[89.7649,22.5558],[89.7599,22.5581],[89.7622,22.5835],[89.7456,22.5765],[89.7425,22.581],[89.7302,22.5771],[89.7287,22.582],[89.7103,22.5783],[89.718,22.5867],[89.7103,22.6035],[89.7141,22.6168],[89.7282,22.6242],[89.7276,22.6363],[89.6956,22.6409],[89.6815,22.6542],[89.6605,22.6464],[89.6599,22.68],[89.6415,22.6786],[89.645,22.6924],[89.6397,22.6989],[89.6398,22.7098],[89.6529,22.7187],[89.6878,22.7207],[89.6972,22.7142],[89.7153,22.7293],[89.733,22.7334],[89.7356,22.746],[89.7457,22.7501],[89.7385,22.764],[89.7434,22.7811],[89.7649,22.7905],[89.7701,22.7795]]]}},{"type":"Feature","properties":{"unit_id":"BD40010014","level":"upazila","name_en":"Chitalmari","name_bn":"Chitalmari","division":"Khulna"},"geometry":{"type":"Polygon","coordinates":[[[89.8511,22.8835],[89.8697,22.8752],[89.8702,22.8882],[89.9152,22.8818],[89.9188,22.8675],[89.946,22.8426],[89.9489,22.8238],[89.938,22.8235],[89.9174,22.809],[89.9162,22.8013],[89.94,22.7832],[89.921,22.7836],[89.9068,22.7734],[89.9091,22.7545],[89.9334,22.7516],[89.9272,22.7218],[89.9128,22.7254],[89.9142,22.732],[89.9045,22.7351],[89.9072,22.7448],[89.9006,22.7439],[89.9019,22.7487],[89.8761,22.7503],[89.8705,22.7414],[89.8383,22.7457],[89.8421,22.754],[89.8371,22.7561],[89.8254,22.7491],[89.8093,22.7612],[89.8021,22.7595],[89.7897,22.7815],[89.7759,22.7853],[89.7732,22.7967],[89.7782,22.8024],[89.775,22.8111],[89.7664,22.8111],[89.7655,22.8236],[89.7789,22.8265],[89.8158,22.8192],[89.8303,22.8307],[89.84,22.8304],[89.8427,22.843],[89.8063,22.8702],[89.8084,22.8772],[89.8197,22.8734],[89.816,22.8821],[89.8285,22.8822],[89.834,22.889],[89.8377,22.8823],[89.8511,22.8835]]]}},{"type":"Feature","properties":{"unit_id":"BD40010034","level":"upazila","name_en":"Fakirhat","name_bn":"Fakirhat","division":"Khulna"},"geometry":{"type":"Polygon","coordinates":[[[89.7108,22.8131],[89.7237,22.8039],[89.7504,22.7941],[89.7497,22.8094],[89.7575,22.8072],[89.7566,22.8142],[89.7649,22.8183],[89.7671,22.8104],[89.7754,22.8107],[89.7784,22.7835],[89.7687,22.7799],[89.7649,22.7905],[89.754,22.7923],[89.7385,22.764],[89.7457,22.7501],[89.7356,22.746],[89.733,22.7334],[89.7153,22.7293],[89.6972,22.7142],[89.6878,22.7207],[89.6522,22.7183],[89.6396,22.7094],[89.6451,22.6783],[89.624,22.6779],[89.6164,22.6521],[89.6009,22.6457],[89.5815,22.6475],[89.5748,22.6613],[89.5794,22.6749],[89.5691,22.6908],[89.6024,22.7],[89.6013,22.7087],[89.5892,22.7085],[89.5848,22.7164],[89.5982,22.7212],[89.5977,22.7363],[89.6096,22.7538],[89.6104,22.7719],[89.6197,22.7732],[89.6311,22.7627],[89.6435,22.7734],[89.6466,22.7521],[89.6548,22.7538],[89.6542,22.7714],[89.661,22.7748],[89.6656,22.7992],[89.6755,22.7954],[89.6792,22.8163],[89.7084,22.8234],[89.7108,22.8131]]]}},{"type":"Feature","properties":{"unit_id":"BD40010038","level":"upazila","name_en":"Kachua","name_bn":"Kachua","division":"Khulna"},"geometry":{"type":"Polygon","coordinates":[[[89.9045,22.7351],[89.9147,22.7295],[89.8635,22.7046],[89.8612,22.6941],[89.9097,22.6952],[89.9374,22.6791],[89.9069,22.6559],[89.8964,22.6765],[89.8889,22.6704],[89.8896,22.6564],[89.9265,22.6442],[89.9218,22.6173],[89.9178,22.6089],[89.9108,22.6154],[89.8893,22.6077],[89.8836,22.5917],[89.8917,22.5749],[89.8528,22.5605],[89.8358,22.5731],[89.8354,22.594],[89.8239,22.5935],[89.8299,22.6001],[89.8239,22.6101],[89.8358,22.6502],[89.854,22.6494],[89.8545,22.6622],[89.8487,22.6654],[89.8612,22.6702],[89.8615,22.6848],[89.8518,22.6854],[89.851,22.6976],[89.8417,22.7],[89.8472,22.7128],[89.842,22.7155],[89.8383,22.7457],[89.8705,22.7414],[89.8761,22.7503],[89.9072,22.7451],[89.9045,22.7351]]]}},{"type":"Feature","properties":{"unit_id":"BD40010056","level":"upazila","name_en":"Mollahat","name_bn":"Mollahat","division":"Khulna"},"geometry":{"type":"Polygon","coordinates":[[[89.7846,22.9669],[89.8034,22.9725],[89.8069,22.9656],[89.8018,22.9431],[89.826,22.934],[89.8534,22.8945],[89.8373,22.894],[89.8366,22.8882],[89.8458,22.8838],[89.8381,22.8814],[89.834,22.889],[89.8285,22.8822],[89.816,22.8821],[89.8197,22.8734],[89.8084,22.8772],[89.8063,22.8711],[89.8427,22.843],[89.84,22.8304],[89.8303,22.8307],[89.8158,22.8192],[89.7789,22.8265],[89.7655,22.8236],[89.7575,22.8072],[89.7497,22.8094],[89.7498,22.7941],[89.7108,22.8131],[89.7128,22.8199],[89.7078,22.8217],[89.7178,22.8483],[89.6987,22.8649],[89.6955,22.875],[89.7082,22.8823],[89.7142,22.8781],[89.7204,22.8866],[89.712,22.8912],[89.7291,22.8964],[89.7215,22.9043],[89.7418,22.9238],[89.7263,22.9219],[89.7501,22.9473],[89.7524,22.9676],[89.7624,22.9651],[89.7678,22.9783],[89.7897,22.9822],[89.7846,22.9669]]]}},{"type":"Feature","properties":{"unit_id":"BD40010058","level":"upazila","name_en":"Mongla","name_bn":"Mongla","division":"Khulna"},"geometry":{"type":"Polygon","coordinates":[[[89.5878,22.5664],[89.6003,22.5511],[89.5978,22.5453],[89.6104,22.5345],[89.6268,22.5347],[89.6333,22.5272],[89.6323,22.5358],[89.6468,22.5328],[89.6521,22.515],[89.6632,22.528],[89.6716,22.5231],[89.6834,22.526],[89.6982,22.5114],[89.6939,22.5106],[89.6964,22.5028],[89.7156,22.5003],[89.7104,22.4955],[89.7183,22.4768],[89.6953,22.4798],[89.706,22.4728],[89.6982,22.4726],[89.6979,22.4646],[89.714,22.4718],[89.7176,22.4513],[89.7014,22.4428],[89.7277,22.4187],[89.7095,22.4116],[89.7333,22.3993],[89.7421,22.3827],[89.753,22.3991],[89.7584,22.3987],[89.7595,22.3857],[89.7738,22.3654],[89.7575,22.3543],[89.7656,22.3374],[89.7636,22.3124],[89.7561,22.3108],[89.7618,22.2945],[89.751,22.2878],[89.7577,22.2674],[89.7492,22.2598],[89.7618,22.26],[89.7535,22.2522],[89.762,22.243],[89.7534,22.2047],[89.7476,22.196],[89.736,22.2097],[89.7297,22.1984],[89.746,22.1859],[89.7411,22.1375],[89.7567,22.1322],[89.7748,22.0912],[89.7706,22.079],[89.7512,22.0652],[89.7503,22.0558],[89.7403,22.0523],[89.7436,22.0366],[89.7573,22.0352],[89.7586,22.0288],[89.7428,22.0174],[89.7512,22.0012],[89.7352,21.9913],[89.7478,21.9769],[89.7373,21.9664],[89.7634,21.9598],[89.7695,21.9502],[89.7538,21.938],[89.7312,21.9468],[89.7267,21.9398],[89.7322,21.919],[89.7168,21.9049],[89.7362,21.8894],[89.749,21.8652],[89.7536,21.8399],[89.7157,21.7627],[89.6851,21.7378],[89.6595,21.7298],[89.6397,21.7337],[89.6223,21.7459],[89.5677,21.8],[89.5491,21.8299],[89.5533,21.8579],[89.5753,21.9077],[89.5508,21.9359],[89.5433,21.968],[89.59,22.1106],[89.5862,22.1385],[89.5513,22.1864],[89.5472,22.206],[89.5916,22.2374],[89.5871,22.2743],[89.6278,22.3403],[89.6154,22.4019],[89.5952,22.4403],[89.581,22.5159],[89.5565,22.5739],[89.569,22.5772],[89.5763,22.5619],[89.5878,22.5664]]]}},{"type":"Feature","properties":{"unit_id":"BD40010060","level":"upazila","name_en":"Morelganj","name_bn":"Morelganj","division":"Khulna"},"geometry":{"type":"Polygon","coordinates":[[[89.958,22.5973],[89.9624,22.5862],[89.9514,22.5464],[89.92,22.5093],[89.9636,22.5082],[89.9672,22.501],[89.9658,22.4927],[89.9514,22.4912],[89.9131,22.5046],[89.881,22.4987],[89.8825,22.4855],[89.8923,22.4755],[89.9294,22.4761],[89.9436,22.4642],[89.9314,22.4455],[89.904,22.4425],[89.8697,22.4177],[89.8704,22.4073],[89.8988,22.3736],[89.8884,22.3372],[89.878,22.3461],[89.8727,22.3692],[89.8679,22.371],[89.8636,22.3633],[89.857,22.3686],[89.8404,22.3648],[89.8356,22.3679],[89.8439,22.3688],[89.8434,22.3786],[89.8179,22.3771],[89.8106,22.3957],[89.7912,22.3858],[89.7925,22.3758],[89.7708,22.3728],[89.7595,22.3857],[89.7584,22.3987],[89.753,22.3991],[89.7421,22.3827],[89.7333,22.3993],[89.711,22.4091],[89.7087,22.4135],[89.7277,22.4187],[89.7023,22.4408],[89.702,22.4454],[89.7172,22.4505],[89.7158,22.464],[89.7122,22.473],[89.6979,22.4646],[89.6982,22.4726],[89.706,22.4728],[89.6958,22.4813],[89.7183,22.4768],[89.7106,22.4972],[89.7268,22.5023],[89.752,22.5264],[89.7711,22.5342],[89.7709,22.5524],[89.7855,22.5711],[89.816,22.5845],[89.8204,22.5944],[89.8339,22.5953],[89.8359,22.5729],[89.8593,22.5608],[89.8923,22.5755],[89.8836,22.5927],[89.8909,22.6092],[89.9108,22.6154],[89.9155,22.6037],[89.958,22.5973]]]}},{"type":"Feature","properties":{"unit_id":"BD40010073","level":"upazila","name_en":"Rampal","name_bn":"Rampal","division":"Khulna"},"geometry":{"type":"Polygon","coordinates":[[[89.6607,22.6463],[89.6815,22.6542],[89.6956,22.6409],[89.7276,22.6363],[89.7282,22.6242],[89.7141,22.6168],[89.7103,22.6035],[89.718,22.5867],[89.7103,22.5783],[89.7287,22.582],[89.7302,22.5771],[89.7425,22.581],[89.7456,22.5765],[89.7622,22.5835],[89.7599,22.5581],[89.764,22.5558],[89.7732,22.5709],[89.7855,22.5711],[89.7709,22.5524],[89.7711,22.5342],[89.752,22.5264],[89.7259,22.5017],[89.6964,22.5028],[89.6939,22.5106],[89.6982,22.5114],[89.6834,22.526],[89.6716,22.5231],[89.6632,22.528],[89.6521,22.515],[89.6468,22.5328],[89.6323,22.5358],[89.6333,22.5272],[89.6268,22.5347],[89.6104,22.5345],[89.5978,22.5453],[89.6003,22.5511],[89.5878,22.5664],[89.5763,22.5619],[89.569,22.5772],[89.5565,22.5739],[89.5313,22.6032],[89.5348,22.6223],[89.5549,22.6389],[89.5478,22.6634],[89.5585,22.6793],[89.5775,22.6669],[89.5812,22.6478],[89.5997,22.6456],[89.6173,22.6529],[89.6245,22.6783],[89.6342,22.6752],[89.6586,22.6818],[89.6607,22.6463]]]}},{"type":"Feature","properties":{"unit_id":"BD40010077","level":"upazila","name_en":"Sharankhola","name_bn":"Sharankhola","division":"Khulna"},"geometry":{"type":"Polygon","coordinates":[[[89.8432,22.3788],[89.8439,22.3688],[89.8356,22.3679],[89.8406,22.3647],[89.857,22.3686],[89.8636,22.3633],[89.8679,22.371],[89.8727,22.3692],[89.878,22.3461],[89.8884,22.3372],[89.8664,22.3033],[89.8574,22.2591],[89.8639,22.2244],[89.884,22.1959],[89.8961,22.1263],[89.8955,22.1006],[89.8775,22.0535],[89.9097,21.9653],[89.895,21.9579],[89.9067,21.911],[89.9026,21.8762],[89.9101,21.8039],[89.9043,21.7797],[89.8645,21.7787],[89.8224,21.7904],[89.7605,21.8319],[89.7362,21.8894],[89.7168,21.9045],[89.7322,21.919],[89.7267,21.9398],[89.7312,21.9468],[89.7538,21.938],[89.7695,21.9502],[89.7634,21.9598],[89.738,21.9649],[89.7478,21.9769],[89.7352,21.9906],[89.7502,21.9979],[89.7428,22.0174],[89.7586,22.0288],[89.7573,22.0352],[89.7436,22.0366],[89.7403,22.0523],[89.7503,22.0558],[89.7512,22.0652],[89.7706,22.079],[89.7748,22.0903],[89.7567,22.1322],[89.7411,22.1375],[89.746,22.1859],[89.7297,22.1984],[89.7371,22.2098],[89.7509,22.1975],[89.762,22.2425],[89.7535,22.2519],[89.7614,22.2609],[89.7491,22.2603],[89.7577,22.2674],[89.751,22.2879],[89.7618,22.2945],[89.7561,22.3108],[89.7636,22.3124],[89.7655,22.3396],[89.7575,22.3543],[89.7736,22.3645],[89.771,22.3731],[89.7925,22.3758],[89.7908,22.3853],[89.8063,22.3902],[89.8076,22.396],[89.8183,22.377],[89.8432,22.3788]]]}},{"type":"Feature","properties":{"unit_id":"BD40180007","level":"upazila","name_en":"Alamdanga","name_bn":"Alamdanga","division":"Khulna"},"geometry":{"type":"Polygon","coordinates":[[[88.9116,23.7841],[88.9397,23.7949],[88.938,23.8037],[88.9474,23.7989],[88.9612,23.8093],[88.973,23.802],[88.9771,23.7889],[89.0014,23.7824],[89.0059,23.7871],[88.9909,23.7535],[89.0077,23.7449],[89.0073,23.7246],[89.0164,23.7083],[89.0107,23.7067],[89.0073,23.6926],[89.0063,23.6695],[89.0123,23.6561],[89.0089,23.6427],[89.0036,23.6418],[89.009,23.6343],[89.0058,23.6224],[88.9975,23.6251],[88.9826,23.6151],[88.9789,23.622],[88.9385,23.6222],[88.9353,23.627],[88.9289,23.6206],[88.9125,23.6378],[88.9139,23.651],[88.902,23.6691],[88.9066,23.6822],[88.9024,23.689],[88.8875,23.6857],[88.8799,23.6907],[88.8521,23.6804],[88.8507,23.6747],[88.8439,23.6919],[88.8343,23.6907],[88.8359,23.684],[88.8177,23.6878],[88.8052,23.6819],[88.7932,23.7004],[88.7733,23.6986],[88.7844,23.7165],[88.7786,23.7317],[88.7857,23.7414],[88.7875,23.7676],[88.792,23.7731],[88.7969,23.7687],[88.8179,23.7718],[88.8316,23.8138],[88.8432,23.8199],[88.8474,23.8309],[88.8626,23.8278],[88.8763,23.8334],[88.8958,23.8273],[88.9061,23.8378],[88.9234,23.8173],[88.9116,23.7841]]]}},{"type":"Feature","properties":{"unit_id":"BD40180023","level":"upazila","name_en":"Chuadanga Sadar","name_bn":"Chuadanga Sadar","division":"Khulna"},"geometry":{"type":"Polygon","coordinates":[[[89.0058,23.6043],[88.9854,23.5832],[88.988,23.574],[88.9739,23.5572],[88.9762,23.5473],[88.9588,23.5531],[88.9427,23.5482],[88.9423,23.5405],[88.9512,23.5438],[88.9608,23.5309],[88.9456,23.5184],[88.9436,23.4997],[88.9347,23.5124],[88.9349,23.4964],[88.9282,23.4936],[88.914,23.5012],[88.9097,23.5158],[88.9069,23.5058],[88.8889,23.4995],[88.847,23.5044],[88.8414,23.5155],[88.8207,23.506],[88.8286,23.4955],[88.8254,23.4869],[88.8161,23.4932],[88.8095,23.489],[88.8137,23.505],[88.8033,23.516],[88.8137,23.529],[88.822,23.5297],[88.8186,23.5356],[88.8265,23.5416],[88.8135,23.5488],[88.8181,23.5619],[88.8146,23.5732],[88.8219,23.5839],[88.8087,23.6003],[88.8178,23.6256],[88.8016,23.6297],[88.8003,23.6227],[88.7912,23.6317],[88.7836,23.6295],[88.8015,23.6569],[88.8083,23.6855],[88.8359,23.684],[88.8343,23.6907],[88.8439,23.6919],[88.8507,23.6747],[88.8521,23.6804],[88.8799,23.6907],[88.8875,23.6857],[88.9024,23.689],[88.9066,23.6822],[88.902,23.6691],[88.9139,23.651],[88.9125,23.6378],[88.9289,23.6206],[88.9353,23.627],[88.9385,23.6222],[88.9789,23.622],[88.9826,23.6151],[88.9975,23.6251],[89.0058,23.6224],[89.0058,23.6043]]]}},{"type":"Feature","properties":{"unit_id":"BD40180031","level":"upazila","name_en":"Damurhuda","name_bn":"Damurhuda","division":"Khulna"},"geometry":{"type":"Polygon","coordinates":[[[88.8049,23.6848],[88.8059,23.6703],[88.7836,23.6295],[88.7912,23.6317],[88.8003,23.6227],[88.8016,23.6297],[88.8178,23.6256],[88.8087,23.6003],[88.8219,23.5839],[88.8146,23.5732],[88.8181,23.5619],[88.8135,23.5488],[88.8264,23.541],[88.8186,23.5356],[88.822,23.5297],[88.8137,23.529],[88.8033,23.516],[88.8137,23.505],[88.8082,23.4873],[88.795,23.5023],[88.7839,23.4981],[88.7868,23.5073],[88.7703,23.4976],[88.7685,23.4886],[88.7748,23.4806],[88.7606,23.4904],[88.7611,23.4787],[88.743,23.4792],[88.7243,23.5123],[88.7137,23.5086],[88.7058,23.517],[88.6955,23.5173],[88.6913,23.531],[88.6844,23.5296],[88.6829,23.5419],[88.6539,23.5562],[88.6507,23.5838],[88.6387,23.5911],[88.6457,23.6087],[88.6353,23.6145],[88.6488,23.6224],[88.643,23.6265],[88.6525,23.6511],[88.6807,23.6472],[88.6863,23.6591],[88.6936,23.6549],[88.6965,23.6653],[88.7368,23.6838],[88.747,23.6967],[88.7953,23.6991],[88.8049,23.6848]]]}},{"type":"Feature","properties":{"unit_id":"BD40180055","level":"upazila","name_en":"Jibannagar","name_bn":"Jibannagar","division":"Khulna"},"geometry":{"type":"Polygon","coordinates":[[[88.9454,23.4791],[88.9362,23.4689],[88.9369,23.4605],[88.9297,23.4598],[88.9312,23.4473],[88.9187,23.4383],[88.9342,23.4436],[88.9451,23.4399],[88.9457,23.4307],[88.9347,23.4301],[88.9348,23.4145],[88.914,23.4208],[88.92,23.4154],[88.9178,23.4078],[88.9011,23.4134],[88.8887,23.4067],[88.8814,23.4096],[88.8769,23.3921],[88.863,23.3787],[88.8554,23.3784],[88.8566,23.3866],[88.8523,23.3778],[88.8354,23.3917],[88.8261,23.3813],[88.8153,23.3906],[88.8096,23.3887],[88.7957,23.3751],[88.7848,23.3832],[88.774,23.3692],[88.7755,23.3792],[88.7594,23.3746],[88.7621,23.3874],[88.7531,23.3894],[88.7495,23.3984],[88.7614,23.4085],[88.7546,23.4161],[88.7635,23.4464],[88.7729,23.449],[88.7822,23.4414],[88.7787,23.4377],[88.7852,23.4392],[88.7854,23.4447],[88.7955,23.4433],[88.7892,23.448],[88.7875,23.4699],[88.8002,23.4823],[88.7985,23.4959],[88.8051,23.4869],[88.8156,23.4933],[88.8236,23.486],[88.829,23.4936],[88.8207,23.506],[88.8414,23.5155],[88.847,23.5044],[88.8889,23.4995],[88.9069,23.5058],[88.9097,23.5158],[88.914,23.5012],[88.9282,23.4936],[88.9349,23.4964],[88.9347,23.5124],[88.9436,23.4997],[88.9454,23.4791]]]}},{"type":"Feature","properties":{"unit_id":"BD40410004","level":"upazila","name_en":"Abhaynagar","name_bn":"Abhaynagar","division":"Khulna"},"geometry":{"type":"Polygon","coordinates":[[[89.4544,23.068],[89.4434,23.067],[89.4476,23.0502],[89.4548,23.0536],[89.4645,23.0336],[89.4888,23.0385],[89.4999,23.0333],[89.5078,23.0148],[89.528,23.0079],[89.5368,22.9841],[89.5472,22.9771],[89.5591,22.9841],[89.5619,22.9703],[89.5427,22.9505],[89.5224,22.9434],[89.5133,22.9287],[89.484,22.9525],[89.4773,22.9792],[89.4608,23.0082],[89.4518,23.0115],[89.4381,23.0078],[89.429,22.9969],[89.4266,22.9584],[89.3947,22.9431],[89.3957,22.934],[89.3683,22.9343],[89.3573,22.9232],[89.3522,22.9342],[89.3607,22.9379],[89.3693,22.9646],[89.3558,22.9831],[89.3571,23.0116],[89.349,23.016],[89.3466,23.0089],[89.3395,23.0109],[89.338,22.9922],[89.3362,23.0167],[89.3372,23.0244],[89.3278,23.0298],[89.3311,23.0412],[89.3266,23.0532],[89.3175,23.0571],[89.3139,23.069],[89.3196,23.0692],[89.3046,23.0955],[89.3421,23.0947],[89.3523,23.1116],[89.3651,23.1106],[89.3717,23.0978],[89.3816,23.0969],[89.3766,23.0882],[89.4112,23.0812],[89.4417,23.115],[89.4396,23.0736],[89.4544,23.068]]]}},{"type":"Feature","properties":{"unit_id":"BD40410009","level":"upazila","name_en":"Bagharpara","name_bn":"Bagharpara","division":"Khulna"},"geometry":{"type":"Polygon","coordinates":[[[89.2767,23.3655],[89.2736,23.354],[89.2838,23.3497],[89.2881,23.336],[89.3017,23.331],[89.307,23.3188],[89.3186,23.3223],[89.3233,23.3005],[89.3378,23.3049],[89.3442,23.284],[89.3684,23.3026],[89.3732,23.2887],[89.4241,23.2623],[89.4218,23.2471],[89.431,23.2343],[89.4171,23.2289],[89.4227,23.22],[89.4232,23.1832],[89.416,23.1747],[89.4184,23.1687],[89.4113,23.1659],[89.4146,23.1582],[89.4088,23.1571],[89.4197,23.1466],[89.4183,23.1398],[89.3919,23.1437],[89.3815,23.1363],[89.3571,23.1344],[89.3221,23.1464],[89.3282,23.1502],[89.3206,23.1661],[89.3383,23.1643],[89.3281,23.171],[89.3314,23.1827],[89.3242,23.1824],[89.3153,23.1673],[89.3013,23.1729],[89.2997,23.1836],[89.3065,23.1932],[89.3011,23.1912],[89.2882,23.2099],[89.2972,23.2147],[89.3026,23.2344],[89.2658,23.2389],[89.2611,23.2676],[89.2543,23.2687],[89.2514,23.2797],[89.238,23.2776],[89.2459,23.2827],[89.2478,23.2965],[89.2363,23.3089],[89.2126,23.3194],[89.2265,23.3274],[89.233,23.3232],[89.2446,23.3281],[89.2465,23.3344],[89.2344,23.3457],[89.2532,23.345],[89.2493,23.361],[89.2633,23.372],[89.2767,23.3655]]]}},{"type":"Feature","properties":{"unit_id":"BD40410011","level":"upazila","name_en":"Chaugachha","name_bn":"Chaugachha","division":"Khulna"},"geometry":{"type":"Polygon","coordinates":[[[89.0427,23.3709],[89.0404,23.3599],[89.0557,23.357],[89.0664,23.3631],[89.0718,23.3537],[89.0517,23.3368],[89.0621,23.3296],[89.0652,23.3108],[89.0465,23.2935],[89.0816,23.3093],[89.1016,23.2952],[89.105,23.2994],[89.1076,23.2857],[89.1305,23.2752],[89.1291,23.2611],[89.1099,23.2563],[89.1026,23.246],[89.1164,23.2143],[89.1107,23.2104],[89.1123,23.1901],[89.1021,23.1804],[89.0917,23.189],[89.0945,23.1948],[89.0739,23.1752],[89.0363,23.1719],[89.0311,23.1795],[89.0505,23.1832],[89.0511,23.1898],[89.021,23.2084],[89.0023,23.2108],[88.9885,23.2021],[88.9797,23.2122],[88.9947,23.2144],[88.9828,23.2215],[88.9793,23.216],[88.9759,23.2243],[88.9781,23.2151],[88.9703,23.2226],[88.9413,23.2064],[88.9263,23.2179],[88.9166,23.2195],[88.9211,23.2163],[88.9154,23.2128],[88.9105,23.2347],[88.8926,23.2323],[88.8913,23.2467],[88.9143,23.2512],[88.9054,23.2578],[88.9176,23.2702],[88.9,23.28],[88.9211,23.2768],[88.9334,23.2843],[88.9606,23.2729],[88.9894,23.2831],[88.9881,23.2945],[88.9799,23.2932],[88.9817,23.2978],[88.9654,23.2992],[88.9618,23.3048],[88.9677,23.3124],[88.9615,23.3293],[88.9798,23.3444],[89.0084,23.3407],[89.0335,23.3509],[89.0124,23.3679],[89.0317,23.3742],[89.0427,23.3709]]]}},{"type":"Feature","properties":{"unit_id":"BD40410047","level":"upazila","name_en":"Jashore Sadar","name_bn":"Jashore Sadar","division":"Khulna"},"geometry":{"type":"Polygon","coordinates":[[[89.2459,23.2827],[89.238,23.2776],[89.2514,23.2797],[89.2543,23.2687],[89.2611,23.2676],[89.2658,23.2389],[89.3024,23.2346],[89.2972,23.2147],[89.2882,23.2099],[89.3011,23.1912],[89.3065,23.1932],[89.2997,23.1836],[89.3013,23.1729],[89.3153,23.1673],[89.3295,23.1833],[89.3283,23.1705],[89.3383,23.1647],[89.3206,23.1661],[89.3282,23.1502],[89.3223,23.1462],[89.3571,23.1344],[89.3718,23.1388],[89.3812,23.1294],[89.3889,23.104],[89.3828,23.0847],[89.3766,23.0882],[89.3816,23.0969],[89.3717,23.0978],[89.3651,23.1106],[89.3523,23.1116],[89.3421,23.0947],[89.3071,23.0978],[89.2976,23.0869],[89.2768,23.0912],[89.2733,23.104],[89.2665,23.1071],[89.261,23.095],[89.2334,23.0928],[89.2332,23.0871],[89.2287,23.0911],[89.2107,23.0714],[89.2043,23.0932],[89.1846,23.0933],[89.1824,23.0875],[89.1703,23.0969],[89.153,23.0852],[89.1485,23.1043],[89.1527,23.1112],[89.1356,23.1138],[89.1274,23.1217],[89.139,23.1292],[89.1091,23.138],[89.1001,23.1639],[89.1011,23.1829],[89.1123,23.1901],[89.1107,23.2104],[89.1164,23.2145],[89.1027,23.2464],[89.1099,23.2563],[89.1291,23.2611],[89.1316,23.2793],[89.1445,23.2758],[89.1463,23.2869],[89.1597,23.2824],[89.1687,23.2842],[89.1698,23.291],[89.1998,23.2915],[89.2069,23.3021],[89.208,23.3266],[89.2478,23.2965],[89.2459,23.2827]]]}},{"type":"Feature","properties":{"unit_id":"BD40410023","level":"upazila","name_en":"Jhikargachha","name_bn":"Jhikargachha","division":"Khulna"},"geometry":{"type":"Polygon","coordinates":[[[89.1001,23.1639],[89.109,23.1382],[89.1389,23.1294],[89.1274,23.1217],[89.1356,23.1138],[89.1527,23.1112],[89.1485,23.1043],[89.1549,23.0915],[89.1491,23.0841],[89.1437,23.0907],[89.111,23.0876],[89.1131,23.0678],[89.0951,23.046],[89.1029,23.0309],[89.0927,23.0286],[89.069,22.9929],[89.0739,22.9775],[89.1025,22.9917],[89.1196,22.9894],[89.1206,22.9743],[89.1093,22.9732],[89.1101,22.9643],[89.0923,22.965],[89.0956,22.9556],[89.0711,22.9318],[89.0582,22.9356],[89.0485,22.9301],[89.0441,22.9426],[89.0365,22.9288],[89.0146,22.9456],[88.9916,22.9438],[88.9841,22.9745],[88.9924,22.9847],[88.9895,22.994],[88.9974,22.9934],[89.003,23.0008],[88.9999,23.007],[89.009,23.0237],[89.0008,23.0318],[89.0049,23.0482],[88.9991,23.0644],[88.9994,23.0875],[89.0058,23.0919],[88.9952,23.0991],[89.0086,23.1042],[89.0027,23.1334],[89.0127,23.1386],[89.0059,23.1461],[88.9999,23.1404],[88.9931,23.1487],[89.0066,23.1707],[89.0001,23.1863],[89.005,23.1943],[88.9921,23.2036],[89.0017,23.2107],[89.017,23.21],[89.0415,23.1985],[89.052,23.1852],[89.0311,23.1795],[89.0363,23.1719],[89.0739,23.1752],[89.0945,23.1948],[89.0917,23.189],[89.1021,23.1804],[89.1001,23.1639]]]}},{"type":"Feature","properties":{"unit_id":"BD40410038","level":"upazila","name_en":"Keshabpur","name_bn":"Keshabpur","division":"Khulna"},"geometry":{"type":"Polygon","coordinates":[[[89.2466,22.9317],[89.2429,22.9424],[89.279,22.9442],[89.2819,22.9326],[89.312,22.9332],[89.307,22.9293],[89.3013,22.9301],[89.3079,22.9214],[89.3287,22.9167],[89.3406,22.922],[89.3398,22.9116],[89.3572,22.8809],[89.3448,22.871],[89.358,22.8627],[89.3579,22.8551],[89.3504,22.8536],[89.3502,22.8334],[89.3244,22.8275],[89.3296,22.8386],[89.2964,22.843],[89.3102,22.8534],[89.2967,22.8543],[89.2882,22.8625],[89.286,22.849],[89.2668,22.8536],[89.2669,22.843],[89.255,22.8498],[89.2466,22.836],[89.2323,22.8315],[89.2336,22.8258],[89.2078,22.8191],[89.2021,22.8121],[89.1883,22.8163],[89.1775,22.8124],[89.1722,22.8198],[89.1627,22.8016],[89.1456,22.7962],[89.1426,22.8056],[89.1575,22.8114],[89.1597,22.8261],[89.1472,22.8363],[89.145,22.8261],[89.131,22.8329],[89.1226,22.8506],[89.129,22.8727],[89.1114,22.8866],[89.1104,22.8941],[89.1193,22.904],[89.1416,22.8923],[89.1302,22.9205],[89.1502,22.9221],[89.1477,22.9328],[89.1582,22.929],[89.158,22.9376],[89.1685,22.9293],[89.1743,22.9364],[89.1868,22.9331],[89.207,22.94],[89.2138,22.9354],[89.2235,22.9455],[89.2283,22.9361],[89.2466,22.9317]]]}},{"type":"Feature","properties":{"unit_id":"BD40410061","level":"upazila","name_en":"Manirampur","name_bn":"Manirampur","division":"Khulna"},"geometry":{"type":"Polygon","coordinates":[[[89.2981,23.0869],[89.3051,23.0929],[89.313,23.0864],[89.3175,23.0571],[89.3266,23.0532],[89.3311,23.0412],[89.3278,23.0298],[89.3372,23.0244],[89.338,22.9922],[89.3395,23.0109],[89.3565,23.0136],[89.3558,22.9831],[89.3693,22.9653],[89.3607,22.9379],[89.3522,22.9342],[89.3572,22.9234],[89.3287,22.9167],[89.3091,22.9211],[89.3013,22.9301],[89.312,22.9332],[89.2819,22.9326],[89.2776,22.9443],[89.2429,22.9424],[89.2466,22.9317],[89.2256,22.9371],[89.2235,22.9455],[89.2138,22.9354],[89.207,22.94],[89.1868,22.9331],[89.1743,22.9364],[89.1685,22.9293],[89.158,22.9376],[89.1582,22.929],[89.1485,22.9339],[89.1506,22.9229],[89.1447,22.9207],[89.1304,22.9206],[89.1145,22.9316],[89.1096,22.9384],[89.1142,22.9451],[89.0996,22.9384],[89.1081,22.9325],[89.1035,22.9238],[89.0834,22.9319],[89.079,22.9417],[89.0957,22.9559],[89.0923,22.965],[89.1101,22.9643],[89.1093,22.9732],[89.1213,22.9762],[89.1203,22.989],[89.1062,22.9922],[89.0739,22.9775],[89.069,22.9929],[89.0927,23.0286],[89.1029,23.0309],[89.0951,23.046],[89.1131,23.0678],[89.111,23.0876],[89.1437,23.0907],[89.1491,23.0841],[89.1703,23.0969],[89.1824,23.0875],[89.1841,23.0932],[89.1981,23.0946],[89.2083,23.088],[89.2051,23.0777],[89.2115,23.0713],[89.2287,23.0911],[89.2332,23.0871],[89.2334,23.0928],[89.261,23.095],[89.2665,23.1071],[89.2773,23.091],[89.2981,23.0869]]]}},{"type":"Feature","properties":{"unit_id":"BD40410090","level":"upazila","name_en":"Sharsha","name_bn":"Sharsha","division":"Khulna"},"geometry":{"type":"Polygon","coordinates":[[[89.005,23.1943],[89.0001,23.1863],[89.0066,23.17],[88.9931,23.1487],[88.9999,23.1404],[89.0059,23.1461],[89.0127,23.1386],[89.0027,23.1334],[89.0086,23.1042],[88.9952,23.0991],[89.0058,23.0919],[88.9994,23.0875],[88.9991,23.0644],[89.0049,23.0482],[89.0008,23.0318],[89.0089,23.0233],[88.9999,23.007],[89.003,23.0008],[88.9974,22.9934],[88.9895,22.994],[88.9924,22.9847],[88.984,22.9739],[88.9905,22.9431],[88.9859,22.9376],[88.9925,22.9319],[88.9936,22.918],[88.9769,22.9223],[88.9753,22.9166],[88.9702,22.9215],[88.9576,22.9133],[88.9508,22.9229],[88.9444,22.9117],[88.9304,22.9153],[88.9313,22.9199],[88.9197,22.9127],[88.9206,22.9238],[88.9083,22.9186],[88.8889,22.9293],[88.8935,22.9527],[88.8694,22.9511],[88.8594,22.9429],[88.857,22.9675],[88.871,22.9783],[88.8654,22.9988],[88.8461,23.0108],[88.8789,23.0041],[88.8729,23.018],[88.8842,23.0391],[88.8753,23.0449],[88.8736,23.0659],[88.8611,23.078],[88.8746,23.0901],[88.8683,23.1012],[88.8832,23.1045],[88.8833,23.1109],[88.9001,23.1127],[88.9103,23.1299],[88.9178,23.1297],[88.923,23.1449],[88.9306,23.1435],[88.9279,23.1629],[88.934,23.1623],[88.9387,23.1765],[88.9557,23.1823],[88.9618,23.1931],[88.9741,23.1928],[88.9797,23.1829],[88.9874,23.2039],[89.005,23.1943]]]}},{"type":"Feature","properties":{"unit_id":"BD40440014","level":"upazila","name_en":"Harinakundu","name_bn":"Harinakundu","division":"Khulna"},"geometry":{"type":"Polygon","coordinates":[[[89.0839,23.7583],[89.0833,23.7455],[89.0951,23.7416],[89.0999,23.7254],[89.1117,23.7358],[89.1184,23.7326],[89.1125,23.7083],[89.1235,23.6842],[89.1132,23.6792],[89.1079,23.667],[89.1355,23.6493],[89.1516,23.6498],[89.1447,23.6311],[89.1542,23.6226],[89.155,23.613],[89.1721,23.6053],[89.167,23.598],[89.1783,23.5881],[89.172,23.5743],[89.1701,23.5856],[89.1537,23.5901],[89.1491,23.5784],[89.1434,23.579],[89.1471,23.5704],[89.1328,23.5556],[89.1256,23.5599],[89.1272,23.5733],[89.1218,23.5748],[89.1205,23.5492],[89.1091,23.5498],[89.1021,23.5649],[89.1072,23.5711],[89.0941,23.5706],[89.0985,23.5829],[89.0874,23.5759],[89.0681,23.5906],[89.0552,23.5873],[89.0498,23.5716],[89.036,23.5762],[89.0446,23.5956],[89.03,23.5807],[89.0282,23.5664],[89.0131,23.5685],[89.003,23.5799],[88.9844,23.5755],[89.0077,23.6108],[89.009,23.6347],[89.0036,23.6418],[89.0122,23.6556],[89.0061,23.6722],[89.0107,23.7067],[89.0396,23.6946],[89.0529,23.7149],[89.0391,23.7248],[89.0479,23.7277],[89.0594,23.719],[89.076,23.7273],[89.0628,23.7359],[89.0534,23.7652],[89.0696,23.7716],[89.0699,23.7561],[89.0839,23.7583]]]}},{"type":"Feature","properties":{"unit_id":"BD40440019","level":"upazila","name_en":"Jhenaidah Sadar","name_bn":"Jhenaidah Sadar","division":"Khulna"},"geometry":{"type":"Polygon","coordinates":[[[89.2223,23.5906],[89.2318,23.5835],[89.2292,23.5738],[89.2415,23.5708],[89.2707,23.5801],[89.2682,23.5882],[89.2766,23.5948],[89.3027,23.5864],[89.3016,23.5788],[89.3161,23.5744],[89.3236,23.5646],[89.3147,23.5442],[89.3062,23.5401],[89.3035,23.5262],[89.3079,23.5176],[89.3037,23.5118],[89.3102,23.5076],[89.2989,23.4979],[89.309,23.4806],[89.3039,23.4544],[89.2834,23.4386],[89.273,23.435],[89.257,23.4406],[89.2553,23.4307],[89.2469,23.4306],[89.2405,23.4443],[89.2302,23.4469],[89.2041,23.4332],[89.1786,23.4334],[89.1537,23.4441],[89.134,23.4443],[89.1264,23.4683],[89.1153,23.464],[89.1123,23.4463],[89.0969,23.441],[89.0687,23.4641],[89.0499,23.4643],[89.0462,23.4764],[89.0366,23.4847],[89.0209,23.4851],[89.0003,23.5097],[88.9856,23.511],[88.9798,23.5039],[88.9677,23.5334],[88.9503,23.5442],[88.9412,23.542],[88.9476,23.5527],[88.9756,23.5465],[88.9749,23.5592],[88.9961,23.5792],[89.0282,23.5664],[89.03,23.5807],[89.0425,23.5956],[89.036,23.5762],[89.0498,23.5716],[89.0552,23.5873],[89.0681,23.5906],[89.0874,23.5759],[89.0985,23.5829],[89.0929,23.573],[89.1072,23.5711],[89.1022,23.564],[89.1147,23.549],[89.122,23.5509],[89.1218,23.5748],[89.1272,23.5733],[89.1256,23.5599],[89.1328,23.5556],[89.1471,23.5704],[89.1434,23.579],[89.1491,23.5784],[89.1537,23.5901],[89.1701,23.5856],[89.172,23.5743],[89.1779,23.5878],[89.1922,23.5849],[89.1885,23.5984],[89.2055,23.5889],[89.2223,23.5906]]]}},{"type":"Feature","properties":{"unit_id":"BD40440033","level":"upazila","name_en":"Kaliganj","name_bn":"Kaliganj","division":"Khulna"},"geometry":{"type":"Polygon","coordinates":[[[89.1354,23.4437],[89.2039,23.4331],[89.2305,23.4469],[89.2405,23.4443],[89.2427,23.4324],[89.261,23.4343],[89.2724,23.4285],[89.2554,23.4152],[89.2616,23.4087],[89.2495,23.4025],[89.2525,23.3958],[89.2463,23.3932],[89.2508,23.3831],[89.2444,23.3767],[89.2587,23.3691],[89.2493,23.361],[89.2532,23.345],[89.2344,23.3457],[89.2465,23.3344],[89.2446,23.3281],[89.233,23.3232],[89.2265,23.3274],[89.2132,23.3193],[89.208,23.3266],[89.2069,23.3021],[89.1998,23.2915],[89.1698,23.291],[89.1687,23.2842],[89.1597,23.2824],[89.1465,23.287],[89.1443,23.2757],[89.1129,23.2812],[89.1056,23.2989],[89.1016,23.2952],[89.0816,23.3093],[89.0615,23.3046],[89.0486,23.2915],[89.045,23.2956],[89.0652,23.3108],[89.0621,23.3296],[89.0516,23.3364],[89.0718,23.3533],[89.0664,23.3631],[89.0557,23.357],[89.0404,23.3599],[89.0423,23.3716],[89.0536,23.3837],[89.0508,23.3953],[89.059,23.396],[89.0609,23.4057],[89.0673,23.4043],[89.0696,23.4162],[89.0832,23.418],[89.0718,23.4335],[89.082,23.4308],[89.0917,23.4455],[89.1062,23.4418],[89.1142,23.4495],[89.1153,23.4641],[89.1263,23.4664],[89.1354,23.4437]]]}},{"type":"Feature","properties":{"unit_id":"BD40440042","level":"upazila","name_en":"Kotchandpur","name_bn":"Kotchandpur","division":"Khulna"},"geometry":{"type":"Polygon","coordinates":[[[88.9703,23.5173],[88.9769,23.5158],[88.9798,23.5039],[88.9856,23.511],[89.0003,23.5097],[89.0209,23.4851],[89.0366,23.4847],[89.0462,23.4764],[89.0499,23.4643],[89.0687,23.4641],[89.0914,23.4454],[89.082,23.4308],[89.0716,23.4333],[89.0832,23.418],[89.0696,23.4162],[89.0673,23.4043],[89.0609,23.4057],[89.059,23.396],[89.0508,23.3953],[89.0536,23.3837],[89.0452,23.3726],[89.0247,23.3715],[89.0116,23.382],[89.0084,23.4071],[88.9992,23.4006],[88.9914,23.3778],[88.9851,23.3813],[88.9914,23.3991],[88.9694,23.3933],[88.9582,23.4014],[88.9456,23.4004],[88.9332,23.4213],[88.9362,23.432],[88.9459,23.4309],[88.9451,23.4399],[88.9342,23.4436],[88.9188,23.4379],[88.9312,23.4473],[88.9297,23.4598],[88.9369,23.4605],[88.9362,23.4689],[88.9454,23.4791],[88.9456,23.5184],[88.9593,23.5269],[88.9601,23.5363],[88.9709,23.5272],[88.9703,23.5173]]]}},{"type":"Feature","properties":{"unit_id":"BD40440071","level":"upazila","name_en":"Maheshpur","name_bn":"Maheshpur","division":"Khulna"},"geometry":{"type":"Polygon","coordinates":[[[88.9646,23.3939],[88.9914,23.3991],[88.9851,23.3813],[88.9914,23.3778],[88.9992,23.4006],[89.0084,23.4071],[89.0108,23.3835],[89.0227,23.3735],[89.0125,23.3675],[89.0345,23.3544],[89.0084,23.3407],[88.9798,23.3444],[88.9615,23.3293],[88.9677,23.3124],[88.9618,23.3048],[88.9654,23.2992],[88.9817,23.2978],[88.9817,23.2967],[88.9797,23.2943],[88.9799,23.2932],[88.9881,23.2945],[88.9877,23.2814],[88.9758,23.282],[88.9606,23.2729],[88.9334,23.2843],[88.9211,23.2768],[88.9,23.28],[88.9174,23.2718],[88.9054,23.2578],[88.9143,23.2512],[88.893,23.2483],[88.8926,23.2323],[88.8859,23.2261],[88.8731,23.2346],[88.8449,23.2312],[88.8367,23.2438],[88.8246,23.2333],[88.828,23.2454],[88.8116,23.2567],[88.806,23.2386],[88.8113,23.2216],[88.7907,23.2186],[88.7744,23.2251],[88.7783,23.2354],[88.7694,23.2452],[88.752,23.2406],[88.7184,23.2546],[88.7237,23.2729],[88.7119,23.2775],[88.7084,23.2906],[88.6977,23.2921],[88.6966,23.3025],[88.7111,23.3127],[88.7066,23.3037],[88.7251,23.2992],[88.7248,23.3178],[88.7299,23.3199],[88.731,23.3089],[88.7444,23.3068],[88.749,23.3217],[88.7323,23.3276],[88.7385,23.3434],[88.7325,23.3529],[88.746,23.349],[88.7475,23.3618],[88.7589,23.3606],[88.7633,23.372],[88.7755,23.3792],[88.7745,23.3694],[88.7848,23.3832],[88.8008,23.3765],[88.8153,23.3906],[88.8256,23.3813],[88.8354,23.3917],[88.8523,23.3778],[88.8566,23.3866],[88.8554,23.3784],[88.863,23.3787],[88.8769,23.3921],[88.8814,23.4096],[88.8887,23.4067],[88.9011,23.4134],[88.9178,23.4078],[88.9195,23.417],[88.9113,23.419],[88.9217,23.4188],[88.9646,23.3939]]]}},{"type":"Feature","properties":{"unit_id":"BD40440080","level":"upazila","name_en":"Shailkupa","name_bn":"Shailkupa","division":"Khulna"},"geometry":{"type":"Polygon","coordinates":[[[89.2672,23.743],[89.3074,23.7347],[89.3221,23.7038],[89.3492,23.6828],[89.3488,23.6721],[89.3764,23.6641],[89.3662,23.6461],[89.3549,23.6393],[89.3531,23.6166],[89.341,23.5886],[89.3451,23.5785],[89.3386,23.569],[89.3216,23.5661],[89.3161,23.5744],[89.3016,23.5788],[89.3027,23.5864],[89.2766,23.5948],[89.2682,23.5882],[89.2707,23.5801],[89.2415,23.5708],[89.2292,23.5738],[89.2318,23.5835],[89.2223,23.5906],[89.2058,23.5874],[89.1938,23.5982],[89.1884,23.5984],[89.1918,23.5843],[89.1784,23.5873],[89.167,23.598],[89.1721,23.6053],[89.155,23.613],[89.1542,23.6226],[89.1445,23.6317],[89.1516,23.6498],[89.1355,23.6493],[89.1086,23.6656],[89.1132,23.6792],[89.1235,23.6842],[89.1184,23.6943],[89.1273,23.7218],[89.1386,23.7261],[89.157,23.721],[89.1598,23.736],[89.1799,23.75],[89.198,23.7434],[89.2152,23.7593],[89.2331,23.7561],[89.2484,23.7641],[89.2672,23.743]]]}},{"type":"Feature","properties":{"unit_id":"BD40470012","level":"upazila","name_en":"Batiaghata","name_bn":"Batiaghata","division":"Khulna"},"geometry":{"type":"Polygon","coordinates":[[[89.5067,22.8028],[89.5376,22.8086],[89.5437,22.7965],[89.557,22.7928],[89.5613,22.7986],[89.5757,22.7689],[89.5709,22.7623],[89.5829,22.7652],[89.6096,22.755],[89.5978,22.7368],[89.5979,22.7205],[89.5848,22.7164],[89.5892,22.7085],[89.6013,22.7087],[89.6024,22.7],[89.5691,22.6908],[89.5802,22.6673],[89.5582,22.6789],[89.5478,22.6634],[89.5549,22.6389],[89.5383,22.6274],[89.5312,22.6082],[89.52,22.6268],[89.4815,22.6496],[89.4753,22.6435],[89.4574,22.6449],[89.4562,22.6366],[89.4329,22.6463],[89.4083,22.6421],[89.3988,22.6682],[89.4001,22.6736],[89.4232,22.6756],[89.4249,22.6584],[89.4339,22.6578],[89.4327,22.6753],[89.4575,22.7072],[89.4683,22.7062],[89.4604,22.7369],[89.4732,22.7589],[89.4709,22.7682],[89.4843,22.786],[89.4849,22.8092],[89.5051,22.8101],[89.5067,22.8028]]]}},{"type":"Feature","properties":{"unit_id":"BD40470017","level":"upazila","name_en":"Dacope","name_bn":"Dacope","division":"Khulna"},"geometry":{"type":"Polygon","coordinates":[[[89.5336,22.5991],[89.5651,22.5621],[89.5827,22.5094],[89.5952,22.4403],[89.6154,22.4019],[89.626,22.3607],[89.6258,22.3331],[89.5871,22.2743],[89.5916,22.2374],[89.5472,22.206],[89.5513,22.1864],[89.5862,22.1385],[89.59,22.1106],[89.5542,22.0115],[89.5434,21.955],[89.5508,21.9359],[89.5753,21.9077],[89.5533,21.8579],[89.5491,21.8299],[89.5677,21.8],[89.6224,21.7479],[89.6131,21.7055],[89.6375,21.6638],[89.5417,21.6635],[89.5083,21.6793],[89.4975,21.6924],[89.5132,21.7237],[89.5112,21.8186],[89.5255,21.9072],[89.5225,21.9611],[89.5056,22.0147],[89.5288,22.0737],[89.4734,22.2053],[89.4733,22.2399],[89.4886,22.2742],[89.465,22.3157],[89.4329,22.3535],[89.4447,22.3915],[89.4312,22.4177],[89.4204,22.4976],[89.4095,22.5181],[89.4238,22.547],[89.4007,22.574],[89.4604,22.6252],[89.4574,22.6449],[89.4753,22.6435],[89.4815,22.6496],[89.5215,22.6254],[89.5336,22.5991]]]}},{"type":"Feature","properties":{"unit_id":"BD40470040","level":"upazila","name_en":"Dighalia","name_bn":"Dighalia","division":"Khulna"},"geometry":{"type":"MultiPolygon","coordinates":[[[[89.5715,22.9188],[89.5662,22.9011],[89.5698,22.8682],[89.5634,22.8513],[89.5558,22.8513],[89.5501,22.8692],[89.5276,22.8704],[89.5143,22.9277],[89.5224,22.9434],[89.5559,22.9623],[89.5661,22.9929],[89.5863,22.9861],[89.5851,22.9771],[89.6121,22.9555],[89.6101,22.9296],[89.5715,22.9188]]],[[[89.5124,22.8944],[89.4986,22.8974],[89.4929,22.8862],[89.5152,22.8753],[89.5014,22.8617],[89.4839,22.8845],[89.4789,22.9039],[89.4966,22.9002],[89.5064,22.9101],[89.5124,22.8944]]]]}},{"type":"Feature","properties":{"unit_id":"BD40470030","level":"upazila","name_en":"Dumuria","name_bn":"Dumuria","division":"Khulna"},"geometry":{"type":"Polygon","coordinates":[[[89.3856,22.9158],[89.3991,22.9253],[89.4114,22.9165],[89.4626,22.9235],[89.4595,22.915],[89.4798,22.9033],[89.4839,22.8845],[89.5133,22.8482],[89.5169,22.8328],[89.5374,22.8166],[89.5351,22.8047],[89.5235,22.8092],[89.5067,22.8028],[89.5069,22.8102],[89.4849,22.8092],[89.4843,22.786],[89.4709,22.7682],[89.4732,22.7589],[89.4604,22.7369],[89.4683,22.7062],[89.4575,22.7072],[89.4327,22.6753],[89.4322,22.657],[89.4246,22.6589],[89.4232,22.6756],[89.3988,22.6714],[89.3813,22.6759],[89.3758,22.6857],[89.3554,22.6958],[89.3541,22.7047],[89.3279,22.7177],[89.3318,22.7283],[89.3114,22.7495],[89.3103,22.7649],[89.2995,22.7723],[89.2989,22.7877],[89.2901,22.7954],[89.2714,22.7901],[89.2653,22.8119],[89.2507,22.8084],[89.2464,22.813],[89.2572,22.8326],[89.2466,22.836],[89.2511,22.8472],[89.2674,22.8431],[89.2667,22.8535],[89.2756,22.8547],[89.286,22.849],[89.2882,22.8625],[89.2967,22.8543],[89.3102,22.8534],[89.2964,22.843],[89.3296,22.8386],[89.3244,22.8275],[89.3476,22.8311],[89.3506,22.8542],[89.3579,22.8551],[89.358,22.8627],[89.3448,22.871],[89.3572,22.8809],[89.3398,22.9116],[89.3406,22.922],[89.3628,22.9242],[89.3683,22.9343],[89.3835,22.9329],[89.3856,22.9158]]]}},{"type":"Feature","properties":{"unit_id":"BD40470053","level":"upazila","name_en":"Koyra","name_bn":"Koyra","division":"Khulna"},"geometry":{"type":"Polygon","coordinates":[[[89.3426,22.4943],[89.3527,22.4953],[89.3401,22.4756],[89.3433,22.4697],[89.3526,22.4784],[89.3918,22.4651],[89.3935,22.4763],[89.4203,22.4767],[89.4312,22.4177],[89.4447,22.3915],[89.4329,22.3535],[89.465,22.3157],[89.4886,22.2742],[89.4733,22.2399],[89.4734,22.2053],[89.5288,22.0737],[89.5056,22.0147],[89.5254,21.9328],[89.5112,21.8186],[89.5132,21.7237],[89.4975,21.6925],[89.4687,21.677],[89.3489,21.6709],[89.3357,21.6752],[89.3218,21.693],[89.3095,21.8495],[89.3384,21.8809],[89.3701,21.8951],[89.3727,21.9165],[89.3619,21.9478],[89.3228,21.9912],[89.2862,22.0611],[89.3029,22.0818],[89.3028,22.0917],[89.2948,22.0966],[89.2636,22.0855],[89.2786,22.141],[89.3226,22.1923],[89.3068,22.2158],[89.3104,22.2342],[89.2904,22.2551],[89.3162,22.2741],[89.3183,22.2816],[89.3103,22.2871],[89.2825,22.2858],[89.2775,22.3086],[89.2507,22.3385],[89.2525,22.3455],[89.274,22.3458],[89.2645,22.3759],[89.2395,22.37],[89.2363,22.378],[89.2569,22.3977],[89.2404,22.4273],[89.2446,22.4465],[89.2581,22.4516],[89.2562,22.4654],[89.2856,22.4751],[89.2562,22.4943],[89.2801,22.5048],[89.2953,22.5031],[89.3027,22.5142],[89.3243,22.5224],[89.3246,22.505],[89.3426,22.4943]]]}},{"type":"Feature","properties":{"unit_id":"BD40470064","level":"upazila","name_en":"Paikgachha","name_bn":"Paikgachha","division":"Khulna"},"geometry":{"type":"Polygon","coordinates":[[[89.2845,22.6973],[89.3006,22.6819],[89.3085,22.6925],[89.3037,22.7032],[89.3075,22.7148],[89.3394,22.7152],[89.3796,22.677],[89.3988,22.6714],[89.4083,22.6421],[89.4329,22.6463],[89.4562,22.6366],[89.4604,22.6252],[89.4007,22.574],[89.4238,22.547],[89.4095,22.5222],[89.4204,22.4976],[89.4203,22.4767],[89.3935,22.4763],[89.3918,22.4651],[89.3526,22.4784],[89.3433,22.4697],[89.3401,22.4756],[89.3527,22.4953],[89.3426,22.4943],[89.3246,22.505],[89.33,22.5167],[89.325,22.5224],[89.3027,22.5142],[89.2953,22.5031],[89.2801,22.5048],[89.255,22.4957],[89.2488,22.5301],[89.2355,22.5513],[89.2439,22.567],[89.2606,22.5723],[89.2651,22.5986],[89.2439,22.6077],[89.2458,22.6172],[89.2609,22.6195],[89.2436,22.6382],[89.2527,22.6582],[89.2602,22.6581],[89.2662,22.6475],[89.2636,22.6322],[89.2865,22.621],[89.276,22.6309],[89.3032,22.6489],[89.2616,22.6673],[89.2615,22.7173],[89.2657,22.6956],[89.2845,22.6973]]]}},{"type":"Feature","properties":{"unit_id":"BD40470069","level":"upazila","name_en":"Phultala","name_bn":"Phultala","division":"Khulna"},"geometry":{"type":"Polygon","coordinates":[[[89.4773,22.9792],[89.483,22.9539],[89.5148,22.9285],[89.5195,22.9093],[89.5003,22.9091],[89.4966,22.9002],[89.479,22.9039],[89.4595,22.915],[89.4627,22.9233],[89.4577,22.9246],[89.4114,22.9165],[89.3991,22.9253],[89.3856,22.9158],[89.387,22.9329],[89.3957,22.934],[89.3947,22.9431],[89.4266,22.9584],[89.429,22.9969],[89.4388,23.0083],[89.456,23.0114],[89.4773,22.9792]]]}},{"type":"Feature","properties":{"unit_id":"BD40470075","level":"upazila","name_en":"Rupsa","name_bn":"Rupsa","division":"Khulna"},"geometry":{"type":"Polygon","coordinates":[[[89.7178,22.8483],[89.7156,22.8369],[89.7085,22.8233],[89.6792,22.8163],[89.6755,22.7954],[89.6656,22.7992],[89.661,22.7748],[89.6542,22.7714],[89.6567,22.7556],[89.6466,22.7521],[89.6433,22.7734],[89.6311,22.7627],[89.6197,22.7732],[89.6104,22.7719],[89.6071,22.7578],[89.5815,22.7655],[89.5709,22.7623],[89.582,22.77],[89.5853,22.7899],[89.5803,22.8113],[89.5582,22.8265],[89.5558,22.8513],[89.5778,22.8559],[89.6121,22.8465],[89.6093,22.8315],[89.6248,22.838],[89.6292,22.8331],[89.645,22.8529],[89.6517,22.8481],[89.6611,22.8545],[89.6609,22.8756],[89.6864,22.88],[89.6872,22.8871],[89.6987,22.8649],[89.7178,22.8483]]]}},{"type":"Feature","properties":{"unit_id":"BD40470094","level":"upazila","name_en":"Terokhada","name_bn":"Terokhada","division":"Khulna"},"geometry":{"type":"Polygon","coordinates":[[[89.6764,22.9706],[89.6924,22.9803],[89.7095,22.9746],[89.7362,22.9774],[89.7433,22.9675],[89.7546,22.969],[89.7501,22.9473],[89.7269,22.9237],[89.7279,22.9184],[89.7418,22.9238],[89.7215,22.9043],[89.7295,22.897],[89.7117,22.8908],[89.7199,22.8838],[89.7,22.8771],[89.6872,22.8871],[89.6864,22.88],[89.6609,22.8756],[89.6611,22.8545],[89.6517,22.8481],[89.645,22.8529],[89.6292,22.8331],[89.6248,22.838],[89.6093,22.8315],[89.6093,22.848],[89.6015,22.8457],[89.5767,22.856],[89.5644,22.8529],[89.5717,22.9192],[89.5922,22.9206],[89.5962,22.9281],[89.6104,22.9299],[89.6193,22.973],[89.6283,22.9621],[89.6491,22.9702],[89.6523,22.9829],[89.6718,22.9803],[89.6764,22.9706]]]}},{"type":"Feature","properties":{"unit_id":"BD40500015","level":"upazila","name_en":"Bheramara","name_bn":"Bheramara","division":"Khulna"},"geometry":{"type":"Polygon","coordinates":[[[89.0583,23.9977],[89.0362,23.9907],[89.0201,23.9928],[89.0143,23.9867],[88.9912,23.9874],[88.98,24.0027],[88.9185,24.0266],[88.9249,24.0365],[88.9091,24.0504],[88.9238,24.0757],[88.9238,24.1218],[88.9367,24.1312],[89.0118,24.1113],[89.0583,23.9977]]]}},{"type":"Feature","properties":{"unit_id":"BD40500039","level":"upazila","name_en":"Daulatpur","name_bn":"Daulatpur","division":"Khulna"},"geometry":{"type":"Polygon","coordinates":[[[88.7751,24.1533],[88.8062,24.1297],[88.8266,24.1256],[88.8451,24.1312],[88.8577,24.1141],[88.8809,24.1209],[88.8805,24.1063],[88.9096,24.1169],[88.9064,24.1271],[88.9211,24.133],[88.9167,24.1228],[88.9266,24.1156],[88.9244,24.079],[88.9091,24.0504],[88.9231,24.0405],[88.9222,24.023],[88.9629,24.0115],[88.97,23.9883],[88.9465,23.9655],[88.959,23.9402],[88.9556,23.925],[88.9241,23.9093],[88.8873,23.9059],[88.8815,23.8768],[88.8679,23.8777],[88.8543,23.8686],[88.8378,23.8768],[88.8391,23.8832],[88.8653,23.8836],[88.873,23.9075],[88.8616,23.924],[88.8379,23.9378],[88.8279,23.939],[88.8174,23.9279],[88.8019,23.9744],[88.7836,23.9687],[88.7764,23.9477],[88.7611,23.9689],[88.7344,23.9629],[88.7383,23.9831],[88.7681,23.9851],[88.7585,24.0061],[88.7285,23.9965],[88.7421,24.0333],[88.7238,24.043],[88.7242,24.048],[88.7365,24.0486],[88.7268,24.0542],[88.7375,24.0618],[88.7234,24.0692],[88.7287,24.0995],[88.7205,24.1041],[88.701,24.0944],[88.7007,24.1075],[88.6941,24.111],[88.6985,24.1201],[88.7079,24.1191],[88.7464,24.147],[88.7312,24.1726],[88.7348,24.2195],[88.7822,24.1616],[88.7751,24.1533]]]}},{"type":"Feature","properties":{"unit_id":"BD40500063","level":"upazila","name_en":"Khoksa","name_bn":"Khoksa","division":"Khulna"},"geometry":{"type":"Polygon","coordinates":[[[89.3577,23.8765],[89.3638,23.8717],[89.3511,23.8626],[89.3508,23.8424],[89.3355,23.8306],[89.3267,23.7935],[89.3298,23.7785],[89.311,23.7758],[89.3101,23.7686],[89.3218,23.7678],[89.3154,23.7504],[89.2929,23.737],[89.2672,23.743],[89.2527,23.7642],[89.2454,23.7658],[89.2436,23.7825],[89.259,23.83],[89.2865,23.8273],[89.2911,23.8414],[89.2961,23.8413],[89.2903,23.8513],[89.2968,23.8538],[89.2875,23.8584],[89.3021,23.8703],[89.2942,23.874],[89.3174,23.8752],[89.3167,23.8799],[89.3457,23.8935],[89.3608,23.8846],[89.3577,23.8765]]]}},{"type":"Feature","properties":{"unit_id":"BD40500071","level":"upazila","name_en":"Kumarkhali","name_bn":"Kumarkhali","division":"Khulna"},"geometry":{"type":"Polygon","coordinates":[[[89.2134,23.9721],[89.2251,23.9773],[89.2334,23.9738],[89.2318,23.9467],[89.2432,23.938],[89.2533,23.9054],[89.3025,23.8904],[89.3174,23.8752],[89.2942,23.874],[89.3021,23.8703],[89.2875,23.8584],[89.2968,23.8538],[89.2903,23.8513],[89.2961,23.8413],[89.2911,23.8414],[89.2858,23.8268],[89.2593,23.8304],[89.2479,23.8067],[89.2498,23.7955],[89.245,23.7945],[89.244,23.7603],[89.2152,23.7593],[89.198,23.7434],[89.1799,23.75],[89.1672,23.7408],[89.15,23.7559],[89.1419,23.7559],[89.1402,23.7635],[89.1425,23.7814],[89.1552,23.7828],[89.1642,23.7923],[89.1531,23.8003],[89.152,23.8193],[89.144,23.8215],[89.1615,23.8334],[89.1496,23.8561],[89.1496,23.8684],[89.1574,23.8785],[89.1495,23.8912],[89.1537,23.9026],[89.1377,23.9121],[89.1647,23.926],[89.1655,23.9368],[89.1925,23.9511],[89.1886,23.9631],[89.1729,23.9693],[89.1757,23.9872],[89.2135,23.9871],[89.2134,23.9721]]]}},{"type":"Feature","properties":{"unit_id":"BD40500079","level":"upazila","name_en":"Kushtia Sadar","name_bn":"Kushtia Sadar","division":"Khulna"},"geometry":{"type":"Polygon","coordinates":[[[89.1922,23.9506],[89.1655,23.9368],[89.1647,23.926],[89.1377,23.9121],[89.1537,23.9026],[89.1495,23.8912],[89.1574,23.8785],[89.1496,23.8684],[89.1496,23.8561],[89.1615,23.8334],[89.144,23.8215],[89.152,23.8193],[89.1531,23.8003],[89.1642,23.7923],[89.1552,23.7828],[89.1425,23.7814],[89.1402,23.7635],[89.1419,23.7559],[89.15,23.7559],[89.167,23.7371],[89.1598,23.736],[89.157,23.721],[89.1386,23.7261],[89.1273,23.7218],[89.1185,23.6943],[89.1125,23.7083],[89.1173,23.7342],[89.1109,23.7355],[89.0999,23.7254],[89.0951,23.7416],[89.0833,23.7455],[89.0839,23.7583],[89.0693,23.7564],[89.0708,23.7704],[89.0611,23.7709],[89.0534,23.7652],[89.0534,23.7569],[89.0635,23.7348],[89.0758,23.7266],[89.0594,23.719],[89.0479,23.7277],[89.0406,23.7257],[89.0383,23.7218],[89.0526,23.7132],[89.0396,23.6946],[89.027,23.6964],[89.0075,23.7237],[89.0065,23.7468],[88.991,23.7525],[89.006,23.7817],[89.0046,23.7883],[89.0014,23.7824],[88.9886,23.7861],[89.0001,23.8208],[89.0117,23.8254],[89.01,23.8335],[89.0178,23.8339],[89.0199,23.8519],[89.0537,23.8647],[89.0551,23.8798],[89.0875,23.8799],[89.0722,23.8976],[89.0919,23.9096],[89.0805,23.9203],[89.0807,23.9313],[89.0849,23.9456],[89.1017,23.9485],[89.1008,23.9568],[89.0938,23.9569],[89.0957,23.9637],[89.1451,23.9641],[89.1494,23.9532],[89.158,23.9527],[89.1832,23.9673],[89.1922,23.9506]]]}},{"type":"Feature","properties":{"unit_id":"BD40500094","level":"upazila","name_en":"Mirpur","name_bn":"Mirpur","division":"Khulna"},"geometry":{"type":"Polygon","coordinates":[[[88.9912,23.9874],[89.0143,23.9867],[89.0201,23.9928],[89.0362,23.9907],[89.0583,23.9977],[89.0707,23.979],[89.0946,23.973],[89.0937,23.9572],[89.1008,23.9568],[89.1017,23.9485],[89.0849,23.9456],[89.0807,23.9313],[89.0805,23.9203],[89.0919,23.9096],[89.0722,23.8976],[89.0877,23.8803],[89.0551,23.8798],[89.0517,23.8627],[89.0446,23.865],[89.0199,23.8519],[89.0178,23.8339],[89.01,23.8335],[89.0117,23.8254],[89.0001,23.8208],[88.9881,23.7852],[88.9771,23.7889],[88.9732,23.8016],[88.9629,23.8093],[88.9539,23.8085],[88.9474,23.7989],[88.938,23.8037],[88.9397,23.7949],[88.9335,23.7968],[88.9245,23.7864],[88.9125,23.7837],[88.9234,23.8181],[88.9072,23.8373],[88.895,23.8272],[88.8763,23.8334],[88.8621,23.8279],[88.8586,23.8359],[88.8638,23.8537],[88.8836,23.8698],[88.8873,23.9059],[88.9241,23.9093],[88.9556,23.925],[88.959,23.9402],[88.9465,23.9655],[88.9697,23.9873],[88.9634,24.0002],[88.967,24.0094],[88.9912,23.9874]]]}},{"type":"Feature","properties":{"unit_id":"BD40550057","level":"upazila","name_en":"Magura Sadar","name_bn":"Magura Sadar","division":"Khulna"},"geometry":{"type":"Polygon","coordinates":[[[89.3446,23.5607],[89.4016,23.5589],[89.4137,23.554],[89.4173,23.5397],[89.4444,23.5364],[89.4554,23.5419],[89.464,23.5291],[89.455,23.5159],[89.4718,23.5328],[89.4852,23.5256],[89.4978,23.5365],[89.5105,23.5322],[89.4925,23.516],[89.4886,23.5037],[89.4918,23.4812],[89.5074,23.4706],[89.4895,23.4446],[89.499,23.4403],[89.488,23.4382],[89.491,23.4193],[89.5043,23.4151],[89.4998,23.4064],[89.505,23.3911],[89.5144,23.3919],[89.5242,23.3783],[89.5142,23.3627],[89.5172,23.3379],[89.5006,23.3415],[89.4999,23.3224],[89.4911,23.3163],[89.4872,23.3232],[89.4772,23.3237],[89.4627,23.3105],[89.4495,23.3132],[89.4518,23.3369],[89.4419,23.3352],[89.4201,23.3509],[89.4246,23.3625],[89.4043,23.3654],[89.3964,23.3756],[89.3998,23.3932],[89.3932,23.3944],[89.3887,23.3825],[89.3783,23.3835],[89.3723,23.3766],[89.3646,23.3818],[89.3666,23.3924],[89.3561,23.3988],[89.3537,23.4096],[89.3283,23.4161],[89.3244,23.4322],[89.3033,23.4405],[89.2934,23.4345],[89.2944,23.4435],[89.2876,23.4435],[89.3017,23.4516],[89.3025,23.4661],[89.3084,23.4697],[89.3071,23.4893],[89.2989,23.4979],[89.3102,23.5076],[89.3037,23.5118],[89.3062,23.5401],[89.3147,23.5442],[89.3225,23.5668],[89.3386,23.569],[89.3446,23.5607]]]}},{"type":"Feature","properties":{"unit_id":"BD40550066","level":"upazila","name_en":"Mohammadpur","name_bn":"Mohammadpur","division":"Khulna"},"geometry":{"type":"Polygon","coordinates":[[[89.6059,23.4721],[89.6008,23.4416],[89.6128,23.3834],[89.5985,23.3802],[89.6121,23.3442],[89.6048,23.3346],[89.6205,23.308],[89.6054,23.3118],[89.6053,23.3194],[89.5605,23.3191],[89.5553,23.3069],[89.5352,23.3017],[89.521,23.2784],[89.51,23.2882],[89.5015,23.2857],[89.4963,23.296],[89.4796,23.2973],[89.4845,23.3125],[89.4999,23.3224],[89.5006,23.3415],[89.5166,23.3368],[89.5142,23.3627],[89.5242,23.3783],[89.5144,23.3919],[89.505,23.3911],[89.4998,23.4064],[89.5043,23.4151],[89.491,23.4193],[89.488,23.4393],[89.499,23.4403],[89.4895,23.4446],[89.5061,23.4752],[89.5136,23.4787],[89.5076,23.4939],[89.5195,23.5129],[89.5759,23.4961],[89.6059,23.4721]]]}},{"type":"Feature","properties":{"unit_id":"BD40550085","level":"upazila","name_en":"Shalikha","name_bn":"Shalikha","division":"Khulna"},"geometry":{"type":"Polygon","coordinates":[[[89.2934,23.4345],[89.3033,23.4405],[89.3244,23.4322],[89.3283,23.4161],[89.3537,23.4096],[89.3561,23.3988],[89.3666,23.3924],[89.3646,23.3818],[89.3723,23.3766],[89.3783,23.3835],[89.3887,23.3825],[89.3932,23.3944],[89.3998,23.3932],[89.3964,23.3756],[89.4043,23.3654],[89.4246,23.3625],[89.4201,23.3509],[89.4419,23.3352],[89.4518,23.3369],[89.4495,23.3132],[89.4627,23.3105],[89.4772,23.3237],[89.4875,23.323],[89.4911,23.3163],[89.4779,23.295],[89.4814,23.2837],[89.4633,23.283],[89.4621,23.2669],[89.4548,23.2583],[89.4311,23.2568],[89.3732,23.2887],[89.3684,23.3026],[89.3455,23.2836],[89.3373,23.3053],[89.3233,23.3005],[89.3161,23.3249],[89.307,23.3188],[89.3017,23.331],[89.2828,23.3407],[89.2838,23.3497],[89.2736,23.354],[89.275,23.3672],[89.2443,23.377],[89.2508,23.3831],[89.2492,23.4021],[89.2616,23.4087],[89.2551,23.4146],[89.2724,23.4281],[89.2566,23.4334],[89.257,23.4406],[89.273,23.435],[89.2921,23.4439],[89.2934,23.4345]]]}},{"type":"Feature","properties":{"unit_id":"BD40550095","level":"upazila","name_en":"Sreepur","name_bn":"Sreepur","division":"Khulna"},"geometry":{"type":"Polygon","coordinates":[[[89.4371,23.6466],[89.4421,23.6396],[89.473,23.6349],[89.4863,23.6249],[89.4873,23.6172],[89.4725,23.5971],[89.4856,23.5936],[89.4992,23.579],[89.5077,23.5475],[89.5375,23.5386],[89.5351,23.5301],[89.5115,23.5282],[89.4978,23.5365],[89.4848,23.5256],[89.4718,23.5328],[89.455,23.5159],[89.464,23.5305],[89.4543,23.5423],[89.4444,23.5364],[89.4173,23.5397],[89.4137,23.554],[89.4016,23.5589],[89.3396,23.5629],[89.3549,23.6393],[89.3765,23.6629],[89.366,23.6639],[89.3659,23.6686],[89.3794,23.669],[89.3811,23.6765],[89.4068,23.6842],[89.4428,23.656],[89.4371,23.6466]]]}},{"type":"Feature","properties":{"unit_id":"BD40570047","level":"upazila","name_en":"Gangni","name_bn":"Gangni","division":"Khulna"},"geometry":{"type":"Polygon","coordinates":[[[88.8279,23.939],[88.8379,23.9378],[88.857,23.9277],[88.8719,23.9104],[88.8668,23.885],[88.8391,23.8832],[88.8378,23.8768],[88.8494,23.8688],[88.8696,23.8782],[88.8815,23.8768],[88.8839,23.8708],[88.8638,23.8537],[88.8586,23.8319],[88.8485,23.8317],[88.8432,23.8199],[88.8323,23.8151],[88.8179,23.7718],[88.7969,23.7687],[88.792,23.7731],[88.7833,23.7385],[88.7596,23.7362],[88.7575,23.7458],[88.7416,23.7463],[88.7376,23.7555],[88.7284,23.7506],[88.7119,23.7585],[88.7178,23.7656],[88.7038,23.7751],[88.7032,23.7859],[88.693,23.7893],[88.6901,23.809],[88.6974,23.8066],[88.702,23.8155],[88.6927,23.8388],[88.6993,23.8425],[88.6944,23.8532],[88.6736,23.8554],[88.6675,23.8521],[88.6741,23.8493],[88.6731,23.8407],[88.6521,23.8377],[88.6442,23.8415],[88.6504,23.8533],[88.6419,23.8688],[88.6674,23.8696],[88.6643,23.8823],[88.6832,23.8891],[88.6883,23.9013],[88.7044,23.8996],[88.6993,23.9102],[88.7066,23.9164],[88.7333,23.911],[88.7349,23.9331],[88.7433,23.9301],[88.7424,23.9515],[88.7344,23.9629],[88.7611,23.9689],[88.7765,23.9477],[88.7836,23.9687],[88.7993,23.9751],[88.809,23.9639],[88.8174,23.9279],[88.8279,23.939]]]}},{"type":"Feature","properties":{"unit_id":"BD40570087","level":"upazila","name_en":"Meherpur Sadar","name_bn":"Meherpur Sadar","division":"Khulna"},"geometry":{"type":"Polygon","coordinates":[[[88.6419,23.8688],[88.6504,23.8533],[88.6442,23.8415],[88.6597,23.8358],[88.6738,23.8416],[88.6741,23.8493],[88.6675,23.8518],[88.6736,23.8554],[88.6944,23.8532],[88.6993,23.8425],[88.6927,23.8388],[88.702,23.8155],[88.6974,23.8066],[88.6901,23.809],[88.693,23.7893],[88.7032,23.7859],[88.7038,23.7751],[88.7178,23.7656],[88.7119,23.7585],[88.7284,23.7506],[88.7376,23.7555],[88.7416,23.7463],[88.7575,23.7458],[88.7596,23.7362],[88.7698,23.7407],[88.7798,23.7367],[88.7783,23.7224],[88.7845,23.7167],[88.7733,23.6986],[88.747,23.6967],[88.7368,23.6838],[88.7041,23.6667],[88.7073,23.6902],[88.6972,23.6888],[88.6891,23.7002],[88.6671,23.6948],[88.6674,23.7047],[88.6483,23.7045],[88.646,23.7],[88.6746,23.6876],[88.6641,23.6775],[88.6533,23.6802],[88.6481,23.6677],[88.6356,23.6669],[88.6348,23.6814],[88.6246,23.6837],[88.6322,23.6862],[88.6271,23.693],[88.633,23.6957],[88.627,23.7041],[88.6313,23.714],[88.6017,23.7301],[88.6046,23.7422],[88.5973,23.7459],[88.6016,23.7363],[88.5959,23.7262],[88.589,23.7258],[88.5886,23.7313],[88.5825,23.7254],[88.5849,23.7299],[88.5793,23.7299],[88.5802,23.7197],[88.5687,23.724],[88.5767,23.7334],[88.5705,23.7484],[88.5807,23.7587],[88.5796,23.7736],[88.5567,23.7849],[88.577,23.7859],[88.5811,23.7966],[88.5917,23.798],[88.5962,23.8054],[88.585,23.8136],[88.589,23.814],[88.594,23.8094],[88.6022,23.817],[88.5865,23.8313],[88.5914,23.8527],[88.5781,23.8511],[88.5757,23.8621],[88.5876,23.8714],[88.6073,23.8626],[88.6096,23.873],[88.619,23.8768],[88.628,23.8651],[88.6419,23.8688]]]}},{"type":"Feature","properties":{"unit_id":"BD40570060","level":"upazila","name_en":"Mujibnagar","name_bn":"Mujibnagar","division":"Khulna"},"geometry":{"type":"Polygon","coordinates":[[[88.6051,23.7415],[88.6017,23.7301],[88.6311,23.7144],[88.627,23.7041],[88.633,23.6957],[88.6271,23.693],[88.6322,23.6862],[88.6246,23.6837],[88.6348,23.6814],[88.6356,23.6669],[88.6481,23.6677],[88.6533,23.6802],[88.6641,23.6775],[88.6746,23.6876],[88.646,23.7],[88.648,23.7044],[88.6667,23.7051],[88.6671,23.6948],[88.6891,23.7002],[88.6934,23.6909],[88.7081,23.6888],[88.6936,23.6549],[88.6867,23.6594],[88.6807,23.6472],[88.6525,23.6511],[88.643,23.6265],[88.6488,23.6224],[88.636,23.6161],[88.637,23.607],[88.6094,23.6002],[88.6019,23.607],[88.6062,23.6105],[88.5971,23.6055],[88.5969,23.6019],[88.58,23.6047],[88.5855,23.6162],[88.5937,23.6172],[88.5935,23.641],[88.5622,23.6373],[88.5581,23.6496],[88.5741,23.6678],[88.5652,23.7122],[88.5692,23.7238],[88.5802,23.7197],[88.5793,23.7299],[88.5849,23.7299],[88.5825,23.7254],[88.5863,23.7269],[88.5886,23.7313],[88.589,23.7258],[88.5959,23.7262],[88.5995,23.7439],[88.6051,23.7415]]]}},{"type":"Feature","properties":{"unit_id":"BD40650028","level":"upazila","name_en":"Kalia","name_bn":"Kalia","division":"Khulna"},"geometry":{"type":"Polygon","coordinates":[[[89.5729,23.0901],[89.5809,23.0918],[89.5891,23.0827],[89.6377,23.1044],[89.6587,23.0822],[89.6748,23.0939],[89.6856,23.0814],[89.7316,23.0796],[89.7358,23.0699],[89.7285,23.0535],[89.7462,23.0487],[89.7626,23.0077],[89.7962,22.9977],[89.7932,22.9811],[89.8034,22.9725],[89.7857,22.9661],[89.7822,22.9714],[89.7897,22.9822],[89.7824,22.9845],[89.7673,22.9778],[89.7621,22.9651],[89.7433,22.9675],[89.7362,22.9774],[89.7095,22.9746],[89.6924,22.9803],[89.6764,22.9706],[89.6718,22.9803],[89.6547,22.9838],[89.6491,22.9702],[89.6283,22.9621],[89.6193,22.973],[89.6137,22.9552],[89.5852,22.977],[89.5839,22.9876],[89.5661,22.9929],[89.5454,22.9774],[89.5364,22.9847],[89.5334,22.998],[89.5295,22.9963],[89.528,23.0079],[89.5078,23.0148],[89.5017,23.0311],[89.5219,23.0403],[89.5258,23.0485],[89.5377,23.0485],[89.5404,23.0704],[89.5251,23.0855],[89.5407,23.0885],[89.5415,23.1005],[89.548,23.111],[89.566,23.1021],[89.5729,23.0901]]]}},{"type":"Feature","properties":{"unit_id":"BD40650052","level":"upazila","name_en":"Lohagara","name_bn":"Lohagara","division":"Khulna"},"geometry":{"type":"Polygon","coordinates":[[[89.6054,23.3118],[89.6205,23.308],[89.6189,23.3013],[89.6299,23.2908],[89.6675,23.2803],[89.6369,23.2658],[89.6302,23.2481],[89.6377,23.2362],[89.6687,23.2443],[89.6857,23.2275],[89.6839,23.2116],[89.6885,23.2111],[89.6787,23.1821],[89.6884,23.1629],[89.6946,23.1609],[89.7383,23.1852],[89.7531,23.1858],[89.7655,23.1774],[89.7334,23.1676],[89.7301,23.1566],[89.7421,23.1377],[89.7368,23.1272],[89.7097,23.1229],[89.6999,23.1113],[89.6873,23.1281],[89.6703,23.1243],[89.69,23.0956],[89.721,23.081],[89.6856,23.0814],[89.6748,23.0939],[89.6587,23.0822],[89.6377,23.1044],[89.591,23.083],[89.5809,23.0918],[89.5907,23.0972],[89.6136,23.1534],[89.6038,23.1609],[89.5916,23.1608],[89.5979,23.1809],[89.5917,23.1809],[89.5854,23.1924],[89.5973,23.2076],[89.5308,23.239],[89.5176,23.2606],[89.4844,23.2775],[89.4779,23.295],[89.4963,23.296],[89.5015,23.2857],[89.51,23.2882],[89.5239,23.2782],[89.5352,23.3017],[89.5553,23.3069],[89.5605,23.3191],[89.6059,23.3192],[89.6054,23.3118]]]}},{"type":"Feature","properties":{"unit_id":"BD40650076","level":"upazila","name_en":"Narail Sadar","name_bn":"Narail Sadar","division":"Khulna"},"geometry":{"type":"Polygon","coordinates":[[[89.5176,23.2606],[89.5308,23.239],[89.5973,23.2076],[89.5854,23.1924],[89.5917,23.1809],[89.5979,23.1809],[89.5916,23.1608],[89.6136,23.1536],[89.5907,23.0972],[89.5748,23.0891],[89.5679,23.1008],[89.5506,23.104],[89.5473,23.1106],[89.5407,23.0885],[89.5251,23.0855],[89.5404,23.0704],[89.5377,23.0485],[89.5258,23.0485],[89.5219,23.0403],[89.5017,23.0311],[89.4888,23.0385],[89.4645,23.0336],[89.4548,23.0536],[89.4483,23.0501],[89.4433,23.0553],[89.4434,23.067],[89.4544,23.068],[89.4396,23.0736],[89.4422,23.115],[89.417,23.0822],[89.3828,23.0847],[89.3887,23.1063],[89.3757,23.1353],[89.3919,23.1437],[89.4184,23.1398],[89.4197,23.1466],[89.4088,23.1571],[89.4146,23.1582],[89.4113,23.1659],[89.4184,23.1687],[89.416,23.1747],[89.4232,23.1832],[89.4227,23.22],[89.4171,23.2289],[89.431,23.2343],[89.4219,23.2519],[89.4261,23.258],[89.455,23.2584],[89.4621,23.2669],[89.4631,23.2829],[89.4715,23.2871],[89.5176,23.2606]]]}},{"type":"Feature","properties":{"unit_id":"BD40870004","level":"upazila","name_en":"Ashashuni","name_bn":"Ashashuni","division":"Khulna"},"geometry":{"type":"Polygon","coordinates":[[[89.2191,22.6239],[89.2428,22.6436],[89.2436,22.635],[89.2606,22.621],[89.2458,22.6172],[89.2433,22.6097],[89.2647,22.5998],[89.2618,22.5758],[89.2439,22.567],[89.2358,22.5478],[89.2488,22.5301],[89.255,22.4957],[89.2856,22.4751],[89.2562,22.4654],[89.2581,22.4516],[89.2446,22.4464],[89.2404,22.4273],[89.2569,22.3977],[89.2363,22.375],[89.2395,22.37],[89.2645,22.3759],[89.2739,22.3501],[89.2711,22.3425],[89.2514,22.3447],[89.2386,22.367],[89.2175,22.3766],[89.2151,22.3685],[89.1946,22.3663],[89.1886,22.3962],[89.1498,22.4076],[89.1472,22.4254],[89.1527,22.4347],[89.142,22.4367],[89.1383,22.4476],[89.1549,22.4502],[89.155,22.4644],[89.1445,22.4837],[89.1593,22.5004],[89.1337,22.5136],[89.1488,22.5171],[89.1597,22.5371],[89.1295,22.5308],[89.1239,22.5185],[89.1064,22.5188],[89.1015,22.5267],[89.0871,22.5305],[89.0844,22.5435],[89.0899,22.5498],[89.0785,22.5543],[89.0726,22.5657],[89.0798,22.5711],[89.0647,22.5865],[89.0497,22.5884],[89.0433,22.5956],[89.0572,22.61],[89.0891,22.5939],[89.1046,22.6003],[89.1323,22.5872],[89.1394,22.6113],[89.134,22.6306],[89.1455,22.6469],[89.1759,22.647],[89.1827,22.6541],[89.2191,22.6239]]]}},{"type":"Feature","properties":{"unit_id":"BD40870025","level":"upazila","name_en":"Debhata","name_bn":"Debhata","division":"Khulna"},"geometry":{"type":"Polygon","coordinates":[[[89.0934,22.6088],[89.1053,22.6018],[89.0896,22.5937],[89.0603,22.6094],[89.0529,22.6078],[89.0537,22.6014],[89.0439,22.5945],[89.0647,22.5865],[89.0798,22.569],[89.0727,22.5688],[89.0715,22.5584],[89.0607,22.5661],[89.0447,22.5586],[89.0417,22.5431],[89.0276,22.5299],[89.0316,22.5193],[88.9968,22.526],[88.9726,22.518],[88.9607,22.5515],[88.9193,22.5666],[88.9445,22.5687],[88.9392,22.5904],[88.9593,22.6124],[88.9453,22.6344],[88.9495,22.6395],[88.9626,22.6382],[88.9743,22.6204],[88.9776,22.6394],[88.9924,22.6581],[88.987,22.6662],[89.0205,22.6649],[89.0173,22.6523],[89.038,22.6504],[89.0404,22.6638],[89.056,22.6624],[89.063,22.6708],[89.0899,22.6381],[89.0934,22.6088]]]}},{"type":"Feature","properties":{"unit_id":"BD40870043","level":"upazila","name_en":"Kalaroa","name_bn":"Kalaroa","division":"Khulna"},"geometry":{"type":"Polygon","coordinates":[[[89.0365,22.9288],[89.0441,22.9426],[89.0485,22.9301],[89.0582,22.9356],[89.0715,22.9319],[89.0792,22.9392],[89.1015,22.9234],[89.1082,22.9319],[89.0997,22.9386],[89.1157,22.9445],[89.11,22.9372],[89.1268,22.9273],[89.1418,22.8936],[89.1333,22.8926],[89.1193,22.904],[89.1095,22.8914],[89.1288,22.8732],[89.1228,22.8485],[89.1364,22.8276],[89.1019,22.8282],[89.0757,22.8169],[89.0737,22.8245],[89.0558,22.8187],[89.0479,22.8295],[89.031,22.8244],[89.0,22.8298],[88.9979,22.8146],[88.9741,22.8186],[88.9695,22.8084],[88.9553,22.8079],[88.9675,22.843],[88.9492,22.876],[88.945,22.8799],[88.928,22.8719],[88.9229,22.8797],[88.9097,22.8791],[88.8953,22.9126],[88.9196,22.9238],[88.9197,22.9127],[88.9313,22.9199],[88.9304,22.9153],[88.9444,22.9117],[88.9508,22.9229],[88.9576,22.9133],[88.9702,22.9215],[88.9763,22.9167],[88.9769,22.9223],[88.9929,22.9167],[88.9925,22.9319],[88.9859,22.9376],[88.9894,22.9454],[89.0156,22.9451],[89.0365,22.9288]]]}},{"type":"Feature","properties":{"unit_id":"BD40870047","level":"upazila","name_en":"Kaliganj","name_bn":"Kaliganj","division":"Khulna"},"geometry":{"type":"Polygon","coordinates":[[[89.0844,22.5435],[89.0874,22.53],[89.1015,22.5267],[89.1078,22.5183],[89.1239,22.5185],[89.1284,22.53],[89.1443,22.5375],[89.1597,22.5371],[89.1488,22.5171],[89.1337,22.5136],[89.1591,22.501],[89.157,22.4919],[89.1445,22.4837],[89.155,22.4644],[89.1549,22.4502],[89.1383,22.4471],[89.142,22.4367],[89.1527,22.4347],[89.1472,22.4254],[89.1493,22.4091],[89.1588,22.4079],[89.1629,22.3959],[89.1459,22.3923],[89.1343,22.3651],[89.1054,22.3779],[89.0942,22.404],[89.0815,22.3918],[89.0642,22.3966],[89.0616,22.3766],[89.0681,22.376],[89.0554,22.3484],[89.0648,22.3332],[89.0576,22.3411],[89.0422,22.3379],[89.0291,22.3441],[89.006,22.3186],[88.9991,22.3247],[88.9898,22.3228],[88.9851,22.3276],[88.9892,22.3646],[88.9825,22.3746],[88.9917,22.3898],[88.9711,22.4099],[89.0001,22.4311],[88.9888,22.446],[88.9959,22.4697],[88.9805,22.4851],[88.9726,22.518],[88.9968,22.526],[89.0316,22.5193],[89.0277,22.5302],[89.0417,22.5431],[89.0457,22.5597],[89.0607,22.5661],[89.0899,22.5498],[89.0844,22.5435]]]}},{"type":"Feature","properties":{"unit_id":"BD40870082","level":"upazila","name_en":"Satkhira Sadar","name_bn":"Satkhira Sadar","division":"Khulna"},"geometry":{"type":"Polygon","coordinates":[[[89.0479,22.8295],[89.0558,22.8187],[89.0737,22.8245],[89.0757,22.8169],[89.0854,22.825],[89.097,22.8224],[89.0978,22.8087],[89.1035,22.8063],[89.0868,22.8043],[89.0991,22.799],[89.0929,22.787],[89.0953,22.7673],[89.1068,22.76],[89.1067,22.7523],[89.1225,22.7458],[89.1196,22.735],[89.1017,22.7333],[89.1083,22.7258],[89.1214,22.7287],[89.1291,22.7167],[89.1389,22.7255],[89.149,22.7246],[89.1443,22.7095],[89.1534,22.7075],[89.1526,22.6872],[89.172,22.6731],[89.1722,22.6591],[89.1672,22.6481],[89.1455,22.6469],[89.134,22.6306],[89.1394,22.6113],[89.1323,22.5872],[89.094,22.6077],[89.0899,22.6381],[89.0792,22.6473],[89.0773,22.6606],[89.063,22.6708],[89.056,22.6624],[89.0404,22.6638],[89.038,22.6504],[89.0173,22.6523],[89.0205,22.6649],[88.987,22.6662],[88.9924,22.6581],[88.9776,22.6394],[88.9743,22.6204],[88.9626,22.6382],[88.9495,22.6395],[88.945,22.6337],[88.9563,22.6173],[88.934,22.6283],[88.9277,22.6497],[88.9448,22.6622],[88.9481,22.6785],[88.9612,22.6854],[88.9612,22.6953],[88.928,22.7184],[88.9158,22.7362],[88.9207,22.7528],[88.9108,22.7581],[88.9177,22.7702],[88.9256,22.7698],[88.9239,22.7796],[88.9354,22.7819],[88.938,22.7929],[88.9576,22.7963],[88.9595,22.808],[88.9695,22.8084],[88.9741,22.8186],[88.9979,22.8146],[88.9959,22.8288],[89.0317,22.8244],[89.0479,22.8295]]]}},{"type":"Feature","properties":{"unit_id":"BD40870086","level":"upazila","name_en":"Shyamnagar","name_bn":"Shyamnagar","division":"Khulna"},"geometry":{"type":"Polygon","coordinates":[[[89.1054,22.3779],[89.1334,22.3652],[89.1411,22.3714],[89.1459,22.3923],[89.1586,22.392],[89.1673,22.402],[89.1886,22.3962],[89.1946,22.3663],[89.2151,22.3685],[89.2168,22.3768],[89.2459,22.36],[89.2514,22.3369],[89.2775,22.3086],[89.2825,22.2858],[89.3103,22.2871],[89.3183,22.2816],[89.3162,22.2741],[89.2904,22.2551],[89.3104,22.2342],[89.3068,22.2158],[89.3226,22.1923],[89.2786,22.141],[89.2636,22.0855],[89.2948,22.0966],[89.3028,22.0917],[89.3029,22.0818],[89.2862,22.0611],[89.3228,21.9912],[89.3619,21.9478],[89.3727,21.9165],[89.3701,21.8951],[89.3384,21.8809],[89.3095,21.8495],[89.3263,21.6861],[89.3205,21.6734],[89.2663,21.6542],[89.1975,21.6565],[89.1743,21.6537],[89.1617,21.6455],[89.1355,21.6472],[89.0292,21.7835],[89.0423,21.8285],[89.0443,21.8612],[89.0237,21.8893],[89.0236,21.9069],[89.0317,21.9227],[89.0728,21.9277],[89.0812,21.9567],[89.0835,22.003],[89.0801,22.0175],[89.0489,22.0563],[89.0394,22.0969],[89.0536,22.1193],[89.0928,22.1445],[89.0977,22.1543],[89.0903,22.1603],[89.0777,22.1467],[89.0714,22.1482],[89.0615,22.1704],[89.0706,22.1973],[89.0402,22.229],[89.0338,22.259],[89.0133,22.2545],[89.0201,22.2688],[88.9949,22.2907],[89.004,22.2981],[89.0244,22.2957],[89.006,22.3186],[89.0278,22.3437],[89.0422,22.3379],[89.0576,22.3411],[89.0648,22.3332],[89.0554,22.3484],[89.0681,22.376],[89.0616,22.3766],[89.0672,22.3916],[89.0632,22.3955],[89.0815,22.3918],[89.095,22.4032],[89.1054,22.3779]]]}},{"type":"Feature","properties":{"unit_id":"BD40870090","level":"upazila","name_en":"Tala","name_bn":"Tala","division":"Khulna"},"geometry":{"type":"Polygon","coordinates":[[[89.3075,22.7148],[89.3037,22.7032],[89.3085,22.6925],[89.3002,22.6819],[89.2845,22.6973],[89.2644,22.6965],[89.2653,22.7131],[89.2604,22.7162],[89.2616,22.6673],[89.3032,22.6489],[89.276,22.6309],[89.288,22.6217],[89.2644,22.631],[89.2662,22.6475],[89.2584,22.6584],[89.2517,22.6569],[89.2483,22.6429],[89.2344,22.6411],[89.2322,22.6316],[89.2191,22.6239],[89.1822,22.6544],[89.1759,22.647],[89.17,22.6508],[89.172,22.6731],[89.1554,22.6829],[89.1536,22.7072],[89.1443,22.7095],[89.149,22.7246],[89.1389,22.7255],[89.1291,22.7167],[89.1214,22.7287],[89.1083,22.7258],[89.1017,22.7333],[89.1196,22.735],[89.1225,22.7458],[89.1067,22.7523],[89.1068,22.76],[89.0953,22.7673],[89.0929,22.787],[89.0991,22.799],[89.0869,22.8056],[89.1035,22.8063],[89.0956,22.8153],[89.0977,22.8267],[89.145,22.8261],[89.1468,22.8363],[89.1601,22.8245],[89.1568,22.8106],[89.1426,22.8056],[89.1499,22.7955],[89.1635,22.8024],[89.1722,22.8198],[89.1775,22.8124],[89.1883,22.8163],[89.2021,22.8121],[89.2078,22.8191],[89.2336,22.8258],[89.2373,22.8348],[89.2522,22.8377],[89.2571,22.8322],[89.2474,22.8113],[89.2653,22.8119],[89.2714,22.7901],[89.2901,22.7954],[89.2989,22.7877],[89.2995,22.7723],[89.3096,22.766],[89.3116,22.7493],[89.3318,22.7283],[89.3269,22.719],[89.3308,22.7164],[89.3075,22.7148]]]}},{"type":"Feature","properties":{"unit_id":"BD50100006","level":"upazila","name_en":"Adamdighi","name_bn":"Adamdighi","division":"Rajshahi"},"geometry":{"type":"Polygon","coordinates":[[[89.0877,24.8608],[89.0805,24.8567],[89.095,24.8564],[89.0987,24.8418],[89.086,24.8376],[89.0834,24.8278],[89.0943,24.8175],[89.1017,24.8209],[89.1074,24.8104],[89.1464,24.8064],[89.148,24.7996],[89.1566,24.799],[89.1524,24.7953],[89.1594,24.7831],[89.1684,24.7814],[89.1676,24.7709],[89.1542,24.7776],[89.1562,24.7683],[89.1364,24.7565],[89.1425,24.7386],[89.1332,24.7348],[89.1313,24.7436],[89.1252,24.7397],[89.1274,24.7324],[89.1217,24.7312],[89.1254,24.7235],[89.1296,24.7278],[89.1303,24.7184],[89.1128,24.7254],[89.1093,24.7231],[89.1196,24.7159],[89.1084,24.7168],[89.0974,24.7274],[89.0818,24.7205],[89.0824,24.7314],[89.0865,24.7282],[89.0956,24.735],[89.0827,24.7429],[89.0967,24.7523],[89.0813,24.7665],[89.0885,24.785],[89.0762,24.791],[89.0666,24.7832],[89.0537,24.7857],[89.0507,24.792],[89.0376,24.7832],[89.0247,24.7839],[89.0142,24.7661],[88.9978,24.7666],[88.9922,24.7445],[88.9813,24.7479],[88.9753,24.7404],[88.967,24.7431],[88.9633,24.7547],[88.9787,24.7853],[88.9718,24.7901],[88.9827,24.8057],[88.9739,24.8092],[88.9701,24.8247],[88.9877,24.8277],[88.9789,24.8311],[88.9777,24.8547],[89.0107,24.8591],[89.0164,24.85],[89.0217,24.8575],[89.0365,24.8567],[89.0408,24.8645],[89.0557,24.8609],[89.0666,24.8734],[89.0862,24.8737],[89.0877,24.8608]]]}},{"type":"Feature","properties":{"unit_id":"BD50100020","level":"upazila","name_en":"Bogura Sadar","name_bn":"Bogura Sadar","division":"Rajshahi"},"geometry":{"type":"Polygon","coordinates":[[[89.3888,24.9732],[89.388,24.9592],[89.3995,24.9586],[89.4,24.9358],[89.4086,24.9323],[89.4124,24.919],[89.4181,24.9228],[89.4151,24.9073],[89.4057,24.8975],[89.4116,24.8818],[89.415,24.8847],[89.4201,24.8765],[89.4129,24.8744],[89.4147,24.8648],[89.4352,24.8581],[89.4315,24.8523],[89.4379,24.8514],[89.4367,24.8443],[89.4273,24.8318],[89.4184,24.8336],[89.4114,24.825],[89.3859,24.8339],[89.3827,24.8169],[89.366,24.8317],[89.3573,24.8245],[89.3094,24.8193],[89.3074,24.8459],[89.3141,24.8493],[89.3126,24.8632],[89.319,24.8735],[89.3013,24.8826],[89.298,24.8975],[89.3024,24.9036],[89.292,24.9064],[89.2904,24.9375],[89.2665,24.9422],[89.2702,24.959],[89.281,24.963],[89.3102,24.959],[89.3325,24.9673],[89.339,24.9632],[89.3392,24.948],[89.3569,24.9488],[89.359,24.9434],[89.3641,24.972],[89.3763,24.9776],[89.3768,24.986],[89.3798,24.9724],[89.3888,24.9732]]]}},{"type":"Feature","properties":{"unit_id":"BD50100027","level":"upazila","name_en":"Dhunat","name_bn":"Dhunat","division":"Rajshahi"},"geometry":{"type":"Polygon","coordinates":[[[89.5775,24.7777],[89.5715,24.7573],[89.5839,24.7615],[89.5902,24.7447],[89.6205,24.7602],[89.6271,24.7583],[89.6292,24.7414],[89.6572,24.7401],[89.661,24.7277],[89.6377,24.7154],[89.6466,24.7012],[89.6252,24.6851],[89.6085,24.6864],[89.5951,24.7021],[89.567,24.6957],[89.5632,24.7111],[89.5546,24.7078],[89.561,24.6917],[89.5588,24.6796],[89.5491,24.6745],[89.5537,24.6676],[89.546,24.6533],[89.5629,24.6505],[89.5548,24.6411],[89.5598,24.6269],[89.5497,24.6246],[89.5491,24.6179],[89.5836,24.6208],[89.5905,24.6099],[89.6051,24.6037],[89.6021,24.5614],[89.5703,24.5452],[89.5606,24.5547],[89.5457,24.5469],[89.533,24.5631],[89.5237,24.5648],[89.5334,24.5756],[89.527,24.5769],[89.5278,24.5838],[89.5148,24.5791],[89.5145,24.5854],[89.4963,24.5927],[89.5086,24.6081],[89.5101,24.6324],[89.4873,24.6456],[89.4975,24.6656],[89.4794,24.6707],[89.4886,24.6743],[89.4835,24.6844],[89.4904,24.6862],[89.4859,24.6891],[89.4922,24.6946],[89.4864,24.7094],[89.4772,24.7068],[89.4741,24.7143],[89.48,24.7154],[89.4771,24.7283],[89.4934,24.7287],[89.489,24.7326],[89.4934,24.7406],[89.4749,24.7426],[89.4606,24.7597],[89.4948,24.7623],[89.4898,24.7757],[89.4964,24.7819],[89.5117,24.7749],[89.5289,24.7782],[89.5344,24.7889],[89.5536,24.7764],[89.5468,24.7916],[89.5584,24.7981],[89.5707,24.7931],[89.5775,24.7777]]]}},{"type":"Feature","properties":{"unit_id":"BD50100033","level":"upazila","name_en":"Dupchachia","name_bn":"Dupchachia","division":"Rajshahi"},"geometry":{"type":"Polygon","coordinates":[[[89.1267,24.962],[89.1225,24.9496],[89.1793,24.9518],[89.1884,24.9229],[89.2026,24.9188],[89.2029,24.9136],[89.2089,24.9162],[89.2098,24.909],[89.2025,24.9094],[89.2065,24.8994],[89.199,24.8991],[89.1979,24.8925],[89.1924,24.8976],[89.19,24.886],[89.1799,24.8837],[89.1853,24.88],[89.1812,24.8722],[89.1885,24.8724],[89.1818,24.8681],[89.1944,24.8598],[89.187,24.8543],[89.1927,24.8508],[89.1884,24.8432],[89.1942,24.8436],[89.1847,24.8372],[89.1951,24.8208],[89.1943,24.8094],[89.1702,24.8074],[89.1676,24.8155],[89.158,24.8112],[89.1591,24.8002],[89.1484,24.7994],[89.147,24.806],[89.1347,24.8098],[89.1074,24.8104],[89.1017,24.8209],[89.0943,24.8175],[89.0833,24.8278],[89.086,24.8376],[89.0987,24.8418],[89.095,24.8564],[89.0805,24.8566],[89.0876,24.8607],[89.0892,24.8768],[89.0755,24.8863],[89.0817,24.8928],[89.09,24.8879],[89.0977,24.8919],[89.1004,24.9039],[89.0952,24.9037],[89.0843,24.9241],[89.0844,24.9351],[89.0956,24.9424],[89.0887,24.9618],[89.101,24.9622],[89.1074,24.9699],[89.1267,24.962]]]}},{"type":"Feature","properties":{"unit_id":"BD50100040","level":"upazila","name_en":"Gabtali","name_bn":"Gabtali","division":"Rajshahi"},"geometry":{"type":"Polygon","coordinates":[[[89.4422,25.0101],[89.4494,25.0047],[89.4387,24.9923],[89.4501,24.9718],[89.4595,24.9724],[89.4575,24.9526],[89.4647,24.9551],[89.465,24.9467],[89.4759,24.9472],[89.4913,24.9332],[89.4965,24.9435],[89.5068,24.9412],[89.5222,24.9158],[89.5351,24.919],[89.5299,24.8951],[89.5228,24.8962],[89.5249,24.8887],[89.5125,24.8862],[89.5195,24.878],[89.5137,24.8782],[89.514,24.8621],[89.5384,24.8566],[89.5404,24.8626],[89.5451,24.8666],[89.5409,24.8604],[89.5517,24.853],[89.5455,24.8337],[89.5276,24.8218],[89.5364,24.8033],[89.5309,24.7944],[89.5346,24.7824],[89.5117,24.7749],[89.4966,24.782],[89.4898,24.7757],[89.4948,24.7623],[89.4588,24.7594],[89.4535,24.7648],[89.4496,24.7778],[89.456,24.7873],[89.4475,24.8226],[89.4303,24.8384],[89.4381,24.8512],[89.4315,24.8521],[89.4352,24.8581],[89.4147,24.8648],[89.4129,24.8744],[89.4201,24.8765],[89.4057,24.8964],[89.4181,24.9228],[89.4124,24.919],[89.4086,24.9323],[89.4,24.9358],[89.3993,24.9591],[89.388,24.9592],[89.3887,24.9736],[89.3798,24.9724],[89.3845,24.9789],[89.3699,24.9897],[89.4006,25.0157],[89.4253,25.0152],[89.428,25.0232],[89.44,25.0247],[89.4422,25.0101]]]}},{"type":"Feature","properties":{"unit_id":"BD50100054","level":"upazila","name_en":"Kahaloo","name_bn":"Kahaloo","division":"Rajshahi"},"geometry":{"type":"Polygon","coordinates":[[[89.292,24.9064],[89.3024,24.9036],[89.298,24.8975],[89.3013,24.8826],[89.319,24.8735],[89.3126,24.8632],[89.3141,24.8493],[89.3074,24.8459],[89.3118,24.8355],[89.306,24.8211],[89.3203,24.8034],[89.3133,24.7928],[89.3154,24.7667],[89.2946,24.7607],[89.289,24.7481],[89.2816,24.751],[89.2776,24.7199],[89.2684,24.712],[89.2653,24.7239],[89.2578,24.7243],[89.2549,24.7316],[89.2255,24.7434],[89.2249,24.7512],[89.215,24.758],[89.2173,24.769],[89.2054,24.7685],[89.2028,24.7846],[89.194,24.7912],[89.1524,24.7953],[89.161,24.8027],[89.1563,24.8069],[89.1606,24.8137],[89.1679,24.8156],[89.1702,24.8074],[89.1952,24.8109],[89.1847,24.8372],[89.1942,24.8436],[89.1884,24.8432],[89.1927,24.8508],[89.187,24.8543],[89.1944,24.8598],[89.1818,24.8682],[89.1885,24.8724],[89.1812,24.8722],[89.1853,24.88],[89.1802,24.8842],[89.19,24.886],[89.1924,24.8976],[89.1979,24.8925],[89.199,24.8991],[89.2065,24.8994],[89.2025,24.9095],[89.2311,24.9153],[89.2665,24.9422],[89.2904,24.9375],[89.292,24.9064]]]}},{"type":"Feature","properties":{"unit_id":"BD50100067","level":"upazila","name_en":"Nandigram","name_bn":"Nandigram","division":"Rajshahi"},"geometry":{"type":"Polygon","coordinates":[[[89.2824,24.7124],[89.2762,24.7051],[89.2775,24.6943],[89.2927,24.6906],[89.3118,24.6974],[89.3215,24.6863],[89.3248,24.6977],[89.3319,24.6983],[89.3371,24.691],[89.3265,24.6774],[89.3392,24.6655],[89.3339,24.6468],[89.3433,24.6271],[89.3355,24.5966],[89.3068,24.5981],[89.306,24.6135],[89.2969,24.6139],[89.2951,24.6222],[89.2595,24.6283],[89.2496,24.6199],[89.2536,24.6049],[89.239,24.5947],[89.2388,24.5834],[89.2242,24.5795],[89.2128,24.5989],[89.2156,24.6127],[89.2072,24.6107],[89.2053,24.6037],[89.2043,24.6111],[89.195,24.6142],[89.2101,24.6337],[89.2031,24.6337],[89.2009,24.6423],[89.191,24.6401],[89.1892,24.6507],[89.1793,24.643],[89.1736,24.6454],[89.1715,24.6216],[89.1491,24.6172],[89.1523,24.6227],[89.1412,24.6313],[89.1354,24.6563],[89.1443,24.6594],[89.1443,24.6717],[89.1619,24.669],[89.1654,24.678],[89.1624,24.6873],[89.1561,24.6883],[89.1414,24.6795],[89.1293,24.7004],[89.149,24.7298],[89.1494,24.7401],[89.1412,24.7376],[89.1424,24.7505],[89.1364,24.7565],[89.1562,24.7683],[89.1542,24.7776],[89.1679,24.7712],[89.1684,24.7814],[89.1594,24.7831],[89.1582,24.794],[89.194,24.7912],[89.2028,24.7846],[89.2054,24.7685],[89.2173,24.769],[89.215,24.758],[89.2249,24.7512],[89.2255,24.7434],[89.2549,24.7316],[89.2578,24.7243],[89.2653,24.7239],[89.2683,24.7121],[89.2772,24.7191],[89.2824,24.7124]]]}},{"type":"Feature","properties":{"unit_id":"BD50100081","level":"upazila","name_en":"Sariakandi","name_bn":"Sariakandi","division":"Rajshahi"},"geometry":{"type":"Polygon","coordinates":[[[89.6611,25.0074],[89.6613,24.988],[89.6775,24.9648],[89.6765,24.9221],[89.6851,24.9179],[89.6875,24.9071],[89.6638,24.8935],[89.6725,24.8683],[89.6864,24.8379],[89.7018,24.8219],[89.7529,24.7985],[89.7326,24.7953],[89.7211,24.7801],[89.6833,24.7824],[89.6683,24.7539],[89.6711,24.7481],[89.645,24.7372],[89.6292,24.7414],[89.6293,24.7573],[89.621,24.7603],[89.5915,24.7448],[89.5839,24.7615],[89.5715,24.7573],[89.5775,24.7777],[89.5703,24.7945],[89.5584,24.7981],[89.5468,24.7916],[89.5536,24.7764],[89.536,24.7873],[89.5309,24.7944],[89.5364,24.8033],[89.5276,24.8218],[89.5455,24.8337],[89.5517,24.8532],[89.5409,24.8604],[89.5453,24.8665],[89.5404,24.8626],[89.5384,24.8566],[89.514,24.8621],[89.5164,24.8687],[89.5107,24.8689],[89.5149,24.8798],[89.5195,24.878],[89.5125,24.8862],[89.5249,24.8887],[89.5228,24.8962],[89.5318,24.9004],[89.5351,24.919],[89.5248,24.9217],[89.5288,24.9336],[89.5351,24.9327],[89.5315,24.9396],[89.5422,24.9405],[89.551,24.9619],[89.5629,24.9633],[89.5682,24.9536],[89.5858,24.9639],[89.5823,25.0054],[89.5897,25.0233],[89.6007,25.0172],[89.6026,25.0272],[89.6014,25.0319],[89.5894,25.03],[89.5934,25.0446],[89.6127,25.0495],[89.6429,25.0361],[89.6484,25.0428],[89.6611,25.0074]]]}},{"type":"Feature","properties":{"unit_id":"BD50100085","level":"upazila","name_en":"Shajahanpur","name_bn":"Shajahanpur","division":"Rajshahi"},"geometry":{"type":"Polygon","coordinates":[[[89.4367,24.8273],[89.4475,24.8226],[89.4537,24.8021],[89.456,24.7855],[89.4496,24.7778],[89.4535,24.7648],[89.4749,24.7426],[89.4932,24.741],[89.489,24.7326],[89.4933,24.7285],[89.4672,24.7251],[89.4573,24.7166],[89.4223,24.7252],[89.4182,24.719],[89.3986,24.7165],[89.4018,24.7055],[89.3911,24.71],[89.3882,24.6986],[89.3771,24.6913],[89.3756,24.699],[89.3662,24.7029],[89.353,24.7026],[89.3371,24.691],[89.3254,24.6979],[89.3215,24.6863],[89.3118,24.6974],[89.2927,24.6906],[89.2774,24.6943],[89.2762,24.7051],[89.2824,24.7124],[89.2759,24.7333],[89.2816,24.751],[89.289,24.7481],[89.2946,24.7607],[89.3154,24.7667],[89.3133,24.7928],[89.3203,24.8037],[89.306,24.8214],[89.3573,24.8245],[89.366,24.8317],[89.3823,24.8168],[89.3859,24.8339],[89.4091,24.8246],[89.4328,24.8385],[89.4367,24.8273]]]}},{"type":"Feature","properties":{"unit_id":"BD50100088","level":"upazila","name_en":"Sherpur","name_bn":"\u09b6\u09c7\u09b0\u09aa\u09c1\u09b0","division":"Rajshahi"},"geometry":{"type":"Polygon","coordinates":[[[89.4573,24.7166],[89.4599,24.7226],[89.4748,24.7231],[89.48,24.7154],[89.4743,24.7162],[89.4768,24.7071],[89.4901,24.7046],[89.487,24.6991],[89.4923,24.694],[89.4859,24.6891],[89.4907,24.6867],[89.4835,24.6844],[89.4887,24.6745],[89.4793,24.6701],[89.4968,24.6667],[89.4873,24.6456],[89.5101,24.6324],[89.5086,24.6081],[89.4963,24.5927],[89.5145,24.5854],[89.5148,24.5791],[89.5257,24.5844],[89.527,24.5769],[89.5335,24.5766],[89.5237,24.5652],[89.5336,24.5475],[89.5214,24.5356],[89.5216,24.5518],[89.5048,24.557],[89.4825,24.5563],[89.4735,24.5525],[89.4746,24.5441],[89.4573,24.5425],[89.4565,24.5472],[89.4309,24.5514],[89.4208,24.5613],[89.4107,24.5611],[89.4103,24.5545],[89.4006,24.5512],[89.3938,24.5576],[89.3817,24.5542],[89.3425,24.5635],[89.3357,24.5594],[89.3255,24.5762],[89.323,24.5881],[89.3272,24.5978],[89.3392,24.6013],[89.3433,24.6271],[89.3339,24.6468],[89.3392,24.6655],[89.3266,24.677],[89.3281,24.6853],[89.3538,24.7027],[89.3668,24.7027],[89.3802,24.6924],[89.3911,24.71],[89.4018,24.7055],[89.3986,24.7165],[89.4274,24.7234],[89.4573,24.7166]]]}},{"type":"Feature","properties":{"unit_id":"BD50100094","level":"upazila","name_en":"Shibganj","name_bn":"Shibganj","division":"Rajshahi"},"geometry":{"type":"Polygon","coordinates":[[[89.4332,25.0207],[89.428,25.0232],[89.4253,25.0152],[89.4006,25.0157],[89.3955,25.0063],[89.3813,25.0041],[89.3699,24.99],[89.3763,24.9776],[89.3643,24.9722],[89.3584,24.9614],[89.359,24.9434],[89.3569,24.9488],[89.3392,24.948],[89.3388,24.9636],[89.3281,24.9672],[89.3255,24.9612],[89.2702,24.959],[89.2658,24.941],[89.2298,24.9149],[89.2082,24.9113],[89.2078,24.9174],[89.2027,24.9136],[89.1833,24.9299],[89.1847,24.9422],[89.1908,24.944],[89.1863,24.9621],[89.1769,24.9712],[89.1847,24.981],[89.1961,24.9823],[89.189,24.9937],[89.2037,24.9948],[89.1967,24.9997],[89.2194,25.022],[89.2131,25.0239],[89.215,25.029],[89.2284,25.0191],[89.2373,25.0198],[89.2446,25.0483],[89.2516,25.0513],[89.2464,25.0657],[89.2798,25.0861],[89.2826,25.1005],[89.2976,25.1195],[89.3196,25.117],[89.3352,25.122],[89.3429,25.11],[89.3334,25.1012],[89.3471,25.1012],[89.3622,25.0888],[89.3584,25.0821],[89.3634,25.0681],[89.3833,25.0619],[89.3914,25.0492],[89.3918,25.0664],[89.404,25.0673],[89.3997,25.0781],[89.41,25.0764],[89.4135,25.0816],[89.4243,25.0753],[89.4269,25.0651],[89.4317,25.0721],[89.4418,25.0679],[89.4548,25.0748],[89.4528,25.0317],[89.4332,25.0207]]]}},{"type":"Feature","properties":{"unit_id":"BD50100095","level":"upazila","name_en":"Sonatala","name_bn":"Sonatala","division":"Rajshahi"},"geometry":{"type":"Polygon","coordinates":[[[89.4668,25.061],[89.4639,25.0547],[89.4905,25.0619],[89.4942,25.0522],[89.5117,25.044],[89.5317,25.0472],[89.5354,25.0411],[89.5668,25.0377],[89.5767,25.0444],[89.5959,25.0439],[89.5894,25.03],[89.6014,25.0319],[89.6026,25.0272],[89.6007,25.0172],[89.5897,25.0233],[89.5823,25.0054],[89.5847,24.9619],[89.5682,24.9536],[89.5629,24.9633],[89.5488,24.9606],[89.5429,24.9414],[89.5307,24.9384],[89.5351,24.9327],[89.5288,24.9336],[89.524,24.9156],[89.5068,24.9412],[89.4965,24.9435],[89.4913,24.9332],[89.4759,24.9472],[89.465,24.9467],[89.4647,24.9551],[89.4576,24.9524],[89.4595,24.9724],[89.4501,24.9718],[89.4387,24.9923],[89.4492,25.0032],[89.44,25.0247],[89.455,25.035],[89.4569,25.0642],[89.4668,25.061]]]}},{"type":"Feature","properties":{"unit_id":"BD50700018","level":"upazila","name_en":"Bholahat","name_bn":"Bholahat","division":"Rajshahi"},"geometry":{"type":"Polygon","coordinates":[[[88.2633,24.8613],[88.2572,24.8413],[88.2488,24.8416],[88.2341,24.8608],[88.2398,24.8307],[88.2458,24.8333],[88.2432,24.8162],[88.2338,24.8092],[88.2113,24.8218],[88.2177,24.8287],[88.2107,24.8303],[88.2075,24.8414],[88.2126,24.8488],[88.2032,24.8524],[88.2,24.867],[88.1873,24.8593],[88.1616,24.869],[88.164,24.8781],[88.1525,24.885],[88.1576,24.8927],[88.1668,24.8882],[88.1688,24.8936],[88.162,24.8936],[88.149,24.9116],[88.1402,24.9141],[88.138,24.9363],[88.1574,24.9337],[88.1581,24.9418],[88.1643,24.9413],[88.1702,24.9505],[88.1754,24.9464],[88.184,24.9541],[88.2257,24.9606],[88.262,24.9165],[88.2642,24.8943],[88.2583,24.8774],[88.2633,24.8613]]]}},{"type":"Feature","properties":{"unit_id":"BD50700066","level":"upazila","name_en":"Chapainawabganj Sadar","name_bn":"Chapainawabganj Sadar","division":"Rajshahi"},"geometry":{"type":"Polygon","coordinates":[[[88.295,24.713],[88.3079,24.6941],[88.3231,24.6928],[88.3324,24.6811],[88.3421,24.6792],[88.3539,24.6597],[88.3454,24.6547],[88.3471,24.6454],[88.3545,24.6498],[88.3657,24.6394],[88.3735,24.645],[88.3829,24.6386],[88.3804,24.652],[88.397,24.6415],[88.4078,24.6432],[88.4191,24.6353],[88.4236,24.6169],[88.3906,24.5988],[88.3707,24.6023],[88.3683,24.5936],[88.3594,24.6023],[88.3451,24.5858],[88.3338,24.5884],[88.3228,24.5718],[88.3008,24.5641],[88.3129,24.5208],[88.3062,24.4852],[88.3325,24.447],[88.2918,24.4161],[88.2639,24.4458],[88.1937,24.4655],[88.1743,24.4922],[88.1485,24.5042],[88.1059,24.5456],[88.0861,24.574],[88.1205,24.572],[88.121,24.5842],[88.1587,24.5826],[88.1774,24.5881],[88.2095,24.5754],[88.2217,24.5766],[88.2145,24.5854],[88.2303,24.5763],[88.2256,24.5931],[88.2035,24.5907],[88.2049,24.5983],[88.1926,24.6047],[88.1999,24.606],[88.195,24.6103],[88.1988,24.6147],[88.1881,24.622],[88.2001,24.6234],[88.2117,24.6118],[88.2181,24.6209],[88.2264,24.6192],[88.2217,24.6281],[88.2266,24.6317],[88.2418,24.6264],[88.236,24.6344],[88.244,24.6442],[88.2401,24.6578],[88.2476,24.6535],[88.2556,24.6639],[88.2701,24.6609],[88.279,24.668],[88.296,24.6689],[88.2987,24.6801],[88.2919,24.6889],[88.2666,24.6782],[88.2476,24.6888],[88.2589,24.7043],[88.2794,24.7159],[88.295,24.713]]]}},{"type":"Feature","properties":{"unit_id":"BD50700037","level":"upazila","name_en":"Gomastapur","name_bn":"Gomastapur","division":"Rajshahi"},"geometry":{"type":"Polygon","coordinates":[[[88.4323,24.9332],[88.44,24.9251],[88.4571,24.9225],[88.4539,24.9358],[88.4724,24.9419],[88.4938,24.9268],[88.4944,24.9111],[88.4822,24.9028],[88.4915,24.8845],[88.4711,24.864],[88.4692,24.8439],[88.4566,24.8589],[88.4447,24.863],[88.4408,24.8565],[88.4546,24.8491],[88.452,24.8453],[88.4369,24.8469],[88.4309,24.8392],[88.4208,24.849],[88.404,24.8474],[88.4031,24.8389],[88.3952,24.8385],[88.3986,24.8295],[88.3834,24.8325],[88.3873,24.8101],[88.3764,24.8036],[88.355,24.8074],[88.3317,24.8004],[88.3254,24.7743],[88.3382,24.7578],[88.3372,24.7459],[88.3303,24.7423],[88.3029,24.75],[88.2954,24.7595],[88.2726,24.7467],[88.2606,24.7635],[88.2208,24.7706],[88.2394,24.7911],[88.2333,24.8094],[88.245,24.8253],[88.2342,24.8611],[88.2488,24.8416],[88.2572,24.8413],[88.2633,24.8613],[88.258,24.8769],[88.2671,24.8779],[88.2752,24.8974],[88.2779,24.8876],[88.3018,24.8856],[88.3022,24.8717],[88.3201,24.8837],[88.3257,24.8714],[88.3329,24.8709],[88.3467,24.8931],[88.3438,24.8998],[88.3327,24.8972],[88.3343,24.9039],[88.3281,24.9046],[88.3243,24.9168],[88.3365,24.9186],[88.3398,24.9406],[88.355,24.9428],[88.3584,24.9523],[88.3653,24.9533],[88.366,24.9453],[88.386,24.9389],[88.4013,24.9494],[88.3931,24.9649],[88.4199,24.9699],[88.4371,24.9573],[88.4323,24.9332]]]}},{"type":"Feature","properties":{"unit_id":"BD50700056","level":"upazila","name_en":"Nachole","name_bn":"Nachole","division":"Rajshahi"},"geometry":{"type":"Polygon","coordinates":[[[88.4174,24.8309],[88.4096,24.8237],[88.4231,24.8236],[88.4318,24.8163],[88.4394,24.8238],[88.444,24.8209],[88.4409,24.8053],[88.4337,24.8064],[88.4322,24.7879],[88.4214,24.7878],[88.4129,24.7728],[88.4295,24.7739],[88.4354,24.7815],[88.4566,24.7792],[88.4714,24.7649],[88.4784,24.7742],[88.4906,24.7724],[88.4915,24.7463],[88.4738,24.7489],[88.4731,24.7607],[88.4581,24.7611],[88.455,24.7533],[88.4646,24.75],[88.4611,24.735],[88.4874,24.734],[88.4916,24.7392],[88.5089,24.7333],[88.498,24.7109],[88.4893,24.7099],[88.4898,24.6915],[88.4829,24.6819],[88.46,24.6851],[88.4568,24.6769],[88.4758,24.6693],[88.4806,24.6799],[88.5122,24.6829],[88.5112,24.6731],[88.5024,24.6754],[88.5022,24.6682],[88.4886,24.6646],[88.4912,24.6577],[88.4593,24.6578],[88.437,24.6678],[88.4347,24.651],[88.4215,24.6506],[88.4313,24.6431],[88.4267,24.6333],[88.3804,24.652],[88.3829,24.6386],[88.3735,24.645],[88.3657,24.6394],[88.3545,24.6498],[88.3471,24.6454],[88.3523,24.6662],[88.3232,24.6928],[88.3005,24.6999],[88.295,24.713],[88.2794,24.7159],[88.2876,24.7305],[88.2726,24.7467],[88.2954,24.7595],[88.3029,24.75],[88.336,24.7449],[88.3382,24.7578],[88.3254,24.7743],[88.3317,24.8004],[88.355,24.8074],[88.3764,24.8036],[88.3873,24.8101],[88.3836,24.8208],[88.3926,24.8193],[88.4138,24.8397],[88.4174,24.8309]]]}},{"type":"Feature","properties":{"unit_id":"BD50700088","level":"upazila","name_en":"Shibganj","name_bn":"Shibganj","division":"Rajshahi"},"geometry":{"type":"Polygon","coordinates":[[[88.1991,24.8611],[88.205,24.8625],[88.2037,24.8517],[88.2126,24.8488],[88.2077,24.8386],[88.218,24.8247],[88.2113,24.8218],[88.2377,24.8028],[88.2394,24.7911],[88.2208,24.7706],[88.2645,24.7617],[88.2876,24.7305],[88.2481,24.6876],[88.2673,24.6782],[88.2906,24.6892],[88.2984,24.674],[88.2701,24.6609],[88.2556,24.6639],[88.2478,24.6535],[88.2401,24.6578],[88.244,24.6442],[88.236,24.6344],[88.2418,24.6264],[88.2266,24.6317],[88.2217,24.6281],[88.2264,24.6192],[88.2181,24.6209],[88.2117,24.6118],[88.2001,24.6234],[88.1881,24.622],[88.1988,24.6147],[88.195,24.6103],[88.1999,24.606],[88.1926,24.6047],[88.2049,24.5983],[88.204,24.5903],[88.2169,24.5955],[88.2306,24.589],[88.2277,24.5745],[88.2145,24.5854],[88.2217,24.5766],[88.2095,24.5754],[88.1774,24.5881],[88.1587,24.5826],[88.121,24.5842],[88.1205,24.572],[88.0861,24.574],[88.0404,24.6432],[88.0082,24.6678],[88.0627,24.7219],[88.0719,24.7434],[88.0665,24.7513],[88.0745,24.7607],[88.0695,24.7709],[88.0781,24.7697],[88.0888,24.783],[88.1061,24.7808],[88.105,24.8002],[88.1233,24.823],[88.1303,24.8058],[88.1364,24.8056],[88.1318,24.8362],[88.1411,24.8346],[88.145,24.8514],[88.1609,24.8489],[88.1661,24.8597],[88.1873,24.8593],[88.1987,24.8673],[88.1991,24.8611]]]}},{"type":"Feature","properties":{"unit_id":"BD50380013","level":"upazila","name_en":"Akkelpur","name_bn":"Akkelpur","division":"Rajshahi"},"geometry":{"type":"Polygon","coordinates":[[[89.0444,25.0147],[89.0436,24.9967],[89.0519,24.9935],[89.0464,24.9885],[89.0589,24.9943],[89.0576,24.9831],[89.1005,24.9771],[89.1031,24.9699],[89.101,24.9622],[89.0887,24.9618],[89.0956,24.9424],[89.0836,24.928],[89.0946,24.9045],[89.1004,24.9039],[89.0977,24.8919],[89.09,24.8879],[89.0817,24.8928],[89.0755,24.8863],[89.0894,24.8738],[89.077,24.8696],[89.0666,24.8734],[89.0557,24.8609],[89.0408,24.8645],[89.0365,24.8567],[89.0217,24.8575],[89.0151,24.8498],[89.0109,24.859],[88.9907,24.8596],[88.9896,24.8756],[89.007,24.8966],[88.9987,24.9107],[89.0045,24.9405],[88.9987,24.9463],[89.0052,24.9595],[89.001,24.978],[89.0096,24.978],[89.0118,24.9843],[89.0093,25.0094],[89.0183,25.0186],[89.0097,25.021],[89.0191,25.0267],[89.0098,25.0351],[89.0167,25.0463],[89.0444,25.0147]]]}},{"type":"Feature","properties":{"unit_id":"BD50380047","level":"upazila","name_en":"Joypurhat Sadar","name_bn":"Joypurhat Sadar","division":"Rajshahi"},"geometry":{"type":"Polygon","coordinates":[[[88.945,25.2079],[88.942,25.2003],[88.9616,25.1972],[88.963,25.187],[88.9771,25.1876],[88.9719,25.1698],[88.9816,25.1697],[88.9795,25.1629],[88.989,25.1599],[88.9905,25.1325],[89.0169,25.1324],[89.0146,25.1489],[89.0274,25.1617],[89.0448,25.1537],[89.0774,25.1565],[89.0794,25.1518],[89.0834,25.1565],[89.0835,25.1505],[89.095,25.1492],[89.091,25.1366],[89.1005,25.133],[89.0997,25.1381],[89.1163,25.1478],[89.1162,25.1432],[89.1259,25.1424],[89.1302,25.151],[89.1415,25.1408],[89.1594,25.1384],[89.1538,25.1315],[89.1675,25.1357],[89.1695,25.1294],[89.1309,25.118],[89.1159,25.0962],[89.114,25.083],[89.0937,25.0789],[89.0977,25.0757],[89.0826,25.0625],[89.0814,25.0524],[89.071,25.0478],[89.0748,25.0444],[89.0693,25.0369],[89.0464,25.0379],[89.0373,25.0294],[89.04,25.0214],[89.0167,25.0465],[89.0007,25.0492],[88.9972,25.0432],[88.974,25.0562],[88.9538,25.0547],[88.9533,25.0284],[88.9498,25.0389],[88.9395,25.04],[88.9453,25.0533],[88.931,25.0712],[88.941,25.0968],[88.9409,25.1163],[88.923,25.1321],[88.9289,25.1416],[88.92,25.1464],[88.9287,25.1774],[88.9343,25.1816],[88.9413,25.1736],[88.9485,25.1769],[88.9435,25.1832],[88.9475,25.1945],[88.9342,25.198],[88.9381,25.2123],[88.945,25.2079]]]}},{"type":"Feature","properties":{"unit_id":"BD50380058","level":"upazila","name_en":"Kalai","name_bn":"Kalai","division":"Rajshahi"},"geometry":{"type":"Polygon","coordinates":[[[89.2203,25.1577],[89.2157,25.1476],[89.23,25.1463],[89.2471,25.1205],[89.2512,25.1016],[89.283,25.092],[89.2464,25.0657],[89.2516,25.0513],[89.2446,25.0483],[89.2373,25.0198],[89.2132,25.0281],[89.2194,25.022],[89.1967,24.9997],[89.2037,24.9948],[89.189,24.9937],[89.1959,24.982],[89.1796,24.9803],[89.1609,24.9839],[89.161,24.9905],[89.1724,24.9986],[89.1658,24.9986],[89.1596,25.0232],[89.1427,25.0249],[89.127,25.0513],[89.132,25.0624],[89.1498,25.0654],[89.1499,25.0753],[89.1588,25.0764],[89.1658,25.0903],[89.1783,25.0914],[89.1766,25.103],[89.1685,25.101],[89.163,25.1073],[89.1575,25.1018],[89.1572,25.1271],[89.1693,25.1288],[89.1694,25.1341],[89.1538,25.1327],[89.1641,25.1403],[89.1607,25.1486],[89.1663,25.1475],[89.1663,25.1668],[89.1829,25.1646],[89.1952,25.1775],[89.215,25.1676],[89.2203,25.1577]]]}},{"type":"Feature","properties":{"unit_id":"BD50380061","level":"upazila","name_en":"Khetlal","name_bn":"Khetlal","division":"Rajshahi"},"geometry":{"type":"Polygon","coordinates":[[[89.163,25.1073],[89.1685,25.101],[89.1766,25.103],[89.1783,25.0914],[89.1658,25.0903],[89.1588,25.0764],[89.1499,25.0753],[89.1498,25.0654],[89.132,25.0624],[89.127,25.0513],[89.1427,25.0249],[89.1596,25.0232],[89.1658,24.9986],[89.1724,24.9986],[89.161,24.9905],[89.1609,24.9839],[89.1839,24.9803],[89.177,24.9706],[89.1863,24.9621],[89.1883,24.9424],[89.1791,24.9518],[89.1225,24.9496],[89.1267,24.962],[89.1031,24.9699],[89.1023,24.9764],[89.0624,24.9808],[89.0561,24.9845],[89.0581,24.9946],[89.0464,24.9885],[89.0519,24.9935],[89.0437,24.9964],[89.0447,25.0139],[89.0366,25.0209],[89.0464,25.0379],[89.0685,25.0361],[89.0748,25.0442],[89.071,25.0478],[89.0814,25.0524],[89.0826,25.0625],[89.0977,25.0757],[89.0936,25.0788],[89.1141,25.0831],[89.1159,25.0962],[89.1309,25.118],[89.1415,25.1177],[89.146,25.1249],[89.1504,25.1197],[89.1572,25.1271],[89.1575,25.1018],[89.163,25.1073]]]}},{"type":"Feature","properties":{"unit_id":"BD50380074","level":"upazila","name_en":"Panchbibi","name_bn":"Panchbibi","division":"Rajshahi"},"geometry":{"type":"Polygon","coordinates":[[[89.1562,25.2586],[89.1778,25.236],[89.1909,25.2387],[89.1932,25.2454],[89.1981,25.2353],[89.2082,25.2346],[89.1929,25.2147],[89.192,25.192],[89.1842,25.1868],[89.198,25.1794],[89.1831,25.1646],[89.1663,25.1668],[89.1633,25.1389],[89.1415,25.1408],[89.1299,25.151],[89.1259,25.1424],[89.1162,25.1432],[89.1163,25.1478],[89.0997,25.1381],[89.1005,25.133],[89.091,25.1366],[89.095,25.1492],[89.0835,25.1505],[89.0834,25.1565],[89.0794,25.1518],[89.0774,25.1565],[89.0448,25.1537],[89.0268,25.1617],[89.0146,25.1489],[89.0169,25.1324],[88.991,25.1324],[88.989,25.1599],[88.9795,25.1629],[88.9816,25.1697],[88.9719,25.1698],[88.9771,25.1876],[88.9662,25.1853],[88.9613,25.1974],[88.94,25.2041],[88.9625,25.2118],[88.9499,25.2469],[88.9821,25.2645],[88.9875,25.2741],[89.0063,25.2635],[89.0067,25.2686],[89.0184,25.2651],[89.031,25.2768],[89.06,25.2596],[89.0706,25.27],[89.1012,25.2406],[89.1212,25.2441],[89.1262,25.2553],[89.1334,25.2465],[89.1445,25.2483],[89.1418,25.2587],[89.1562,25.2586]]]}},{"type":"Feature","properties":{"unit_id":"BD50640003","level":"upazila","name_en":"Atrai","name_bn":"Atrai","division":"Rajshahi"},"geometry":{"type":"Polygon","coordinates":[[[88.928,24.6808],[88.9223,24.6689],[88.9513,24.6645],[88.9473,24.6893],[88.9785,24.6954],[88.9935,24.6701],[89.0195,24.6716],[89.0159,24.658],[89.0544,24.6487],[89.0552,24.6389],[89.072,24.6411],[89.0796,24.6693],[89.0962,24.6701],[89.0941,24.6463],[89.1061,24.6419],[89.0989,24.6336],[89.1039,24.6218],[89.0964,24.5942],[89.1069,24.5877],[89.0996,24.5427],[89.0943,24.5388],[89.0863,24.5458],[89.0818,24.5344],[89.0627,24.5395],[89.0551,24.535],[89.0296,24.558],[89.0116,24.5514],[89.0058,24.5576],[89.0111,24.5655],[88.9728,24.5853],[88.9595,24.585],[88.9542,24.5786],[88.9418,24.5914],[88.9339,24.5882],[88.9099,24.6432],[88.8903,24.6372],[88.883,24.6434],[88.8793,24.6349],[88.8733,24.6452],[88.8632,24.6473],[88.8617,24.656],[88.8327,24.6574],[88.8271,24.6512],[88.8109,24.657],[88.8153,24.6748],[88.8334,24.6784],[88.8357,24.684],[88.8446,24.6789],[88.8455,24.6983],[88.866,24.696],[88.8863,24.6788],[88.8899,24.6988],[88.8987,24.7042],[88.928,24.6808]]]}},{"type":"Feature","properties":{"unit_id":"BD50640006","level":"upazila","name_en":"Badalgachhi","name_bn":"Badalgachhi","division":"Rajshahi"},"geometry":{"type":"Polygon","coordinates":[[[88.9972,25.0432],[89.0007,25.0492],[89.0158,25.047],[89.0098,25.0351],[89.0191,25.0273],[89.0097,25.021],[89.0183,25.0186],[89.0076,25.001],[89.0116,24.9831],[89.0007,24.977],[89.0052,24.9595],[88.9987,24.9463],[89.0042,24.9347],[88.9964,24.8969],[88.9755,24.8853],[88.9441,24.8841],[88.9224,24.8906],[88.9271,24.9047],[88.9186,24.9117],[88.9071,24.9132],[88.901,24.9058],[88.8907,24.9139],[88.8725,24.9111],[88.8607,24.9175],[88.8663,24.925],[88.8561,24.9294],[88.8546,24.937],[88.8636,24.9503],[88.8534,24.9659],[88.8623,24.9804],[88.8519,24.9817],[88.8539,24.9878],[88.8641,24.9866],[88.87,25.0012],[88.8939,24.996],[88.9003,24.9891],[88.9083,24.9978],[88.8989,25.0133],[88.8997,25.0333],[88.9167,25.0344],[88.9232,25.0192],[88.9297,25.018],[88.9377,25.0395],[88.9498,25.0389],[88.9569,25.0303],[88.9519,25.0368],[88.957,25.0471],[88.9538,25.0547],[88.9752,25.0544],[88.9972,25.0432]]]}},{"type":"Feature","properties":{"unit_id":"BD50640028","level":"upazila","name_en":"Dhamoirhat","name_bn":"Dhamoirhat","division":"Rajshahi"},"geometry":{"type":"Polygon","coordinates":[[[88.8516,25.2007],[88.8647,25.2005],[88.8643,25.1905],[88.8746,25.1964],[88.8753,25.1795],[88.8895,25.1785],[88.8902,25.1851],[88.9107,25.1805],[88.9119,25.169],[88.9244,25.1643],[88.9201,25.1459],[88.929,25.1412],[88.923,25.1321],[88.9409,25.1163],[88.941,25.0968],[88.931,25.0712],[88.9453,25.0533],[88.9298,25.0298],[88.9348,25.0222],[88.9297,25.018],[88.9232,25.0192],[88.9167,25.0344],[88.8858,25.0372],[88.8793,25.0467],[88.8815,25.0558],[88.8592,25.065],[88.8158,25.0547],[88.819,25.0621],[88.8067,25.0659],[88.8081,25.0754],[88.8281,25.0938],[88.826,25.1065],[88.8116,25.1083],[88.8077,25.1165],[88.7999,25.1166],[88.796,25.1085],[88.7794,25.1097],[88.7638,25.0935],[88.7571,25.097],[88.7585,25.1118],[88.7456,25.1176],[88.6827,25.1214],[88.6886,25.1657],[88.682,25.1611],[88.6815,25.1711],[88.6702,25.1752],[88.6729,25.1866],[88.6666,25.1871],[88.6802,25.2093],[88.7145,25.2073],[88.7329,25.1994],[88.7346,25.1849],[88.751,25.1834],[88.7494,25.1775],[88.7728,25.1904],[88.7743,25.18],[88.8062,25.1712],[88.8138,25.1751],[88.8176,25.1891],[88.8272,25.1923],[88.831,25.2069],[88.8458,25.2112],[88.8516,25.2007]]]}},{"type":"Feature","properties":{"unit_id":"BD50640050","level":"upazila","name_en":"Mahadebpur","name_bn":"Mahadebpur","division":"Rajshahi"},"geometry":{"type":"Polygon","coordinates":[[[88.8039,25.0067],[88.8412,25.0049],[88.8555,25.0125],[88.8734,25.0076],[88.8641,24.9866],[88.8543,24.9882],[88.8515,24.9822],[88.8623,24.9804],[88.8534,24.9659],[88.8643,24.9448],[88.8549,24.9318],[88.8661,24.9257],[88.8607,24.9175],[88.8683,24.9144],[88.8612,24.9027],[88.8664,24.8793],[88.8626,24.8704],[88.8649,24.8643],[88.8819,24.8612],[88.8811,24.8488],[88.8734,24.8291],[88.8566,24.813],[88.8352,24.8145],[88.8402,24.8229],[88.8359,24.8282],[88.8115,24.8349],[88.8164,24.8604],[88.8102,24.8655],[88.7875,24.8395],[88.761,24.8454],[88.7509,24.8204],[88.7333,24.8216],[88.7304,24.8299],[88.7298,24.8095],[88.7245,24.8071],[88.7139,24.8189],[88.7039,24.8203],[88.7085,24.8433],[88.7241,24.8517],[88.7175,24.8548],[88.7195,24.867],[88.6875,24.8774],[88.6754,24.8767],[88.6666,24.8645],[88.6555,24.8743],[88.6453,24.872],[88.6474,24.8862],[88.655,24.8855],[88.6612,24.8973],[88.6574,24.9018],[88.6628,24.9199],[88.6351,24.9539],[88.6393,24.9562],[88.6356,24.9661],[88.6449,24.9677],[88.6387,24.9728],[88.64,24.9972],[88.6784,24.9874],[88.6819,25.0],[88.6956,25.0037],[88.7077,24.9983],[88.7099,25.0149],[88.7151,25.0077],[88.7264,25.0136],[88.7304,25.0028],[88.7524,24.998],[88.7608,24.9995],[88.7594,25.0124],[88.7978,25.0137],[88.8039,25.0067]]]}},{"type":"Feature","properties":{"unit_id":"BD50640047","level":"upazila","name_en":"Manda","name_bn":"Manda","division":"Rajshahi"},"geometry":{"type":"Polygon","coordinates":[[[88.7175,24.8548],[88.7241,24.8517],[88.7085,24.8433],[88.7039,24.8203],[88.7139,24.8189],[88.7237,24.8074],[88.7292,24.8073],[88.7304,24.8299],[88.7333,24.8216],[88.7509,24.8204],[88.761,24.8454],[88.7789,24.8451],[88.7953,24.8364],[88.8028,24.8162],[88.7941,24.7842],[88.8047,24.7831],[88.7968,24.772],[88.8147,24.765],[88.8204,24.7516],[88.8147,24.7522],[88.8165,24.736],[88.8252,24.74],[88.8279,24.7324],[88.8337,24.7336],[88.8422,24.7229],[88.8484,24.7258],[88.8527,24.7173],[88.8457,24.7132],[88.8453,24.6804],[88.8357,24.684],[88.8334,24.6784],[88.8133,24.6729],[88.8048,24.6754],[88.8027,24.6871],[88.7935,24.6892],[88.7673,24.6707],[88.7416,24.688],[88.7342,24.6671],[88.7193,24.6646],[88.7176,24.6722],[88.7015,24.667],[88.7028,24.6508],[88.6944,24.6435],[88.7012,24.6423],[88.7051,24.6321],[88.693,24.6295],[88.6924,24.6388],[88.6829,24.6404],[88.6525,24.6281],[88.6481,24.6354],[88.6366,24.6212],[88.6293,24.6312],[88.6344,24.6365],[88.6271,24.6361],[88.6225,24.6476],[88.6282,24.6716],[88.623,24.6937],[88.6155,24.703],[88.592,24.7],[88.5955,24.7221],[88.5899,24.7287],[88.5995,24.7361],[88.6108,24.7335],[88.6294,24.7493],[88.6178,24.767],[88.6216,24.7795],[88.6163,24.7847],[88.6199,24.7905],[88.6268,24.789],[88.6272,24.798],[88.6389,24.8009],[88.6296,24.8113],[88.6379,24.8284],[88.6361,24.8445],[88.6549,24.8456],[88.6644,24.8324],[88.6628,24.8506],[88.6515,24.8572],[88.649,24.8722],[88.6555,24.8743],[88.6666,24.8645],[88.6754,24.8767],[88.7195,24.867],[88.7175,24.8548]]]}},{"type":"Feature","properties":{"unit_id":"BD50640060","level":"upazila","name_en":"Naogaon Sadar","name_bn":"Naogaon Sadar","division":"Rajshahi"},"geometry":{"type":"Polygon","coordinates":[[[89.007,24.8966],[88.9897,24.8791],[88.9907,24.8596],[88.9744,24.8488],[88.9792,24.8305],[88.9877,24.8277],[88.9701,24.8247],[88.9739,24.8092],[88.9827,24.8057],[88.9718,24.7901],[88.9787,24.7853],[88.9633,24.7547],[88.9683,24.7468],[88.9455,24.748],[88.9394,24.7348],[88.9249,24.7282],[88.9049,24.7318],[88.9021,24.7243],[88.8924,24.7337],[88.8738,24.72],[88.87,24.7244],[88.8633,24.7196],[88.8656,24.7256],[88.8547,24.7299],[88.8422,24.7229],[88.8252,24.74],[88.8165,24.736],[88.8147,24.7522],[88.8204,24.7516],[88.8147,24.7649],[88.7968,24.772],[88.8047,24.7838],[88.7941,24.7842],[88.8026,24.8181],[88.7953,24.8364],[88.7869,24.8395],[88.8029,24.8614],[88.8157,24.8639],[88.812,24.8343],[88.8359,24.8282],[88.8402,24.8229],[88.8352,24.8145],[88.8562,24.8129],[88.8734,24.8291],[88.8821,24.8605],[88.8645,24.8648],[88.8624,24.9105],[88.8784,24.9156],[88.9053,24.9055],[88.9071,24.9132],[88.918,24.9119],[88.9271,24.9047],[88.9224,24.8906],[88.9568,24.883],[88.9883,24.8907],[88.9969,24.8976],[88.9987,24.9107],[89.007,24.8966]]]}},{"type":"Feature","properties":{"unit_id":"BD50640069","level":"upazila","name_en":"Niamatpur","name_bn":"Niamatpur","division":"Rajshahi"},"geometry":{"type":"Polygon","coordinates":[[[88.6049,24.9521],[88.62,24.946],[88.6282,24.9557],[88.6372,24.9529],[88.6387,24.9435],[88.6486,24.9419],[88.648,24.9336],[88.6541,24.9341],[88.6544,24.925],[88.6626,24.9204],[88.6574,24.9018],[88.6612,24.8973],[88.6438,24.8763],[88.6515,24.8572],[88.6628,24.8506],[88.6644,24.8324],[88.6549,24.8456],[88.6361,24.8445],[88.6379,24.8284],[88.6296,24.8113],[88.6389,24.8009],[88.6272,24.798],[88.6268,24.789],[88.6199,24.7905],[88.6163,24.7847],[88.6216,24.7795],[88.6178,24.767],[88.6295,24.7497],[88.6108,24.7335],[88.5995,24.7361],[88.5901,24.7291],[88.5955,24.7221],[88.5917,24.696],[88.5765,24.6807],[88.5705,24.6849],[88.5773,24.6965],[88.567,24.7032],[88.5428,24.7028],[88.5058,24.7164],[88.5087,24.7335],[88.4916,24.7392],[88.4874,24.734],[88.4613,24.7347],[88.4646,24.75],[88.455,24.7533],[88.4581,24.7611],[88.4731,24.7607],[88.4738,24.7489],[88.4915,24.7463],[88.491,24.7722],[88.4784,24.7742],[88.4714,24.7649],[88.4566,24.7792],[88.4354,24.7815],[88.4295,24.7739],[88.4129,24.7728],[88.4214,24.7878],[88.4322,24.7879],[88.443,24.8241],[88.4318,24.8163],[88.4231,24.8236],[88.4096,24.8237],[88.4175,24.8314],[88.4103,24.8399],[88.4108,24.8314],[88.4045,24.8324],[88.3926,24.8193],[88.3823,24.8229],[88.3846,24.8336],[88.3855,24.8293],[88.4,24.8308],[88.3952,24.8385],[88.4031,24.8389],[88.404,24.8474],[88.4208,24.849],[88.4309,24.8392],[88.4369,24.8469],[88.452,24.8453],[88.4546,24.8491],[88.4408,24.8565],[88.4447,24.863],[88.4566,24.8589],[88.4692,24.8439],[88.4711,24.864],[88.4915,24.8845],[88.4844,24.9084],[88.5162,24.9055],[88.5145,24.9145],[88.5278,24.9277],[88.5141,24.9491],[88.5178,24.9642],[88.5297,24.9716],[88.5305,24.9503],[88.5528,24.9313],[88.5587,24.9375],[88.5814,24.9397],[88.5848,24.9497],[88.5958,24.9467],[88.5911,24.9636],[88.5763,24.964],[88.5773,24.9723],[88.5863,24.9721],[88.5821,24.9769],[88.5909,24.9772],[88.6049,24.9521]]]}},{"type":"Feature","properties":{"unit_id":"BD50640075","level":"upazila","name_en":"Patnitala","name_bn":"Patnitala","division":"Rajshahi"},"geometry":{"type":"Polygon","coordinates":[[[88.6702,25.1752],[88.6815,25.1711],[88.6823,25.1608],[88.6886,25.1657],[88.6844,25.1198],[88.7456,25.1176],[88.7585,25.1118],[88.7571,25.097],[88.7638,25.0935],[88.7794,25.1097],[88.796,25.1085],[88.8014,25.117],[88.8116,25.1083],[88.826,25.1065],[88.8276,25.0911],[88.8129,25.0835],[88.8067,25.0659],[88.819,25.0621],[88.817,25.054],[88.8587,25.0651],[88.8815,25.0558],[88.8793,25.0467],[88.8854,25.0374],[88.9007,25.0318],[88.8989,25.0133],[88.9079,24.9965],[88.8984,24.9888],[88.8939,24.996],[88.8745,24.9984],[88.8734,25.0076],[88.8652,25.0109],[88.8317,25.0051],[88.7634,25.0165],[88.7608,24.9995],[88.7524,24.998],[88.7304,25.0028],[88.7264,25.0136],[88.7151,25.0077],[88.7099,25.0149],[88.7077,24.9983],[88.6956,25.0037],[88.6819,25.0],[88.6784,24.9874],[88.6343,25.0008],[88.6229,25.0121],[88.6207,25.0264],[88.6267,25.0326],[88.6115,25.0547],[88.6171,25.0579],[88.6104,25.0636],[88.6113,25.0732],[88.6182,25.0728],[88.6187,25.0796],[88.6064,25.0848],[88.5986,25.0998],[88.621,25.1154],[88.6143,25.1141],[88.5964,25.1296],[88.5981,25.1526],[88.5869,25.1563],[88.5885,25.1672],[88.5744,25.1766],[88.613,25.2043],[88.6706,25.1987],[88.6702,25.1752]]]}},{"type":"Feature","properties":{"unit_id":"BD50640079","level":"upazila","name_en":"Porsha","name_bn":"Porsha","division":"Rajshahi"},"geometry":{"type":"Polygon","coordinates":[[[88.4607,25.0696],[88.4711,25.0647],[88.4671,25.072],[88.4862,25.0597],[88.4871,25.067],[88.5058,25.0736],[88.5213,25.0716],[88.5221,25.0666],[88.5248,25.0751],[88.5438,25.0709],[88.5481,25.0642],[88.5544,25.0667],[88.5456,25.0352],[88.5387,25.0321],[88.5513,25.0112],[88.5616,25.0219],[88.5912,25.0335],[88.6208,25.0298],[88.623,25.0119],[88.6426,24.9951],[88.6387,24.9728],[88.6449,24.9677],[88.6346,24.9613],[88.6393,24.9562],[88.6144,24.9468],[88.5982,24.9595],[88.5904,24.9777],[88.5821,24.9769],[88.5863,24.9721],[88.5773,24.9723],[88.5767,24.9625],[88.5911,24.9636],[88.5958,24.9467],[88.5848,24.9497],[88.5814,24.9397],[88.5502,24.9313],[88.5305,24.9503],[88.5274,24.9716],[88.5175,24.9637],[88.514,24.9499],[88.5278,24.9277],[88.5145,24.9145],[88.5162,24.9055],[88.4956,24.9098],[88.4912,24.931],[88.473,24.9418],[88.4539,24.9358],[88.4571,24.9225],[88.44,24.9251],[88.4323,24.9332],[88.4344,24.964],[88.4199,24.9699],[88.4003,24.9637],[88.3948,24.968],[88.4053,24.9796],[88.4172,24.9743],[88.4121,24.9987],[88.4198,24.9995],[88.4251,25.0165],[88.434,25.0054],[88.4355,25.0143],[88.4417,25.0134],[88.4382,25.0231],[88.4528,25.0386],[88.4376,25.0431],[88.435,25.0561],[88.453,25.0789],[88.4466,25.0878],[88.469,25.0869],[88.4607,25.0696]]]}},{"type":"Feature","properties":{"unit_id":"BD50640085","level":"upazila","name_en":"Raninagar","name_bn":"Raninagar","division":"Rajshahi"},"geometry":{"type":"Polygon","coordinates":[[[89.0757,24.791],[89.0885,24.785],[89.0813,24.7665],[89.0967,24.7523],[89.0827,24.742],[89.0956,24.735],[89.0865,24.7282],[89.0824,24.7314],[89.0818,24.7205],[89.0974,24.7274],[89.1084,24.7168],[89.1196,24.7159],[89.1093,24.7231],[89.1128,24.7254],[89.1303,24.7184],[89.1296,24.7278],[89.1254,24.7235],[89.1217,24.7312],[89.1227,24.7336],[89.1274,24.7324],[89.1256,24.7402],[89.1313,24.7436],[89.1344,24.7348],[89.1494,24.7401],[89.1443,24.717],[89.1336,24.7124],[89.13,24.7049],[89.1347,24.7032],[89.1293,24.7004],[89.1362,24.6926],[89.131,24.6646],[89.1371,24.6609],[89.1245,24.6598],[89.1239,24.6552],[89.121,24.659],[89.1142,24.6436],[89.0944,24.6458],[89.0962,24.6701],[89.0858,24.6711],[89.0796,24.6693],[89.072,24.6411],[89.0552,24.6389],[89.0544,24.6487],[89.0159,24.658],[89.0195,24.6716],[88.9935,24.6701],[88.9785,24.6954],[88.9473,24.6893],[88.9523,24.666],[88.9474,24.6642],[88.9214,24.6694],[88.928,24.6808],[88.8963,24.7057],[88.8863,24.6788],[88.866,24.696],[88.8455,24.6983],[88.8521,24.7295],[88.8653,24.7259],[88.8633,24.7196],[88.87,24.7244],[88.8738,24.72],[88.8924,24.7337],[88.9021,24.7243],[88.9049,24.7318],[88.9344,24.7312],[88.9511,24.75],[88.9738,24.7402],[88.9795,24.7478],[88.9922,24.7445],[88.9978,24.7666],[89.0142,24.7661],[89.0209,24.7818],[89.0376,24.7832],[89.0453,24.7909],[89.0666,24.7832],[89.0757,24.791]]]}},{"type":"Feature","properties":{"unit_id":"BD50640086","level":"upazila","name_en":"Sapahar","name_bn":"Sapahar","division":"Rajshahi"},"geometry":{"type":"Polygon","coordinates":[[[88.5375,25.1982],[88.5323,25.194],[88.5373,25.187],[88.5423,25.1942],[88.557,25.1932],[88.5565,25.179],[88.5885,25.1672],[88.5869,25.1563],[88.5981,25.1526],[88.5961,25.13],[88.6143,25.1141],[88.621,25.1154],[88.5986,25.0998],[88.6064,25.0848],[88.6187,25.0796],[88.6182,25.0728],[88.6113,25.0732],[88.6104,25.0636],[88.6171,25.0579],[88.6115,25.0547],[88.6255,25.0277],[88.5912,25.0335],[88.5616,25.0219],[88.5513,25.0112],[88.5387,25.0321],[88.5456,25.0352],[88.5544,25.0667],[88.5481,25.0642],[88.5438,25.0709],[88.5248,25.0751],[88.5221,25.0666],[88.5213,25.0716],[88.5058,25.0736],[88.4871,25.067],[88.487,25.0597],[88.4671,25.072],[88.4711,25.0647],[88.4607,25.0696],[88.469,25.0869],[88.4466,25.0878],[88.4412,25.1243],[88.46,25.1397],[88.4594,25.1609],[88.4422,25.1745],[88.4433,25.1957],[88.4403,25.2],[88.4372,25.198],[88.4361,25.2008],[88.4418,25.2107],[88.4373,25.1988],[88.4403,25.2011],[88.4633,25.1953],[88.4717,25.1979],[88.4761,25.2139],[88.5375,25.1982]]]}},{"type":"Feature","properties":{"unit_id":"BD50690009","level":"upazila","name_en":"Bagatipara","name_bn":"Bagatipara","division":"Rajshahi"},"geometry":{"type":"Polygon","coordinates":[[[88.974,24.3552],[88.9867,24.3627],[88.9838,24.3566],[88.9935,24.344],[89.0286,24.3333],[89.0438,24.3224],[89.0379,24.2901],[89.0266,24.2931],[89.0301,24.2834],[89.0079,24.2703],[88.9838,24.2748],[88.9679,24.2925],[88.9505,24.2903],[88.9472,24.28],[88.9376,24.2805],[88.9407,24.2555],[88.9341,24.2467],[88.9257,24.2488],[88.9017,24.2727],[88.9042,24.2921],[88.8788,24.2929],[88.8685,24.3148],[88.8577,24.3099],[88.8602,24.3033],[88.8535,24.3034],[88.8459,24.3194],[88.8506,24.3266],[88.8448,24.3413],[88.8497,24.3467],[88.8586,24.3409],[88.8661,24.3503],[88.8696,24.3423],[88.8835,24.3401],[88.8948,24.3486],[88.9051,24.3476],[88.9118,24.3566],[88.9116,24.3492],[88.921,24.3528],[88.9291,24.347],[88.9358,24.3479],[88.9396,24.3598],[88.954,24.3552],[88.9683,24.3636],[88.974,24.3552]]]}},{"type":"Feature","properties":{"unit_id":"BD50690015","level":"upazila","name_en":"Baraigram","name_bn":"Baraigram","division":"Rajshahi"},"geometry":{"type":"Polygon","coordinates":[[[89.2896,24.3033],[89.2794,24.3044],[89.2773,24.2944],[89.2696,24.2965],[89.256,24.2734],[89.2428,24.2755],[89.2342,24.266],[89.2408,24.245],[89.2216,24.2333],[89.2251,24.2236],[89.2181,24.2112],[89.191,24.1969],[89.1793,24.1971],[89.1625,24.172],[89.1459,24.1643],[89.1276,24.1715],[89.1292,24.1668],[89.1058,24.1611],[89.113,24.1983],[89.0983,24.215],[89.1087,24.239],[89.1183,24.242],[89.0982,24.2552],[89.11,24.2682],[89.107,24.2745],[89.0883,24.2715],[89.0886,24.2586],[89.0725,24.2499],[89.0653,24.2573],[89.0608,24.251],[89.0469,24.2581],[89.0316,24.2483],[89.0207,24.2622],[89.0311,24.2747],[89.0266,24.2931],[89.0379,24.2901],[89.0427,24.302],[89.0398,24.3142],[89.0463,24.3372],[89.0611,24.3494],[89.0716,24.3456],[89.087,24.3561],[89.0924,24.3497],[89.1001,24.3538],[89.0969,24.3482],[89.0812,24.3447],[89.0952,24.3344],[89.1144,24.3458],[89.1573,24.3365],[89.1642,24.3389],[89.1648,24.3538],[89.1917,24.3536],[89.2142,24.3328],[89.2343,24.3267],[89.2353,24.3157],[89.2466,24.3051],[89.2667,24.3063],[89.2768,24.3304],[89.2906,24.3237],[89.2896,24.3033]]]}},{"type":"Feature","properties":{"unit_id":"BD50690041","level":"upazila","name_en":"Gurudaspur","name_bn":"Gurudaspur","division":"Rajshahi"},"geometry":{"type":"Polygon","coordinates":[[[89.2676,24.4325],[89.2849,24.4251],[89.284,24.3839],[89.2934,24.3699],[89.3005,24.3721],[89.3209,24.3529],[89.3151,24.3385],[89.3031,24.3345],[89.3007,24.3275],[89.2906,24.3287],[89.2906,24.3237],[89.2768,24.3304],[89.2664,24.306],[89.2462,24.3052],[89.2353,24.3157],[89.2343,24.3267],[89.2142,24.3328],[89.1917,24.3536],[89.1648,24.3538],[89.1642,24.3389],[89.1573,24.3365],[89.1144,24.3458],[89.0952,24.3344],[89.0812,24.3447],[89.0969,24.3482],[89.1001,24.3538],[89.0924,24.3497],[89.087,24.3561],[89.0826,24.3507],[89.0677,24.358],[89.084,24.3701],[89.0773,24.3758],[89.0938,24.382],[89.0967,24.3915],[89.0903,24.3921],[89.1024,24.396],[89.1017,24.4095],[89.1131,24.407],[89.13,24.4175],[89.1345,24.4103],[89.1485,24.4115],[89.1664,24.4031],[89.1724,24.4157],[89.204,24.4096],[89.2172,24.4142],[89.2118,24.4253],[89.2323,24.4417],[89.2421,24.4435],[89.2528,24.429],[89.2676,24.4325]]]}},{"type":"Feature","properties":{"unit_id":"BD50690044","level":"upazila","name_en":"Lalpur","name_bn":"Lalpur","division":"Rajshahi"},"geometry":{"type":"Polygon","coordinates":[[[88.9838,24.2748],[89.0071,24.2702],[89.0285,24.2829],[89.0304,24.2712],[89.0207,24.2622],[89.0331,24.2481],[89.0469,24.2581],[89.0608,24.251],[89.0653,24.2573],[89.0725,24.2499],[89.0886,24.2586],[89.0883,24.2715],[89.1097,24.2723],[89.0982,24.2552],[89.1183,24.242],[89.1087,24.239],[89.0983,24.215],[89.113,24.1983],[89.1058,24.1611],[89.0926,24.1581],[89.082,24.1634],[89.0818,24.1535],[89.0627,24.148],[89.0444,24.1681],[89.0374,24.1571],[89.0255,24.1696],[88.9953,24.1558],[89.0159,24.1452],[88.999,24.1421],[89.0174,24.1413],[89.0129,24.1367],[89.0044,24.14],[89.0101,24.128],[89.005,24.1165],[88.952,24.1236],[88.9367,24.1312],[88.9207,24.1209],[88.9188,24.1329],[88.9064,24.1271],[88.9096,24.1169],[88.8805,24.1063],[88.8809,24.1209],[88.8617,24.117],[88.8732,24.1338],[88.8836,24.133],[88.8923,24.1522],[88.9028,24.1559],[88.894,24.1545],[88.8951,24.1644],[88.8617,24.1673],[88.8736,24.1826],[88.8675,24.1875],[88.8763,24.1995],[88.8686,24.2117],[88.8745,24.2173],[88.8747,24.2373],[88.8792,24.2384],[88.881,24.2287],[88.898,24.2329],[88.8996,24.2418],[88.9169,24.2446],[88.9212,24.2551],[88.9341,24.2467],[88.942,24.2613],[88.9376,24.2805],[88.9472,24.28],[88.9505,24.2903],[88.9708,24.2903],[88.9838,24.2748]]]}},{"type":"Feature","properties":{"unit_id":"BD50690055","level":"upazila","name_en":"Naldanga","name_bn":"Naldanga","division":"Rajshahi"},"geometry":{"type":"Polygon","coordinates":[[[89.0111,24.5655],[89.0058,24.5576],[89.0116,24.5514],[89.0296,24.558],[89.0524,24.536],[89.0647,24.5386],[89.0576,24.528],[89.0657,24.5254],[89.0554,24.5202],[89.059,24.5107],[89.0507,24.5009],[89.0551,24.4912],[89.0456,24.4822],[89.0469,24.4755],[89.0338,24.4603],[89.0121,24.4635],[89.0095,24.4501],[88.9473,24.4542],[88.9456,24.4441],[88.9297,24.4399],[88.9012,24.4477],[88.892,24.4562],[88.8995,24.4653],[88.8927,24.475],[88.8954,24.4857],[88.9023,24.4854],[88.9161,24.5058],[88.9262,24.5033],[88.9282,24.5174],[88.8983,24.512],[88.898,24.5217],[88.8814,24.5212],[88.8849,24.5297],[88.8889,24.5344],[88.8993,24.5287],[88.8973,24.5384],[88.922,24.5482],[88.9401,24.5397],[88.9492,24.5495],[88.9632,24.552],[88.9631,24.5835],[88.9739,24.5843],[89.0111,24.5655]]]}},{"type":"Feature","properties":{"unit_id":"BD50690063","level":"upazila","name_en":"Natore Sadar","name_bn":"Natore Sadar","division":"Rajshahi"},"geometry":{"type":"Polygon","coordinates":[[[89.0498,24.4559],[89.0638,24.45],[89.0529,24.4386],[89.0559,24.4298],[89.0708,24.4431],[89.0769,24.4357],[89.0753,24.4082],[89.0799,24.4074],[89.0869,24.422],[89.0909,24.4132],[89.1063,24.4095],[89.1015,24.4093],[89.1024,24.396],[89.0903,24.3921],[89.0967,24.3915],[89.0931,24.381],[89.0773,24.3758],[89.084,24.3701],[89.0676,24.3593],[89.0796,24.3517],[89.0716,24.3456],[89.0606,24.3491],[89.0463,24.3372],[89.0441,24.3223],[88.9935,24.344],[88.9846,24.3633],[88.9741,24.3552],[88.9669,24.3642],[88.954,24.3552],[88.941,24.3604],[88.9358,24.3479],[88.9291,24.347],[88.921,24.3528],[88.9116,24.3492],[88.9118,24.3566],[88.9051,24.3476],[88.8948,24.3486],[88.8835,24.3401],[88.8696,24.3423],[88.8661,24.3503],[88.8586,24.3409],[88.8504,24.3465],[88.8617,24.3641],[88.8738,24.3592],[88.8803,24.3658],[88.8934,24.3641],[88.8962,24.3803],[88.89,24.3839],[88.9014,24.409],[88.8962,24.4397],[88.9015,24.4486],[88.9297,24.4399],[88.9456,24.4441],[88.9473,24.4542],[88.987,24.4553],[88.9966,24.4481],[89.0103,24.4508],[89.0121,24.4635],[89.0338,24.4603],[89.0348,24.4663],[89.0434,24.4664],[89.0498,24.4559]]]}},{"type":"Feature","properties":{"unit_id":"BD50690091","level":"upazila","name_en":"Singra","name_bn":"Singra","division":"Rajshahi"},"geometry":{"type":"Polygon","coordinates":[[[89.1657,24.6706],[89.1443,24.6717],[89.1443,24.6594],[89.1354,24.6563],[89.1412,24.6313],[89.1523,24.6227],[89.1499,24.6164],[89.1715,24.6216],[89.1736,24.6454],[89.1793,24.643],[89.1892,24.6507],[89.191,24.6401],[89.2009,24.6423],[89.2031,24.6337],[89.2101,24.6335],[89.195,24.6142],[89.2043,24.6111],[89.2053,24.6037],[89.2072,24.6107],[89.2156,24.6127],[89.2128,24.5989],[89.2275,24.5794],[89.2388,24.5834],[89.239,24.5947],[89.2536,24.6049],[89.2491,24.6178],[89.2586,24.6281],[89.2951,24.6222],[89.2969,24.6139],[89.306,24.6135],[89.3068,24.5981],[89.3271,24.5985],[89.3239,24.5829],[89.3378,24.56],[89.3366,24.5465],[89.3166,24.5261],[89.3143,24.5147],[89.3046,24.5104],[89.3049,24.5022],[89.2824,24.488],[89.2833,24.471],[89.2779,24.4716],[89.2831,24.4689],[89.2746,24.4531],[89.2485,24.4353],[89.2408,24.4376],[89.2421,24.4435],[89.2323,24.4417],[89.2118,24.4253],[89.2172,24.4142],[89.1964,24.4088],[89.1724,24.4157],[89.1664,24.4031],[89.1485,24.4115],[89.1345,24.4103],[89.1316,24.4175],[89.1118,24.4071],[89.0909,24.4132],[89.0869,24.422],[89.0768,24.4073],[89.0719,24.4139],[89.0778,24.4173],[89.0749,24.4393],[89.0671,24.4415],[89.0559,24.4298],[89.0529,24.4386],[89.0638,24.45],[89.0498,24.4559],[89.0394,24.4694],[89.0551,24.4912],[89.0506,24.5006],[89.059,24.5107],[89.0554,24.5202],[89.0657,24.5254],[89.0577,24.5282],[89.0655,24.5353],[89.0818,24.5344],[89.0863,24.5458],[89.0943,24.5388],[89.0998,24.543],[89.1069,24.5877],[89.0964,24.5942],[89.1039,24.6218],[89.0992,24.6369],[89.1184,24.6471],[89.121,24.659],[89.1239,24.6552],[89.1245,24.6598],[89.1371,24.6609],[89.131,24.6646],[89.1362,24.685],[89.1414,24.6795],[89.1624,24.6873],[89.1657,24.6706]]]}},{"type":"Feature","properties":{"unit_id":"BD50760005","level":"upazila","name_en":"Atgharia","name_bn":"Atgharia","division":"Rajshahi"},"geometry":{"type":"Polygon","coordinates":[[[89.1939,24.1905],[89.2042,24.1899],[89.2004,24.1711],[89.2139,24.1718],[89.2171,24.1508],[89.2194,24.1491],[89.2284,24.162],[89.2229,24.1692],[89.2414,24.1659],[89.2408,24.1377],[89.2611,24.1505],[89.287,24.1079],[89.3034,24.1079],[89.3205,24.1196],[89.3237,24.1054],[89.336,24.102],[89.3542,24.1066],[89.3599,24.1219],[89.3789,24.1123],[89.3899,24.1164],[89.4016,24.1045],[89.41,24.1135],[89.4178,24.1012],[89.4079,24.0942],[89.4224,24.076],[89.4165,24.0449],[89.4042,24.041],[89.3888,24.0533],[89.3807,24.0408],[89.3753,24.0542],[89.3603,24.0487],[89.3348,24.0691],[89.3116,24.0531],[89.307,24.0648],[89.2913,24.067],[89.2858,24.062],[89.2749,24.0772],[89.2182,24.0819],[89.2187,24.0898],[89.211,24.0841],[89.1979,24.0937],[89.1888,24.0898],[89.1868,24.1095],[89.1724,24.1088],[89.1748,24.1195],[89.1685,24.1258],[89.1753,24.1271],[89.1764,24.1402],[89.1727,24.1425],[89.1694,24.1351],[89.163,24.1455],[89.162,24.1717],[89.1793,24.1971],[89.1902,24.197],[89.1939,24.1905]]]}},{"type":"Feature","properties":{"unit_id":"BD50760016","level":"upazila","name_en":"Bera","name_bn":"Bera","division":"Rajshahi"},"geometry":{"type":"Polygon","coordinates":[[[89.6295,24.0833],[89.639,24.0849],[89.6815,24.0574],[89.6798,24.0364],[89.6938,24.0395],[89.7034,24.0198],[89.722,24.0116],[89.6981,23.9877],[89.6974,23.9433],[89.6871,23.94],[89.6885,23.927],[89.6986,23.9256],[89.7009,23.8977],[89.7062,23.8925],[89.6987,23.8669],[89.7065,23.8768],[89.7145,23.858],[89.7353,23.8359],[89.7074,23.815],[89.6652,23.8093],[89.6368,23.8164],[89.6196,23.8392],[89.6249,23.8572],[89.6155,23.8723],[89.6276,23.884],[89.6177,23.8966],[89.6012,23.8907],[89.6047,23.8999],[89.5869,23.9111],[89.6202,23.9123],[89.6115,23.9303],[89.5846,23.9448],[89.5994,23.9511],[89.6181,23.9752],[89.6266,23.9761],[89.6186,23.9794],[89.621,23.9952],[89.6105,24.0133],[89.6104,24.0264],[89.5978,24.042],[89.6113,24.0603],[89.607,24.0784],[89.6003,24.0828],[89.6136,24.0985],[89.6295,24.0833]]]}},{"type":"Feature","properties":{"unit_id":"BD50760019","level":"upazila","name_en":"Bhangura","name_bn":"Bhangura","division":"Rajshahi"},"geometry":{"type":"Polygon","coordinates":[[[89.4006,24.3244],[89.4185,24.3229],[89.4268,24.3095],[89.4206,24.305],[89.421,24.2854],[89.4301,24.269],[89.4245,24.2515],[89.4391,24.2542],[89.4416,24.2646],[89.4506,24.2701],[89.4635,24.2531],[89.4569,24.2361],[89.4459,24.2336],[89.4557,24.2286],[89.473,24.2343],[89.4791,24.2267],[89.4733,24.2193],[89.4649,24.2227],[89.4676,24.2145],[89.4405,24.2151],[89.4411,24.2048],[89.4332,24.1982],[89.4252,24.2158],[89.4178,24.2178],[89.4107,24.1927],[89.4033,24.1914],[89.3999,24.1826],[89.4015,24.1632],[89.3967,24.1646],[89.4106,24.155],[89.4006,24.1486],[89.4031,24.1392],[89.3954,24.1363],[89.3925,24.1539],[89.3614,24.1679],[89.3653,24.1757],[89.3528,24.1846],[89.3602,24.1877],[89.3588,24.2004],[89.3349,24.2143],[89.3396,24.2225],[89.3355,24.2264],[89.3232,24.2293],[89.3374,24.2547],[89.3488,24.2623],[89.3605,24.2585],[89.3657,24.2675],[89.3852,24.2719],[89.3924,24.2881],[89.3747,24.3291],[89.3834,24.342],[89.4032,24.3342],[89.4006,24.3244]]]}},{"type":"Feature","properties":{"unit_id":"BD50760022","level":"upazila","name_en":"Chatmohar","name_bn":"Chatmohar","division":"Rajshahi"},"geometry":{"type":"Polygon","coordinates":[[[89.3747,24.3291],[89.3896,24.2972],[89.3866,24.2915],[89.3923,24.2887],[89.3897,24.2798],[89.3823,24.2686],[89.3753,24.2726],[89.3605,24.2585],[89.3488,24.2623],[89.3374,24.2547],[89.3232,24.2293],[89.3355,24.2264],[89.3396,24.2225],[89.3349,24.2143],[89.3588,24.2004],[89.3602,24.1877],[89.3528,24.1844],[89.3653,24.1757],[89.3614,24.1679],[89.3735,24.1633],[89.3597,24.1498],[89.3619,24.1419],[89.3712,24.1403],[89.3643,24.1208],[89.3581,24.1213],[89.3595,24.1115],[89.336,24.102],[89.3237,24.1054],[89.3202,24.1196],[89.3034,24.1079],[89.287,24.1079],[89.2611,24.1505],[89.2408,24.1377],[89.2417,24.1652],[89.236,24.1681],[89.2218,24.1681],[89.2284,24.162],[89.2187,24.1494],[89.2139,24.1718],[89.2004,24.1711],[89.2042,24.1899],[89.1939,24.1905],[89.1919,24.1973],[89.2167,24.2097],[89.2251,24.2236],[89.2216,24.2333],[89.2389,24.2407],[89.2421,24.2539],[89.234,24.2582],[89.235,24.267],[89.2428,24.2755],[89.256,24.2734],[89.2696,24.2965],[89.2773,24.2944],[89.2794,24.3044],[89.2896,24.3033],[89.2906,24.3287],[89.3007,24.3275],[89.3031,24.3345],[89.3147,24.3382],[89.3195,24.3507],[89.354,24.3484],[89.3668,24.3539],[89.3834,24.342],[89.3747,24.3291]]]}},{"type":"Feature","properties":{"unit_id":"BD50760033","level":"upazila","name_en":"Faridpur","name_bn":"\u09ab\u09b0\u09bf\u09a6\u09aa\u09c1\u09b0","division":"Rajshahi"},"geometry":{"type":"Polygon","coordinates":[[[89.4462,24.2174],[89.4676,24.2145],[89.4717,24.2027],[89.4899,24.2017],[89.4904,24.2132],[89.5035,24.2113],[89.5045,24.2157],[89.5121,24.1989],[89.5277,24.1931],[89.5191,24.1837],[89.521,24.176],[89.5388,24.1673],[89.5274,24.1659],[89.5318,24.1545],[89.5228,24.149],[89.529,24.1427],[89.515,24.1336],[89.5059,24.1314],[89.4987,24.1391],[89.4822,24.1256],[89.4689,24.1309],[89.4608,24.1245],[89.4521,24.1315],[89.4496,24.12],[89.4417,24.116],[89.45,24.1061],[89.4448,24.0921],[89.4219,24.0871],[89.41,24.1135],[89.4016,24.1045],[89.3899,24.1164],[89.3781,24.1124],[89.3622,24.1225],[89.3712,24.1403],[89.3619,24.1419],[89.3597,24.1498],[89.3735,24.1633],[89.393,24.1532],[89.3935,24.1374],[89.4031,24.1392],[89.4006,24.1486],[89.4106,24.1555],[89.3989,24.1586],[89.3999,24.1826],[89.4033,24.1914],[89.4107,24.1927],[89.4178,24.2178],[89.4332,24.1982],[89.4462,24.2174]]]}},{"type":"Feature","properties":{"unit_id":"BD50760039","level":"upazila","name_en":"Ishwardi","name_bn":"Ishwardi","division":"Rajshahi"},"geometry":{"type":"Polygon","coordinates":[[[89.163,24.1455],[89.1694,24.1351],[89.1727,24.1425],[89.1764,24.1402],[89.1753,24.1271],[89.1685,24.1258],[89.1748,24.1195],[89.1724,24.1088],[89.1868,24.1095],[89.1882,24.0902],[89.1736,24.0891],[89.1576,24.0753],[89.1377,24.0747],[89.1451,23.9641],[89.0944,23.9639],[89.0946,23.973],[89.0707,23.979],[89.0615,23.9895],[89.0226,24.095],[89.005,24.1166],[89.0101,24.128],[89.0044,24.14],[89.0129,24.1367],[89.0174,24.1413],[88.999,24.1421],[89.0157,24.1457],[88.9953,24.1558],[89.0255,24.1696],[89.0386,24.1573],[89.0439,24.1683],[89.0593,24.1505],[89.069,24.1482],[89.0818,24.1535],[89.082,24.1634],[89.099,24.1578],[89.112,24.166],[89.1292,24.1668],[89.1276,24.1715],[89.1459,24.1643],[89.1625,24.171],[89.163,24.1455]]]}},{"type":"Feature","properties":{"unit_id":"BD50760055","level":"upazila","name_en":"Pabna Sadar","name_bn":"Pabna Sadar","division":"Rajshahi"},"geometry":{"type":"Polygon","coordinates":[[[89.211,24.0841],[89.2187,24.0898],[89.2185,24.0819],[89.2749,24.0772],[89.2858,24.062],[89.2913,24.067],[89.307,24.0648],[89.3116,24.0531],[89.3348,24.0691],[89.3603,24.0487],[89.3748,24.0545],[89.384,24.0407],[89.389,24.0533],[89.405,24.0401],[89.4096,24.0214],[89.4197,24.0139],[89.4134,24.0021],[89.4038,24.0013],[89.4082,23.9954],[89.4003,23.9846],[89.406,23.9785],[89.4072,23.9493],[89.3785,23.9077],[89.3674,23.9089],[89.3669,23.8899],[89.3501,23.8861],[89.3457,23.8935],[89.3091,23.879],[89.3025,23.8904],[89.2622,23.8989],[89.2533,23.9054],[89.2432,23.938],[89.2322,23.9455],[89.2334,23.9738],[89.2251,23.9773],[89.2134,23.9721],[89.2133,23.9896],[89.1757,23.9872],[89.1733,23.961],[89.1652,23.9537],[89.1494,23.9532],[89.1399,23.9858],[89.1377,24.0748],[89.1603,24.0763],[89.1736,24.0891],[89.2034,24.09],[89.211,24.0841]]]}},{"type":"Feature","properties":{"unit_id":"BD50760072","level":"upazila","name_en":"Santhia","name_bn":"Santhia","division":"Rajshahi"},"geometry":{"type":"Polygon","coordinates":[[[89.5434,24.1261],[89.5508,24.1314],[89.5623,24.126],[89.5616,24.1188],[89.5557,24.1205],[89.5591,24.113],[89.5798,24.1128],[89.6098,24.0986],[89.6003,24.0828],[89.607,24.0784],[89.6113,24.0603],[89.5978,24.042],[89.6104,24.0264],[89.6105,24.0133],[89.621,23.9952],[89.6186,23.9794],[89.6266,23.9761],[89.6128,23.9705],[89.6081,23.9594],[89.5478,23.9677],[89.5267,23.9563],[89.5209,23.9671],[89.5009,23.9622],[89.484,23.9719],[89.4726,23.9594],[89.4703,23.9684],[89.4537,23.966],[89.4591,23.9753],[89.4382,23.9935],[89.4334,23.9914],[89.4326,23.9993],[89.4214,23.9846],[89.4091,23.9868],[89.4109,23.9945],[89.4038,24.0013],[89.4134,24.0021],[89.4197,24.0139],[89.4096,24.0214],[89.4042,24.041],[89.4165,24.0449],[89.4224,24.076],[89.4078,24.0965],[89.4174,24.0988],[89.4219,24.0871],[89.4448,24.0921],[89.45,24.1061],[89.4417,24.116],[89.4496,24.12],[89.4521,24.1315],[89.46,24.1247],[89.4689,24.1309],[89.4817,24.1254],[89.4987,24.1391],[89.5079,24.131],[89.5292,24.1418],[89.5434,24.1261]]]}},{"type":"Feature","properties":{"unit_id":"BD50760083","level":"upazila","name_en":"Sujanagar","name_bn":"Sujanagar","division":"Rajshahi"},"geometry":{"type":"Polygon","coordinates":[[[89.5846,23.9448],[89.6115,23.9303],[89.6202,23.9123],[89.5869,23.9111],[89.6047,23.8999],[89.6012,23.8907],[89.6177,23.8966],[89.6276,23.884],[89.6155,23.8723],[89.6249,23.8572],[89.6196,23.8392],[89.6354,23.8176],[89.6428,23.8163],[89.6376,23.8094],[89.5868,23.8137],[89.5772,23.8063],[89.5511,23.816],[89.523,23.8168],[89.4655,23.8451],[89.4092,23.8835],[89.3915,23.9046],[89.3785,23.9077],[89.4072,23.9493],[89.406,23.9785],[89.4002,23.9841],[89.4082,23.9954],[89.4091,23.9868],[89.4186,23.9832],[89.4326,23.9993],[89.4334,23.9914],[89.4382,23.9935],[89.4591,23.9753],[89.4537,23.966],[89.4703,23.9684],[89.4726,23.9594],[89.484,23.9719],[89.5009,23.9622],[89.5209,23.9671],[89.5267,23.9563],[89.5478,23.9677],[89.6059,23.9594],[89.5846,23.9448]]]}},{"type":"Feature","properties":{"unit_id":"BD50810010","level":"upazila","name_en":"Bagha","name_bn":"Bagha","division":"Rajshahi"},"geometry":{"type":"Polygon","coordinates":[[[88.8737,24.3108],[88.8788,24.2929],[88.9042,24.2921],[88.9017,24.2728],[88.9191,24.2555],[88.9172,24.2449],[88.9013,24.2431],[88.898,24.2329],[88.881,24.2287],[88.8792,24.2384],[88.8747,24.2373],[88.8745,24.2173],[88.8686,24.2117],[88.8763,24.1995],[88.8675,24.1875],[88.8736,24.1826],[88.8617,24.1673],[88.8951,24.1644],[88.894,24.1545],[88.9028,24.1548],[88.8923,24.1522],[88.8836,24.133],[88.8732,24.1338],[88.8577,24.1141],[88.8451,24.1312],[88.8153,24.1268],[88.7751,24.1533],[88.7822,24.1616],[88.7348,24.2212],[88.7363,24.2281],[88.756,24.2327],[88.7617,24.2407],[88.7887,24.2314],[88.8038,24.2341],[88.8053,24.2398],[88.8252,24.2285],[88.8248,24.2382],[88.841,24.2506],[88.8412,24.2715],[88.8348,24.2729],[88.835,24.279],[88.8555,24.2837],[88.8611,24.2944],[88.8577,24.3099],[88.8652,24.3148],[88.8737,24.3108]]]}},{"type":"Feature","properties":{"unit_id":"BD50810012","level":"upazila","name_en":"Bagmara","name_bn":"Bagmara","division":"Rajshahi"},"geometry":{"type":"Polygon","coordinates":[[[88.8109,24.657],[88.8193,24.6532],[88.8617,24.656],[88.8632,24.6473],[88.8733,24.6452],[88.8793,24.6349],[88.883,24.6434],[88.8903,24.6372],[88.9099,24.6432],[88.9339,24.5882],[88.9418,24.5914],[88.9542,24.5786],[88.9631,24.5835],[88.964,24.5529],[88.9492,24.5495],[88.9441,24.5403],[88.922,24.5482],[88.8981,24.5389],[88.8993,24.5287],[88.8883,24.5341],[88.8803,24.5142],[88.8674,24.5203],[88.8447,24.513],[88.819,24.5231],[88.8158,24.5296],[88.7944,24.5233],[88.7837,24.5316],[88.7536,24.5283],[88.7479,24.5327],[88.7455,24.5096],[88.7282,24.5054],[88.7293,24.5199],[88.7148,24.5257],[88.711,24.544],[88.7052,24.546],[88.7116,24.5668],[88.6944,24.5726],[88.6999,24.5827],[88.6904,24.5887],[88.6906,24.6001],[88.6725,24.6077],[88.6786,24.6155],[88.6789,24.6358],[88.6863,24.6402],[88.6924,24.6388],[88.693,24.6295],[88.7051,24.6321],[88.7012,24.6423],[88.6944,24.6435],[88.7028,24.6508],[88.7015,24.667],[88.7176,24.6722],[88.7193,24.6646],[88.7342,24.6671],[88.7416,24.688],[88.7673,24.6707],[88.7974,24.6892],[88.8048,24.6754],[88.8133,24.6729],[88.8109,24.657]]]}},{"type":"Feature","properties":{"unit_id":"BD50810025","level":"upazila","name_en":"Charghat","name_bn":"Charghat","division":"Rajshahi"},"geometry":{"type":"Polygon","coordinates":[[[88.8035,24.3376],[88.81,24.3445],[88.8201,24.3406],[88.8243,24.3544],[88.8366,24.3509],[88.8497,24.3317],[88.8459,24.3194],[88.8535,24.3034],[88.8602,24.3033],[88.8606,24.2921],[88.8544,24.2826],[88.835,24.279],[88.8348,24.2729],[88.8412,24.2715],[88.841,24.2506],[88.8248,24.2382],[88.8252,24.2285],[88.8053,24.2398],[88.8038,24.2341],[88.7887,24.2314],[88.7617,24.2407],[88.756,24.2327],[88.7363,24.2281],[88.741,24.2537],[88.7326,24.2841],[88.7057,24.3122],[88.6757,24.3151],[88.6667,24.3605],[88.7035,24.3559],[88.7101,24.3446],[88.7158,24.3491],[88.7224,24.3396],[88.7318,24.3339],[88.7385,24.3384],[88.7397,24.3333],[88.7526,24.3554],[88.7425,24.3628],[88.7659,24.3626],[88.7681,24.3707],[88.7743,24.3605],[88.7801,24.3741],[88.7955,24.339],[88.8035,24.3376]]]}},{"type":"Feature","properties":{"unit_id":"BD50810031","level":"upazila","name_en":"Durgapur","name_bn":"Durgapur","division":"Rajshahi"},"geometry":{"type":"Polygon","coordinates":[[[88.7944,24.5233],[88.8158,24.5296],[88.819,24.5231],[88.8509,24.5123],[88.8409,24.4949],[88.8493,24.4809],[88.837,24.4697],[88.8462,24.4616],[88.8579,24.4613],[88.8598,24.4545],[88.8566,24.4457],[88.8379,24.4375],[88.8307,24.4455],[88.8099,24.4368],[88.8016,24.4409],[88.7992,24.4272],[88.8068,24.4145],[88.7996,24.4061],[88.7858,24.4069],[88.7685,24.3975],[88.7673,24.4041],[88.7599,24.4026],[88.7591,24.4133],[88.7519,24.4128],[88.7394,24.4052],[88.7389,24.3949],[88.7301,24.3946],[88.7284,24.3834],[88.7095,24.397],[88.712,24.4075],[88.701,24.4094],[88.7068,24.4243],[88.6939,24.4335],[88.6964,24.4456],[88.6651,24.4524],[88.6782,24.4767],[88.6739,24.5016],[88.681,24.5024],[88.6805,24.4956],[88.6876,24.5009],[88.6866,24.5086],[88.6782,24.5083],[88.6801,24.5131],[88.7149,24.5258],[88.7293,24.5199],[88.7282,24.5054],[88.7373,24.5067],[88.7455,24.5096],[88.7458,24.5302],[88.7834,24.5317],[88.7944,24.5233]]]}},{"type":"Feature","properties":{"unit_id":"BD50810034","level":"upazila","name_en":"Godagari","name_bn":"Godagari","division":"Rajshahi"},"geometry":{"type":"Polygon","coordinates":[[[88.4107,24.5915],[88.4233,24.5993],[88.4362,24.5986],[88.4402,24.5889],[88.449,24.5952],[88.4581,24.5901],[88.4538,24.5823],[88.4924,24.5542],[88.4976,24.5572],[88.5153,24.5478],[88.5346,24.5536],[88.5344,24.5309],[88.5405,24.5356],[88.5521,24.5295],[88.5437,24.5146],[88.5328,24.5146],[88.5388,24.4938],[88.5212,24.4879],[88.5137,24.4929],[88.5127,24.5046],[88.5051,24.4974],[88.5091,24.4821],[88.5207,24.4754],[88.5065,24.4744],[88.5116,24.4628],[88.5289,24.4644],[88.5343,24.4597],[88.5298,24.4566],[88.5318,24.4336],[88.5142,24.428],[88.5212,24.4019],[88.5123,24.3998],[88.5084,24.385],[88.4844,24.3929],[88.4692,24.3637],[88.4295,24.3832],[88.3909,24.3715],[88.3464,24.3756],[88.2918,24.4161],[88.3325,24.447],[88.3062,24.4852],[88.3129,24.5208],[88.3008,24.5641],[88.3228,24.5718],[88.3338,24.5884],[88.3451,24.5858],[88.3594,24.6023],[88.3683,24.5936],[88.3713,24.6025],[88.3895,24.5986],[88.3987,24.6031],[88.4107,24.5915]]]}},{"type":"Feature","properties":{"unit_id":"BD50810053","level":"upazila","name_en":"Mohanpur","name_bn":"Mohanpur","division":"Rajshahi"},"geometry":{"type":"Polygon","coordinates":[[[88.6791,24.6331],[88.6725,24.6077],[88.6906,24.6001],[88.6904,24.5887],[88.6999,24.5827],[88.6944,24.5726],[88.7116,24.5668],[88.7052,24.546],[88.711,24.544],[88.7148,24.5257],[88.7047,24.525],[88.695,24.5146],[88.6736,24.5123],[88.6471,24.4953],[88.642,24.4763],[88.6253,24.4857],[88.6068,24.4822],[88.6032,24.49],[88.5813,24.4906],[88.5814,24.5137],[88.5694,24.5194],[88.5956,24.5624],[88.587,24.5776],[88.5946,24.5905],[88.5922,24.6104],[88.6034,24.6261],[88.605,24.6204],[88.6299,24.612],[88.6271,24.6316],[88.6384,24.6213],[88.6481,24.6354],[88.6548,24.6281],[88.6723,24.6358],[88.6791,24.6331]]]}},{"type":"Feature","properties":{"unit_id":"BD50810072","level":"upazila","name_en":"Paba","name_bn":"Paba","division":"Rajshahi"},"geometry":{"type":"Polygon","coordinates":[[[88.688,24.5023],[88.6805,24.4956],[88.681,24.5024],[88.6739,24.5016],[88.6782,24.4767],[88.6728,24.4747],[88.6652,24.4494],[88.6822,24.452],[88.6964,24.4456],[88.6939,24.4335],[88.7068,24.4243],[88.701,24.4094],[88.7123,24.4053],[88.7031,24.3905],[88.7078,24.3817],[88.6995,24.3833],[88.704,24.355],[88.6859,24.3549],[88.6677,24.363],[88.6757,24.3151],[88.6593,24.3143],[88.6526,24.3051],[88.6489,24.3109],[88.629,24.3051],[88.6239,24.3155],[88.5998,24.3108],[88.5884,24.3141],[88.5874,24.3244],[88.568,24.3266],[88.5551,24.2935],[88.527,24.3445],[88.5083,24.3427],[88.4692,24.3637],[88.4849,24.3932],[88.5088,24.3852],[88.5123,24.3998],[88.5223,24.4058],[88.5142,24.428],[88.5324,24.435],[88.5298,24.4566],[88.5341,24.46],[88.5116,24.4628],[88.5064,24.4729],[88.5207,24.4746],[88.5079,24.4841],[88.5087,24.5045],[88.5212,24.4879],[88.5297,24.4884],[88.5325,24.4949],[88.5413,24.4928],[88.5421,24.4828],[88.5566,24.4876],[88.5561,24.4953],[88.5701,24.4896],[88.5758,24.4984],[88.586,24.4888],[88.6032,24.49],[88.6068,24.4822],[88.6253,24.4857],[88.6417,24.4762],[88.6465,24.4948],[88.6785,24.5115],[88.688,24.5023]],[[88.5893,24.3977],[88.596,24.3961],[88.5859,24.382],[88.5703,24.3833],[88.5691,24.3964],[88.5564,24.4012],[88.5515,24.3853],[88.5433,24.3848],[88.5416,24.3787],[88.5578,24.3746],[88.5561,24.3704],[88.5695,24.361],[88.6148,24.36],[88.6498,24.3495],[88.6539,24.3611],[88.6655,24.3655],[88.6547,24.3934],[88.6508,24.3889],[88.634,24.3915],[88.6277,24.3849],[88.6183,24.389],[88.6315,24.4096],[88.59,24.417],[88.5893,24.3977]]]}},{"type":"Feature","properties":{"unit_id":"BD50810082","level":"upazila","name_en":"Puthia","name_bn":"Puthia","division":"Rajshahi"},"geometry":{"type":"Polygon","coordinates":[[[88.8962,24.4397],[88.9014,24.409],[88.89,24.3839],[88.8962,24.3803],[88.8934,24.3641],[88.8803,24.3658],[88.8738,24.3592],[88.8617,24.3641],[88.8452,24.3393],[88.8254,24.3546],[88.8201,24.3406],[88.81,24.3445],[88.8035,24.3376],[88.7948,24.3393],[88.7806,24.3741],[88.7743,24.3605],[88.7681,24.3707],[88.7648,24.37],[88.7659,24.3626],[88.7421,24.3625],[88.7526,24.3554],[88.7406,24.3335],[88.7224,24.3396],[88.7158,24.3491],[88.7101,24.3446],[88.7044,24.3524],[88.6995,24.3833],[88.7078,24.3817],[88.7075,24.3842],[88.7027,24.3856],[88.7054,24.397],[88.7154,24.3965],[88.7306,24.3834],[88.7293,24.3935],[88.7389,24.3949],[88.7394,24.4052],[88.7519,24.4128],[88.7591,24.4133],[88.7599,24.4026],[88.7673,24.4041],[88.7685,24.3975],[88.8033,24.409],[88.8069,24.4198],[88.7992,24.4272],[88.8016,24.4409],[88.8099,24.4368],[88.8307,24.4455],[88.8372,24.4374],[88.8566,24.4457],[88.8585,24.4608],[88.837,24.4697],[88.8493,24.4809],[88.841,24.4959],[88.8539,24.5149],[88.8674,24.5203],[88.8803,24.5142],[88.8937,24.5222],[88.8983,24.512],[88.9279,24.5179],[88.9262,24.5033],[88.9161,24.5058],[88.9023,24.4854],[88.8954,24.4857],[88.8927,24.475],[88.8995,24.4653],[88.892,24.4562],[88.9012,24.4477],[88.8962,24.4397]]]}},{"type":"Feature","properties":{"unit_id":"BD50810094","level":"upazila","name_en":"Tanore","name_bn":"Tanore","division":"Rajshahi"},"geometry":{"type":"Polygon","coordinates":[[[88.567,24.7032],[88.5773,24.6965],[88.5705,24.6849],[88.5765,24.6807],[88.589,24.6897],[88.592,24.7],[88.6181,24.7018],[88.6282,24.6724],[88.6225,24.6476],[88.6271,24.6361],[88.6344,24.6365],[88.6249,24.6273],[88.6299,24.612],[88.605,24.6204],[88.6034,24.6261],[88.5918,24.6096],[88.5946,24.5905],[88.587,24.5776],[88.5956,24.5624],[88.5694,24.5194],[88.5814,24.5137],[88.5792,24.4978],[88.5698,24.4895],[88.5547,24.4949],[88.5566,24.4876],[88.5425,24.4829],[88.5328,24.5146],[88.5437,24.5146],[88.5523,24.5285],[88.5405,24.5356],[88.5344,24.5309],[88.5305,24.5395],[88.5359,24.5526],[88.5153,24.5478],[88.4976,24.5572],[88.4924,24.5542],[88.4538,24.5823],[88.4577,24.591],[88.4486,24.5952],[88.4388,24.5892],[88.4362,24.5986],[88.4233,24.5993],[88.4104,24.5916],[88.3984,24.6027],[88.4235,24.6161],[88.4195,24.6344],[88.4295,24.6349],[88.4313,24.6431],[88.4215,24.6506],[88.4347,24.651],[88.437,24.6678],[88.4593,24.6578],[88.4912,24.6577],[88.4882,24.664],[88.494,24.6698],[88.5115,24.6734],[88.511,24.6834],[88.4892,24.6768],[88.4806,24.6799],[88.4758,24.6693],[88.4564,24.6777],[88.46,24.6851],[88.4829,24.6819],[88.4898,24.6915],[88.4893,24.7099],[88.4973,24.7102],[88.4996,24.7189],[88.5199,24.7081],[88.567,24.7032]]]}},{"type":"Feature","properties":{"unit_id":"BD50880011","level":"upazila","name_en":"Belkuchi","name_bn":"Belkuchi","division":"Rajshahi"},"geometry":{"type":"Polygon","coordinates":[[[89.7426,24.3732],[89.739,24.3545],[89.7451,24.3553],[89.7467,24.3732],[89.7637,24.3695],[89.7535,24.3499],[89.7739,24.332],[89.7759,24.3053],[89.7895,24.2904],[89.7927,24.2748],[89.7605,24.2873],[89.7427,24.2639],[89.7021,24.2518],[89.7007,24.2434],[89.6909,24.2407],[89.697,24.231],[89.6934,24.2276],[89.657,24.2346],[89.6495,24.2211],[89.6521,24.2152],[89.6465,24.2151],[89.644,24.2315],[89.6173,24.2407],[89.6165,24.2655],[89.6234,24.2724],[89.6333,24.2716],[89.6336,24.2879],[89.6413,24.2915],[89.6322,24.2967],[89.6324,24.3066],[89.6469,24.3019],[89.6567,24.3139],[89.6546,24.3286],[89.6736,24.3386],[89.6764,24.3332],[89.6951,24.35],[89.6896,24.3637],[89.7186,24.3773],[89.7251,24.372],[89.7274,24.3785],[89.7426,24.3732]]]}},{"type":"Feature","properties":{"unit_id":"BD50880027","level":"upazila","name_en":"Chouhali","name_bn":"Chouhali","division":"Rajshahi"},"geometry":{"type":"Polygon","coordinates":[[[89.7871,24.234],[89.8032,24.1741],[89.7834,24.1655],[89.7904,24.158],[89.8058,24.1611],[89.8229,24.142],[89.8191,24.1097],[89.8254,24.0796],[89.8164,24.0636],[89.7862,24.0416],[89.7831,24.0315],[89.741,24.0222],[89.722,24.0116],[89.7034,24.0198],[89.6938,24.0395],[89.6798,24.0364],[89.6792,24.0585],[89.69,24.0679],[89.6876,24.072],[89.7091,24.0785],[89.7096,24.0889],[89.7187,24.0817],[89.725,24.0942],[89.7391,24.0932],[89.7482,24.1068],[89.7599,24.1038],[89.7649,24.112],[89.7419,24.1227],[89.7381,24.1189],[89.7366,24.1296],[89.7222,24.1317],[89.7127,24.1407],[89.717,24.1514],[89.7255,24.1538],[89.7238,24.165],[89.732,24.1684],[89.7119,24.1993],[89.7149,24.2073],[89.707,24.2132],[89.709,24.2212],[89.6972,24.2238],[89.6909,24.2407],[89.7097,24.2555],[89.7427,24.2639],[89.7605,24.2873],[89.7925,24.2749],[89.7871,24.234]]]}},{"type":"Feature","properties":{"unit_id":"BD50880044","level":"upazila","name_en":"Kamarkhanda","name_bn":"Kamarkhanda","division":"Rajshahi"},"geometry":{"type":"Polygon","coordinates":[[[89.6107,24.4439],[89.6296,24.4491],[89.6228,24.4399],[89.6313,24.4368],[89.6302,24.4311],[89.6261,24.4357],[89.6178,24.4324],[89.6245,24.4293],[89.6189,24.4229],[89.6243,24.421],[89.6257,24.4081],[89.6342,24.4133],[89.651,24.4105],[89.6479,24.4187],[89.6613,24.4193],[89.6611,24.4296],[89.6669,24.4127],[89.6824,24.4119],[89.6787,24.4068],[89.6887,24.4041],[89.683,24.399],[89.6834,24.3825],[89.6861,24.3758],[89.6899,24.3818],[89.6975,24.3757],[89.6896,24.3637],[89.6956,24.3509],[89.6764,24.3332],[89.6736,24.3386],[89.6546,24.3286],[89.6567,24.3139],[89.6463,24.3017],[89.6324,24.3066],[89.6235,24.3226],[89.6158,24.3631],[89.6239,24.3773],[89.6099,24.3674],[89.6115,24.3774],[89.5962,24.3837],[89.5861,24.3987],[89.5891,24.4031],[89.5826,24.4007],[89.5875,24.419],[89.6075,24.4238],[89.5991,24.4381],[89.6082,24.4417],[89.594,24.4484],[89.5979,24.4526],[89.6107,24.4439]]]}},{"type":"Feature","properties":{"unit_id":"BD50880050","level":"upazila","name_en":"Kazipur","name_bn":"Kazipur","division":"Rajshahi"},"geometry":{"type":"Polygon","coordinates":[[[89.7369,24.7714],[89.739,24.7624],[89.7456,24.7762],[89.7614,24.7682],[89.7743,24.7746],[89.7803,24.7699],[89.7849,24.7557],[89.7795,24.7455],[89.7924,24.7382],[89.7855,24.7257],[89.7748,24.7272],[89.7756,24.7196],[89.7856,24.7058],[89.795,24.7049],[89.7919,24.6883],[89.8009,24.682],[89.7855,24.6717],[89.788,24.6283],[89.768,24.6245],[89.7675,24.6145],[89.7801,24.5964],[89.7637,24.5909],[89.7596,24.5984],[89.745,24.5979],[89.7386,24.5852],[89.7441,24.5723],[89.728,24.5756],[89.7272,24.5932],[89.7081,24.5913],[89.7076,24.5828],[89.7011,24.5861],[89.6893,24.5724],[89.6925,24.5523],[89.6814,24.5499],[89.6807,24.5589],[89.6677,24.5622],[89.6628,24.5841],[89.6522,24.5807],[89.6487,24.589],[89.6555,24.5946],[89.6476,24.6029],[89.6308,24.6007],[89.6086,24.6155],[89.6017,24.608],[89.5908,24.6098],[89.5829,24.6209],[89.5491,24.6179],[89.5497,24.6246],[89.5598,24.6269],[89.5548,24.6411],[89.5629,24.652],[89.546,24.6542],[89.5537,24.6676],[89.5491,24.6745],[89.5588,24.6796],[89.561,24.6917],[89.5546,24.7078],[89.5632,24.7111],[89.567,24.6957],[89.5951,24.7021],[89.6085,24.6864],[89.6257,24.6852],[89.6466,24.7012],[89.6377,24.7154],[89.6608,24.7273],[89.6559,24.7457],[89.6711,24.7481],[89.6683,24.7539],[89.679,24.7683],[89.6775,24.7767],[89.6838,24.7825],[89.7201,24.7805],[89.7369,24.7714]]]}},{"type":"Feature","properties":{"unit_id":"BD50880061","level":"upazila","name_en":"Rayganj","name_bn":"Rayganj","division":"Rajshahi"},"geometry":{"type":"Polygon","coordinates":[[[89.6162,24.5518],[89.6015,24.549],[89.6061,24.5402],[89.5986,24.5194],[89.6153,24.501],[89.6153,24.4868],[89.622,24.4836],[89.612,24.4798],[89.6229,24.4636],[89.617,24.4579],[89.6199,24.4493],[89.6107,24.4439],[89.5939,24.454],[89.594,24.4484],[89.6082,24.4417],[89.5991,24.4381],[89.6075,24.4238],[89.5955,24.4182],[89.5797,24.4241],[89.5758,24.4189],[89.5715,24.4305],[89.5579,24.4305],[89.5526,24.4391],[89.529,24.4305],[89.5279,24.4187],[89.5155,24.4233],[89.5136,24.4116],[89.5056,24.4094],[89.5062,24.4268],[89.5113,24.4246],[89.514,24.4354],[89.5082,24.4374],[89.4823,24.4281],[89.4803,24.4175],[89.4686,24.4243],[89.4349,24.4244],[89.4404,24.461],[89.4538,24.4676],[89.4544,24.4803],[89.4386,24.4716],[89.4119,24.4795],[89.4244,24.4991],[89.4133,24.5201],[89.4006,24.5277],[89.4,24.5408],[89.3894,24.5414],[89.3939,24.5531],[89.4242,24.5608],[89.4309,24.5514],[89.4565,24.5472],[89.4573,24.5425],[89.4746,24.5441],[89.4735,24.5525],[89.4825,24.5563],[89.5044,24.5571],[89.5216,24.5518],[89.5193,24.5351],[89.5336,24.5475],[89.5289,24.5597],[89.533,24.5631],[89.5457,24.5469],[89.5606,24.5547],[89.5703,24.5452],[89.6029,24.5635],[89.6162,24.5585],[89.6162,24.5518]]]}},{"type":"Feature","properties":{"unit_id":"BD50880067","level":"upazila","name_en":"Shahjadpur","name_bn":"Shahjadpur","division":"Rajshahi"},"geometry":{"type":"Polygon","coordinates":[[[89.6048,24.2439],[89.6052,24.2358],[89.6123,24.2331],[89.6246,24.2403],[89.6323,24.2322],[89.644,24.2315],[89.6482,24.2147],[89.657,24.2346],[89.6762,24.2299],[89.6803,24.2342],[89.6896,24.2273],[89.6972,24.231],[89.6972,24.2238],[89.7072,24.2235],[89.707,24.2132],[89.7147,24.2085],[89.7119,24.1993],[89.7323,24.1666],[89.7238,24.165],[89.7255,24.1538],[89.717,24.1514],[89.7127,24.1407],[89.7222,24.1317],[89.7366,24.1296],[89.7381,24.1189],[89.7419,24.1227],[89.7649,24.112],[89.7599,24.1038],[89.7482,24.1068],[89.7391,24.0932],[89.725,24.0942],[89.7187,24.0817],[89.7096,24.0889],[89.7091,24.0785],[89.6876,24.072],[89.69,24.0679],[89.6792,24.0585],[89.639,24.0849],[89.6295,24.0833],[89.6136,24.0986],[89.5798,24.1128],[89.5591,24.113],[89.5556,24.1201],[89.5625,24.1199],[89.5608,24.1273],[89.5508,24.1314],[89.5434,24.1261],[89.5325,24.1348],[89.5228,24.149],[89.5318,24.1545],[89.5274,24.1659],[89.5388,24.1673],[89.5202,24.1776],[89.5191,24.1837],[89.5284,24.1894],[89.5158,24.1972],[89.5253,24.2091],[89.5144,24.2257],[89.5264,24.2394],[89.5512,24.243],[89.5484,24.2522],[89.5877,24.2523],[89.5968,24.2676],[89.5943,24.2444],[89.6048,24.2439]]]}},{"type":"Feature","properties":{"unit_id":"BD50880078","level":"upazila","name_en":"Sirajganj Sadar","name_bn":"Sirajganj Sadar","division":"Rajshahi"},"geometry":{"type":"Polygon","coordinates":[[[89.6308,24.6007],[89.6488,24.6021],[89.6555,24.5946],[89.6487,24.589],[89.6522,24.5807],[89.6628,24.5841],[89.6677,24.5622],[89.6807,24.5589],[89.6814,24.5499],[89.6925,24.5523],[89.6893,24.5724],[89.7011,24.5861],[89.7076,24.5828],[89.7081,24.5913],[89.7272,24.5932],[89.728,24.5756],[89.7441,24.5723],[89.7466,24.5734],[89.7386,24.5852],[89.745,24.5979],[89.7596,24.5984],[89.7637,24.5909],[89.7806,24.5957],[89.7903,24.5755],[89.7697,24.5619],[89.7708,24.5413],[89.7487,24.5389],[89.7496,24.5214],[89.7367,24.5196],[89.7594,24.5002],[89.7505,24.483],[89.7607,24.4843],[89.745,24.4704],[89.7458,24.4551],[89.7575,24.4544],[89.7509,24.4277],[89.7596,24.4072],[89.7686,24.4085],[89.7763,24.395],[89.7648,24.3955],[89.7637,24.3695],[89.7467,24.3732],[89.745,24.3552],[89.7389,24.3551],[89.7426,24.3732],[89.7311,24.3787],[89.7251,24.372],[89.7191,24.3774],[89.7062,24.3734],[89.7019,24.3651],[89.6899,24.3818],[89.6861,24.3758],[89.683,24.399],[89.6887,24.4041],[89.6787,24.4068],[89.6824,24.4119],[89.6669,24.4127],[89.6611,24.4296],[89.6576,24.4216],[89.6613,24.4193],[89.6479,24.4187],[89.6496,24.4097],[89.6225,24.4103],[89.6243,24.421],[89.6189,24.4229],[89.6246,24.4289],[89.6178,24.4324],[89.6261,24.4357],[89.6302,24.4311],[89.6313,24.4368],[89.6228,24.4403],[89.6303,24.4473],[89.6187,24.4475],[89.6222,24.4677],[89.612,24.4798],[89.622,24.4852],[89.6153,24.4868],[89.6151,24.5013],[89.5986,24.5194],[89.6061,24.5402],[89.6015,24.549],[89.6162,24.5518],[89.6162,24.5585],[89.6029,24.5634],[89.6017,24.6105],[89.6102,24.6127],[89.6308,24.6007]]]}},{"type":"Feature","properties":{"unit_id":"BD50880089","level":"upazila","name_en":"Tarash","name_bn":"Tarash","division":"Rajshahi"},"geometry":{"type":"Polygon","coordinates":[[[89.3817,24.5542],[89.394,24.5574],[89.3894,24.5414],[89.4,24.5408],[89.4006,24.5277],[89.4133,24.5201],[89.4244,24.4991],[89.4119,24.4795],[89.4386,24.4716],[89.4544,24.4803],[89.4538,24.4676],[89.4471,24.4686],[89.4399,24.4595],[89.4385,24.4277],[89.4234,24.4177],[89.4331,24.4102],[89.4327,24.4007],[89.411,24.3947],[89.4176,24.3868],[89.4302,24.3868],[89.4173,24.3761],[89.4292,24.3672],[89.4121,24.3604],[89.4189,24.3514],[89.414,24.3444],[89.4034,24.349],[89.3947,24.3377],[89.3668,24.3539],[89.354,24.3484],[89.3207,24.3503],[89.3194,24.3579],[89.3144,24.3554],[89.3005,24.3721],[89.2934,24.3699],[89.284,24.3839],[89.2849,24.4251],[89.2676,24.4325],[89.2482,24.4314],[89.2509,24.4407],[89.2749,24.4535],[89.2831,24.4689],[89.2779,24.4716],[89.2833,24.471],[89.2824,24.488],[89.3049,24.5022],[89.3046,24.5104],[89.3143,24.5147],[89.3166,24.5261],[89.3366,24.5465],[89.3352,24.5569],[89.3468,24.5609],[89.3817,24.5542]]]}},{"type":"Feature","properties":{"unit_id":"BD50880094","level":"upazila","name_en":"Ullapara","name_bn":"Ullapara","division":"Rajshahi"},"geometry":{"type":"Polygon","coordinates":[[[89.5579,24.4305],[89.5671,24.434],[89.5758,24.4189],[89.5783,24.4237],[89.5871,24.4219],[89.5892,24.4116],[89.5826,24.4007],[89.5891,24.4031],[89.5861,24.3987],[89.5962,24.3837],[89.6115,24.3774],[89.6099,24.3674],[89.6239,24.3773],[89.6158,24.3631],[89.6194,24.3413],[89.6322,24.2967],[89.6413,24.2915],[89.6336,24.2879],[89.6333,24.2716],[89.6234,24.2724],[89.6165,24.2655],[89.6199,24.2383],[89.6123,24.2331],[89.6052,24.2358],[89.6044,24.2442],[89.5942,24.2445],[89.5968,24.2676],[89.5877,24.2523],[89.5484,24.2522],[89.5512,24.243],[89.5264,24.2394],[89.5144,24.2257],[89.5253,24.2091],[89.5156,24.1985],[89.5045,24.2157],[89.5035,24.2113],[89.4904,24.2132],[89.4899,24.2017],[89.4717,24.2027],[89.4649,24.2227],[89.474,24.2197],[89.4765,24.2315],[89.4533,24.2285],[89.4459,24.2336],[89.4571,24.2365],[89.4635,24.2531],[89.4604,24.2637],[89.4486,24.2705],[89.4391,24.2542],[89.4245,24.2515],[89.4301,24.269],[89.421,24.2854],[89.4206,24.305],[89.4268,24.3095],[89.4185,24.3229],[89.3991,24.3259],[89.4032,24.3342],[89.3967,24.3398],[89.4034,24.349],[89.414,24.3444],[89.4189,24.3514],[89.4121,24.3604],[89.4298,24.3695],[89.4173,24.3761],[89.4302,24.3868],[89.4176,24.3868],[89.411,24.3947],[89.4327,24.4007],[89.4331,24.4102],[89.4234,24.4177],[89.4325,24.4244],[89.4686,24.4243],[89.4803,24.4175],[89.4823,24.4281],[89.5082,24.4374],[89.514,24.4354],[89.5113,24.4246],[89.5062,24.4268],[89.5056,24.4094],[89.5136,24.4116],[89.5155,24.4233],[89.5279,24.4187],[89.529,24.4305],[89.5364,24.4353],[89.5535,24.4369],[89.5579,24.4305]]]}},{"type":"Feature","properties":{"unit_id":"BD10040009","level":"upazila","name_en":"Amtali","name_bn":"Amtali","division":"Barishal"},"geometry":{"type":"Polygon","coordinates":[[[90.2786,22.2543],[90.284,22.2594],[90.2895,22.2561],[90.2867,22.2442],[90.2813,22.2448],[90.2874,22.2317],[90.2919,22.234],[90.2882,22.241],[90.3348,22.2612],[90.329,22.2437],[90.3611,22.2293],[90.3647,22.2129],[90.3487,22.2016],[90.3553,22.1945],[90.3679,22.1996],[90.3739,22.1954],[90.3375,22.1639],[90.3368,22.1366],[90.3444,22.1281],[90.3412,22.1172],[90.3459,22.1104],[90.333,22.1083],[90.3311,22.0822],[90.3257,22.0906],[90.3124,22.0886],[90.3158,22.0813],[90.2896,22.0721],[90.2873,22.0612],[90.2766,22.0617],[90.2895,22.0539],[90.2797,22.0492],[90.2806,22.037],[90.2699,22.0259],[90.2522,22.0266],[90.2466,22.0165],[90.2384,22.0228],[90.2409,22.0285],[90.2177,22.03],[90.2406,22.041],[90.2226,22.0419],[90.2355,22.055],[90.2181,22.0579],[90.212,22.0678],[90.2017,22.069],[90.1972,22.0737],[90.2078,22.0786],[90.2028,22.0853],[90.1773,22.0855],[90.1723,22.0679],[90.1531,22.0832],[90.1436,22.1004],[90.1602,22.1242],[90.1937,22.1148],[90.208,22.1195],[90.2349,22.1902],[90.2227,22.2132],[90.2324,22.226],[90.2244,22.2343],[90.236,22.2383],[90.2463,22.2617],[90.2734,22.26],[90.2786,22.2543]]]}},{"type":"Feature","properties":{"unit_id":"BD10040019","level":"upazila","name_en":"Bamna","name_bn":"Bamna","division":"Barishal"},"geometry":{"type":"Polygon","coordinates":[[[90.1043,22.3201],[90.1075,22.3017],[90.1005,22.2816],[90.0826,22.2606],[90.0749,22.2235],[90.0255,22.2027],[90.0204,22.1954],[90.0237,22.1892],[90.0146,22.1847],[90.0046,22.1938],[90.0158,22.1979],[90.0126,22.2045],[90.0212,22.2081],[90.0261,22.2231],[90.0104,22.219],[89.9937,22.2036],[89.9906,22.209],[89.999,22.2115],[89.9963,22.2286],[90.0172,22.2281],[90.0272,22.2566],[90.0192,22.2739],[90.0232,22.2917],[90.0302,22.3028],[90.0389,22.3029],[90.0411,22.3168],[90.0535,22.3138],[90.0487,22.3348],[90.0626,22.3425],[90.0684,22.3394],[90.0771,22.3532],[90.0894,22.3449],[90.1043,22.3201]]]}},{"type":"Feature","properties":{"unit_id":"BD10040028","level":"upazila","name_en":"Barguna Sadar","name_bn":"Barguna Sadar","division":"Barishal"},"geometry":{"type":"Polygon","coordinates":[[[90.2153,22.2231],[90.2341,22.1948],[90.2083,22.1201],[90.1937,22.1148],[90.1586,22.1236],[90.1418,22.0985],[90.09,22.0564],[90.0656,22.0037],[90.0627,21.9723],[90.0304,21.976],[90.0298,21.9868],[89.9984,21.9834],[89.9815,22.0197],[89.9806,22.0421],[90.0085,22.057],[90.023,22.0727],[90.0225,22.1193],[90.0299,22.1375],[90.0691,22.1632],[90.0621,22.1737],[90.0244,22.187],[90.0229,22.2002],[90.0702,22.2194],[90.0806,22.212],[90.1083,22.2151],[90.117,22.2423],[90.1547,22.2396],[90.1601,22.2471],[90.2104,22.2206],[90.2153,22.2231]]]}},{"type":"Feature","properties":{"unit_id":"BD10040047","level":"upazila","name_en":"Betagi","name_bn":"Betagi","division":"Barishal"},"geometry":{"type":"Polygon","coordinates":[[[90.2455,22.4801],[90.2322,22.4632],[90.2332,22.4522],[90.2242,22.446],[90.2265,22.4375],[90.2138,22.4154],[90.1958,22.4111],[90.1866,22.3919],[90.1794,22.344],[90.1655,22.3371],[90.1745,22.3217],[90.1379,22.337],[90.1503,22.3167],[90.1566,22.322],[90.1584,22.3177],[90.1568,22.3049],[90.1469,22.3078],[90.1438,22.2842],[90.1601,22.2471],[90.1547,22.2396],[90.1155,22.2419],[90.1091,22.2155],[90.0797,22.2123],[90.0702,22.2194],[90.0782,22.2313],[90.0815,22.258],[90.1005,22.2816],[90.1075,22.3017],[90.0915,22.3446],[90.116,22.3649],[90.1466,22.4101],[90.1764,22.4325],[90.1768,22.4596],[90.1881,22.4778],[90.2168,22.4734],[90.2371,22.4826],[90.2455,22.4801]]]}},{"type":"Feature","properties":{"unit_id":"BD10040085","level":"upazila","name_en":"Patharghata","name_bn":"Patharghata","division":"Barishal"},"geometry":{"type":"Polygon","coordinates":[[[90.0126,22.2045],[90.0158,22.1979],[90.0046,22.1938],[90.0146,22.1847],[90.0226,22.1887],[90.0621,22.1737],[90.0691,22.1632],[90.0299,22.1375],[90.0225,22.1193],[90.023,22.0727],[90.0085,22.057],[89.9806,22.0421],[89.9815,22.0197],[89.9985,21.9835],[89.9543,21.9665],[89.9084,21.9658],[89.901,22.0005],[89.8776,22.0483],[89.8955,22.1006],[89.8901,22.157],[89.9264,22.1581],[89.9407,22.1746],[89.9571,22.1686],[89.9566,22.181],[89.9681,22.1908],[89.9619,22.206],[89.9646,22.2194],[89.9744,22.2009],[89.9806,22.2065],[89.9885,22.1984],[89.9906,22.209],[89.993,22.2034],[90.0104,22.219],[90.0261,22.2231],[90.0212,22.2081],[90.0126,22.2045]]]}},{"type":"Feature","properties":{"unit_id":"BD10040090","level":"upazila","name_en":"Taltali","name_bn":"Taltali","division":"Barishal"},"geometry":{"type":"Polygon","coordinates":[[[90.1798,22.085],[90.1826,22.0638],[90.1892,22.0555],[90.1973,22.0612],[90.1956,22.0511],[90.2096,22.0468],[90.203,22.0408],[90.2088,22.0273],[90.1962,22.0288],[90.2012,22.0189],[90.1756,22.0213],[90.1843,22.0096],[90.1758,22.0006],[90.1909,21.9808],[90.1724,21.9767],[90.1593,21.9831],[90.137,21.9594],[90.1357,21.9495],[90.1462,21.9303],[90.1163,21.9252],[90.1169,21.9023],[90.0909,21.8456],[90.0402,21.8492],[90.022,21.8568],[90.0074,21.8913],[90.0134,21.9343],[90.022,21.9504],[90.0641,21.9739],[90.0656,22.0037],[90.0881,22.0542],[90.1436,22.1004],[90.1531,22.0832],[90.1714,22.0682],[90.1798,22.085]]]}},{"type":"Feature","properties":{"unit_id":"BD10060002","level":"upazila","name_en":"Agailjhara","name_bn":"Agailjhara","division":"Barishal"},"geometry":{"type":"Polygon","coordinates":[[[90.2063,22.9116],[90.2059,22.9024],[90.1767,22.9105],[90.1791,22.9176],[90.1522,22.9222],[90.1279,22.9173],[90.0662,22.9223],[90.067,22.9267],[90.0564,22.9286],[90.0611,22.9429],[90.0576,22.9705],[90.069,22.9676],[90.077,22.9828],[90.0838,22.9805],[90.0947,23.007],[90.1264,23.0051],[90.1273,23.0261],[90.1364,23.0443],[90.1571,23.0409],[90.1841,23.0484],[90.1918,23.0381],[90.1839,23.0266],[90.1886,23.0252],[90.1902,23.0034],[90.1821,22.9965],[90.1833,22.9893],[90.193,22.9814],[90.1901,22.9727],[90.1963,22.9577],[90.2121,22.9524],[90.2048,22.9319],[90.2192,22.9274],[90.2151,22.912],[90.2063,22.9116]]]}},{"type":"Feature","properties":{"unit_id":"BD10060003","level":"upazila","name_en":"Babuganj","name_bn":"Babuganj","division":"Barishal"},"geometry":{"type":"Polygon","coordinates":[[[90.3585,22.901],[90.3464,22.885],[90.3605,22.8444],[90.3579,22.8363],[90.3471,22.8362],[90.378,22.7741],[90.3712,22.7531],[90.3518,22.7677],[90.3246,22.7721],[90.3226,22.7636],[90.3075,22.7633],[90.2969,22.7461],[90.2916,22.7491],[90.2663,22.7361],[90.2568,22.754],[90.2432,22.7599],[90.2508,22.7623],[90.2602,22.79],[90.2608,22.8007],[90.2501,22.8084],[90.2696,22.8338],[90.3042,22.9004],[90.3047,22.9132],[90.3176,22.9284],[90.3334,22.9307],[90.3456,22.9104],[90.3592,22.9204],[90.3585,22.901]]]}},{"type":"Feature","properties":{"unit_id":"BD10060007","level":"upazila","name_en":"Bakerganj","name_bn":"Bakerganj","division":"Barishal"},"geometry":{"type":"Polygon","coordinates":[[[90.4356,22.6656],[90.4492,22.6609],[90.4495,22.6483],[90.4802,22.6564],[90.4794,22.6402],[90.5148,22.619],[90.5377,22.6134],[90.5564,22.5934],[90.5382,22.5891],[90.5357,22.581],[90.5455,22.5655],[90.5156,22.5553],[90.5316,22.5491],[90.5174,22.5328],[90.5095,22.5319],[90.5031,22.5457],[90.4791,22.5304],[90.4582,22.533],[90.4415,22.5087],[90.4421,22.4838],[90.4279,22.4602],[90.4124,22.4774],[90.367,22.5011],[90.3345,22.4669],[90.3156,22.4818],[90.3103,22.4739],[90.2978,22.4756],[90.2959,22.4678],[90.2884,22.4665],[90.2825,22.4734],[90.2772,22.4695],[90.2774,22.4745],[90.2641,22.4598],[90.2345,22.4536],[90.2321,22.463],[90.242,22.4725],[90.2431,22.4827],[90.2168,22.4734],[90.1905,22.4774],[90.2074,22.5008],[90.2289,22.5078],[90.2792,22.5405],[90.2804,22.5594],[90.2926,22.5625],[90.3026,22.5563],[90.31,22.5757],[90.3376,22.5764],[90.3259,22.6044],[90.3418,22.605],[90.3461,22.6125],[90.3668,22.5934],[90.3836,22.5915],[90.3798,22.6077],[90.3606,22.6212],[90.3424,22.6233],[90.3515,22.6368],[90.3664,22.6292],[90.3846,22.6394],[90.3997,22.634],[90.4044,22.671],[90.4328,22.6449],[90.4356,22.6656]]]}},{"type":"Feature","properties":{"unit_id":"BD10060010","level":"upazila","name_en":"Banaripara","name_bn":"Banaripara","division":"Barishal"},"geometry":{"type":"Polygon","coordinates":[[[90.0794,22.8457],[90.0722,22.8396],[90.0729,22.8245],[90.0747,22.8242],[90.0765,22.8314],[90.0938,22.8331],[90.0982,22.8222],[90.0981,22.8419],[90.1198,22.8415],[90.1198,22.8595],[90.1286,22.8604],[90.1949,22.8272],[90.2137,22.8295],[90.222,22.8234],[90.2135,22.7906],[90.1851,22.7816],[90.1796,22.7657],[90.1846,22.7616],[90.1746,22.7569],[90.1707,22.7456],[90.1635,22.75],[90.1663,22.7591],[90.1507,22.7618],[90.1507,22.7555],[90.1428,22.7558],[90.1405,22.7671],[90.1313,22.7655],[90.1146,22.7771],[90.0988,22.775],[90.1004,22.7815],[90.0911,22.784],[90.0767,22.7824],[90.0623,22.8054],[90.0493,22.8098],[90.0548,22.8137],[90.0505,22.8185],[90.0543,22.8266],[90.0288,22.8179],[90.0353,22.8347],[90.0353,22.8673],[90.0722,22.8573],[90.0794,22.8457]]]}},{"type":"Feature","properties":{"unit_id":"BD10060051","level":"upazila","name_en":"Barishal Sadar (Kotwali)","name_bn":"Barishal Sadar (Kotwali)","division":"Barishal"},"geometry":{"type":"MultiPolygon","coordinates":[[[[90.4501,22.7842],[90.4497,22.7758],[90.4837,22.7779],[90.4845,22.7594],[90.475,22.7582],[90.4731,22.7501],[90.4803,22.7326],[90.4691,22.7213],[90.5181,22.6522],[90.5308,22.6521],[90.5301,22.6165],[90.5148,22.619],[90.4794,22.6402],[90.4802,22.6564],[90.4495,22.6483],[90.4492,22.6609],[90.4356,22.6656],[90.4363,22.6477],[90.4317,22.645],[90.4044,22.671],[90.4,22.6343],[90.3846,22.6394],[90.3639,22.6302],[90.3742,22.6406],[90.3688,22.6514],[90.3547,22.6487],[90.3552,22.6647],[90.3771,22.7009],[90.3873,22.7067],[90.3859,22.7297],[90.3815,22.7255],[90.3813,22.7317],[90.3648,22.7292],[90.3564,22.7435],[90.347,22.7295],[90.3304,22.7346],[90.3214,22.7539],[90.3104,22.7511],[90.3069,22.7616],[90.3226,22.7636],[90.3246,22.7721],[90.3518,22.7677],[90.3712,22.7531],[90.378,22.7741],[90.3582,22.8094],[90.3846,22.817],[90.4155,22.7914],[90.4501,22.7842]]],[[[90.3133,22.7308],[90.3055,22.7243],[90.3082,22.7163],[90.3163,22.7137],[90.3212,22.6999],[90.3187,22.6945],[90.3086,22.6972],[90.3071,22.6814],[90.2982,22.6863],[90.2883,22.681],[90.2726,22.6907],[90.2704,22.7343],[90.2896,22.7482],[90.3041,22.749],[90.3133,22.7308]]]]}},{"type":"Feature","properties":{"unit_id":"BD10060032","level":"upazila","name_en":"Gaurnadi","name_bn":"Gaurnadi","division":"Barishal"},"geometry":{"type":"Polygon","coordinates":[[[90.2378,23.0459],[90.2288,22.9926],[90.2377,22.9627],[90.2478,22.978],[90.2582,22.976],[90.257,22.9661],[90.2738,22.9759],[90.2868,22.9755],[90.2894,22.9632],[90.3015,22.9518],[90.3505,22.9428],[90.3592,22.9204],[90.3456,22.9104],[90.3334,22.9307],[90.3184,22.9291],[90.306,22.9157],[90.2948,22.8854],[90.2707,22.8983],[90.2393,22.8941],[90.2413,22.9006],[90.2284,22.9037],[90.2192,22.9274],[90.2048,22.9319],[90.2121,22.9524],[90.1963,22.9577],[90.1901,22.9727],[90.193,22.9814],[90.1828,22.991],[90.1902,23.0034],[90.1886,23.0252],[90.1839,23.0266],[90.1918,23.0384],[90.1841,23.0484],[90.1571,23.0409],[90.1355,23.0498],[90.1541,23.0555],[90.1629,23.0707],[90.1989,23.0596],[90.2083,23.0714],[90.2165,23.0723],[90.2378,23.0459]]]}},{"type":"Feature","properties":{"unit_id":"BD10060036","level":"upazila","name_en":"Hijla","name_bn":"Hijla","division":"Barishal"},"geometry":{"type":"Polygon","coordinates":[[[90.615,23.0047],[90.6372,22.9988],[90.6576,22.9779],[90.6758,22.9423],[90.7015,22.9117],[90.6991,22.9037],[90.6606,22.903],[90.6488,22.9295],[90.627,22.913],[90.6163,22.8745],[90.5885,22.8778],[90.5887,22.8707],[90.5481,22.8878],[90.5476,22.8972],[90.5273,22.8785],[90.4975,22.876],[90.4924,22.8826],[90.5035,22.8915],[90.4991,22.896],[90.5032,22.9076],[90.4613,22.9196],[90.4469,22.9193],[90.447,22.9095],[90.4192,22.9038],[90.4256,22.9077],[90.4225,22.9213],[90.4078,22.9255],[90.4375,22.9403],[90.4578,22.9893],[90.4403,22.99],[90.4369,22.995],[90.4437,22.9971],[90.4089,23.0031],[90.4436,23.0163],[90.4747,23.0134],[90.4934,23.021],[90.4952,23.0334],[90.5111,23.0423],[90.5017,23.0583],[90.5155,23.0562],[90.5161,23.0808],[90.5448,23.0801],[90.615,23.0047]]]}},{"type":"Feature","properties":{"unit_id":"BD10060062","level":"upazila","name_en":"Mehendiganj","name_bn":"Mehendiganj","division":"Barishal"},"geometry":{"type":"Polygon","coordinates":[[[90.6815,22.8743],[90.6796,22.8664],[90.6723,22.8651],[90.6526,22.8388],[90.6121,22.8248],[90.6028,22.813],[90.5838,22.8064],[90.5806,22.7914],[90.5671,22.7895],[90.5594,22.7686],[90.5699,22.7411],[90.5684,22.7197],[90.5495,22.6886],[90.5227,22.6864],[90.5236,22.6785],[90.535,22.6761],[90.5423,22.6659],[90.543,22.646],[90.5296,22.6323],[90.5308,22.6521],[90.5181,22.6522],[90.4691,22.7213],[90.4803,22.7326],[90.4731,22.7501],[90.475,22.7582],[90.4845,22.7594],[90.4837,22.7779],[90.4497,22.7758],[90.4501,22.7842],[90.4081,22.7957],[90.399,22.8143],[90.4018,22.829],[90.3949,22.8417],[90.3998,22.8448],[90.3909,22.8694],[90.4161,22.9022],[90.447,22.9095],[90.445,22.9178],[90.4527,22.9209],[90.5032,22.9076],[90.4991,22.896],[90.5035,22.8915],[90.4924,22.8826],[90.4975,22.876],[90.5273,22.8785],[90.5476,22.8972],[90.5481,22.8878],[90.5887,22.8707],[90.5917,22.8782],[90.6147,22.8731],[90.627,22.913],[90.6488,22.9295],[90.6625,22.8835],[90.6815,22.8743]]]}},{"type":"Feature","properties":{"unit_id":"BD10060069","level":"upazila","name_en":"Muladi","name_bn":"Muladi","division":"Barishal"},"geometry":{"type":"Polygon","coordinates":[[[90.4258,23.0413],[90.4116,23.0214],[90.4202,23.0036],[90.4089,23.0031],[90.4437,22.9971],[90.4369,22.995],[90.4403,22.99],[90.4578,22.9893],[90.4375,22.9403],[90.408,22.9259],[90.4225,22.9213],[90.4256,22.9077],[90.3909,22.8694],[90.3998,22.8448],[90.3949,22.8417],[90.4018,22.829],[90.399,22.8143],[90.4081,22.7957],[90.3846,22.817],[90.3607,22.8076],[90.3502,22.8266],[90.3471,22.8362],[90.3579,22.8363],[90.3605,22.8458],[90.3464,22.885],[90.3604,22.9085],[90.3516,22.9418],[90.3015,22.9518],[90.2894,22.9632],[90.2882,22.9749],[90.3163,22.9815],[90.329,22.996],[90.3285,23.0143],[90.3114,23.0351],[90.3122,23.0533],[90.3757,23.0552],[90.4258,23.0413]]]}},{"type":"Feature","properties":{"unit_id":"BD10060094","level":"upazila","name_en":"Ujirpur","name_bn":"Ujirpur","division":"Barishal"},"geometry":{"type":"Polygon","coordinates":[[[90.0729,22.9207],[90.1791,22.9176],[90.1767,22.9105],[90.2059,22.9024],[90.2063,22.9116],[90.2151,22.912],[90.218,22.9216],[90.2252,22.9174],[90.2284,22.9037],[90.2413,22.9006],[90.2393,22.8941],[90.2707,22.8983],[90.2947,22.8856],[90.2696,22.8338],[90.2501,22.8084],[90.2608,22.8002],[90.2508,22.7623],[90.2433,22.7605],[90.2483,22.7538],[90.2246,22.7522],[90.2169,22.7601],[90.2185,22.7688],[90.2015,22.777],[90.1986,22.7855],[90.2135,22.7906],[90.222,22.8234],[90.2137,22.8295],[90.1949,22.8272],[90.1286,22.8604],[90.1198,22.8595],[90.1198,22.8415],[90.0981,22.8419],[90.0982,22.8222],[90.0938,22.8331],[90.0765,22.8314],[90.0729,22.8245],[90.0722,22.8396],[90.0794,22.8457],[90.0722,22.8573],[90.0183,22.8686],[90.0187,22.8885],[90.0348,22.934],[90.0558,22.9317],[90.0729,22.9207]]]}},{"type":"Feature","properties":{"unit_id":"BD10090018","level":"upazila","name_en":"Bhola Sadar","name_bn":"Bhola Sadar","division":"Barishal"},"geometry":{"type":"Polygon","coordinates":[[[90.7187,22.8183],[90.7248,22.8061],[90.7163,22.7901],[90.7254,22.7836],[90.7088,22.777],[90.7183,22.7704],[90.7076,22.7445],[90.7007,22.7462],[90.7177,22.7281],[90.6973,22.7236],[90.6954,22.7062],[90.7041,22.6984],[90.6956,22.6768],[90.704,22.6666],[90.6906,22.6617],[90.6864,22.6469],[90.6616,22.6422],[90.6571,22.6126],[90.6605,22.5713],[90.6736,22.5429],[90.6451,22.5556],[90.6165,22.5497],[90.6049,22.5621],[90.5842,22.562],[90.5551,22.5982],[90.5301,22.6165],[90.5303,22.635],[90.543,22.646],[90.5423,22.6659],[90.535,22.6761],[90.5236,22.6785],[90.5227,22.6864],[90.5495,22.6886],[90.5684,22.7197],[90.5699,22.7411],[90.5595,22.7697],[90.5671,22.7895],[90.5817,22.7928],[90.5838,22.8064],[90.6028,22.813],[90.6149,22.8262],[90.6526,22.8388],[90.672,22.8645],[90.6803,22.8592],[90.6901,22.8676],[90.7161,22.8685],[90.7187,22.8183]]]}},{"type":"Feature","properties":{"unit_id":"BD10090021","level":"upazila","name_en":"Borhanuddin","name_bn":"Borhanuddin","division":"Barishal"},"geometry":{"type":"Polygon","coordinates":[[[90.7556,22.5455],[90.7759,22.5426],[90.7843,22.5041],[90.7937,22.4923],[90.801,22.4947],[90.8004,22.5054],[90.8115,22.5052],[90.8165,22.5149],[90.8412,22.513],[90.8312,22.4967],[90.8426,22.4903],[90.8341,22.4833],[90.84,22.4739],[90.8246,22.4721],[90.8228,22.4628],[90.8131,22.472],[90.8063,22.4697],[90.8108,22.4636],[90.8038,22.461],[90.8051,22.4381],[90.7913,22.4429],[90.7862,22.4114],[90.7608,22.3952],[90.7353,22.4003],[90.7315,22.4263],[90.7205,22.4062],[90.6966,22.4159],[90.6604,22.4087],[90.6644,22.418],[90.6556,22.4518],[90.624,22.4784],[90.5842,22.562],[90.6049,22.5621],[90.6181,22.5494],[90.6451,22.5556],[90.6734,22.5425],[90.6714,22.5343],[90.7001,22.5471],[90.7132,22.5644],[90.7516,22.5621],[90.7556,22.5455]]]}},{"type":"Feature","properties":{"unit_id":"BD10090025","level":"upazila","name_en":"Charfasson","name_bn":"Charfasson","division":"Barishal"},"geometry":{"type":"Polygon","coordinates":[[[90.7719,22.2616],[90.7814,22.2615],[90.7801,22.2494],[90.7872,22.2524],[90.8019,22.246],[90.7953,22.2393],[90.8108,22.217],[90.8059,22.2051],[90.8225,22.2047],[90.829,22.1866],[90.8823,22.187],[90.8558,22.0488],[90.8574,21.8385],[90.5953,21.8443],[90.5961,21.8948],[90.602,21.897],[90.5991,21.92],[90.6159,21.9468],[90.6188,21.968],[90.6166,21.9759],[90.5859,21.988],[90.5941,22.0041],[90.5816,22.0334],[90.5784,22.0596],[90.5854,22.1408],[90.5726,22.1496],[90.5715,22.1579],[90.6313,22.2638],[90.6706,22.2556],[90.6748,22.2464],[90.6927,22.2491],[90.7037,22.2441],[90.7407,22.2616],[90.7457,22.2514],[90.7546,22.2539],[90.7538,22.2589],[90.7644,22.2552],[90.7669,22.2686],[90.7719,22.2616]]]}},{"type":"Feature","properties":{"unit_id":"BD10090029","level":"upazila","name_en":"Daulatkhan","name_bn":"Daulatkhan","division":"Barishal"},"geometry":{"type":"Polygon","coordinates":[[[90.7694,22.7675],[90.7842,22.6597],[90.8142,22.6393],[90.8795,22.5707],[90.8255,22.5706],[90.8201,22.5549],[90.8112,22.5656],[90.8076,22.5603],[90.799,22.5629],[90.7755,22.5425],[90.7556,22.5455],[90.7508,22.5624],[90.7134,22.5644],[90.7001,22.5471],[90.6712,22.5343],[90.6741,22.547],[90.6628,22.5632],[90.6573,22.5906],[90.6616,22.6422],[90.6864,22.6469],[90.6906,22.6617],[90.704,22.6666],[90.6956,22.6768],[90.7041,22.6984],[90.6954,22.7062],[90.6972,22.7231],[90.7176,22.7277],[90.7007,22.7462],[90.7076,22.7445],[90.7183,22.7704],[90.7088,22.777],[90.7254,22.7834],[90.7163,22.7901],[90.7244,22.8057],[90.7559,22.7894],[90.7694,22.7675]]]}},{"type":"Feature","properties":{"unit_id":"BD10090054","level":"upazila","name_en":"Lalmohan","name_bn":"Lalmohan","division":"Barishal"},"geometry":{"type":"Polygon","coordinates":[[[90.7485,22.3938],[90.7696,22.4023],[90.7704,22.3716],[90.7821,22.3568],[90.7924,22.3633],[90.8251,22.3448],[90.8589,22.3428],[90.8522,22.3322],[90.8633,22.3112],[90.907,22.3154],[90.8889,22.2512],[90.8916,22.2263],[90.8823,22.187],[90.8303,22.1857],[90.8225,22.2047],[90.8059,22.2051],[90.8108,22.217],[90.7953,22.2393],[90.8014,22.2466],[90.7801,22.2494],[90.7814,22.2615],[90.7719,22.2616],[90.7666,22.2686],[90.7644,22.2552],[90.7538,22.2589],[90.7546,22.2539],[90.7457,22.2514],[90.7407,22.2616],[90.7037,22.2441],[90.6927,22.2491],[90.6748,22.2464],[90.6706,22.2556],[90.6313,22.2638],[90.6527,22.2778],[90.6593,22.302],[90.6638,22.3377],[90.6604,22.4087],[90.6966,22.4159],[90.7205,22.4062],[90.7315,22.4263],[90.7335,22.4066],[90.7485,22.3938]]]}},{"type":"Feature","properties":{"unit_id":"BD10090065","level":"upazila","name_en":"Monpura","name_bn":"Monpura","division":"Barishal"},"geometry":{"type":"Polygon","coordinates":[[[91.0124,22.3209],[91.0226,22.3043],[91.0151,22.2569],[91.0213,22.1919],[90.9562,22.0276],[90.8559,22.0488],[90.8916,22.2263],[90.8889,22.2512],[90.907,22.315],[90.8686,22.3183],[90.8828,22.3556],[90.8975,22.3683],[90.9026,22.3829],[90.8944,22.3827],[90.8946,22.3975],[90.9009,22.3981],[90.9021,22.4054],[90.9503,22.4112],[90.9682,22.4279],[91.0009,22.368],[91.0124,22.3209]]]}},{"type":"Feature","properties":{"unit_id":"BD10090091","level":"upazila","name_en":"Tazumuddin","name_bn":"Tazumuddin","division":"Barishal"},"geometry":{"type":"Polygon","coordinates":[[[90.9027,22.5431],[90.9682,22.4279],[90.9503,22.4112],[90.9021,22.4054],[90.9009,22.3981],[90.8946,22.3975],[90.8943,22.3829],[90.9026,22.3829],[90.9012,22.3783],[90.8828,22.3556],[90.864,22.3111],[90.8522,22.3322],[90.8589,22.3428],[90.8251,22.3448],[90.7924,22.3633],[90.7824,22.3567],[90.7713,22.3685],[90.7696,22.4023],[90.7865,22.4118],[90.7913,22.4429],[90.8051,22.4381],[90.8038,22.461],[90.8108,22.4636],[90.8054,22.4684],[90.8131,22.472],[90.8151,22.465],[90.8247,22.4636],[90.8246,22.4721],[90.84,22.4739],[90.8341,22.4833],[90.8428,22.4888],[90.8312,22.4965],[90.8412,22.5121],[90.8374,22.5149],[90.8165,22.5149],[90.8115,22.5052],[90.8004,22.5054],[90.801,22.4947],[90.7937,22.4923],[90.7843,22.5041],[90.7759,22.5426],[90.799,22.5629],[90.8076,22.5603],[90.8112,22.5656],[90.8201,22.5549],[90.8255,22.5706],[90.8795,22.5707],[90.9027,22.5431]]]}},{"type":"Feature","properties":{"unit_id":"BD10420040","level":"upazila","name_en":"Jhalokathi Sadar","name_bn":"Jhalokathi Sadar","division":"Barishal"},"geometry":{"type":"Polygon","coordinates":[[[90.2053,22.7716],[90.2185,22.7688],[90.2169,22.7601],[90.2246,22.7522],[90.2568,22.754],[90.2727,22.7331],[90.2747,22.7188],[90.2687,22.7152],[90.2734,22.689],[90.2638,22.6706],[90.2309,22.6615],[90.2205,22.6467],[90.2231,22.6411],[90.2146,22.6403],[90.2174,22.6052],[90.2114,22.5831],[90.201,22.5773],[90.2002,22.5866],[90.1864,22.595],[90.1795,22.5911],[90.1634,22.5982],[90.1658,22.6127],[90.1397,22.6108],[90.1369,22.6284],[90.1312,22.6285],[90.1278,22.6165],[90.1165,22.615],[90.1153,22.6067],[90.1101,22.6096],[90.0985,22.6277],[90.1018,22.635],[90.0946,22.6544],[90.1378,22.6727],[90.1582,22.7102],[90.1574,22.7188],[90.188,22.7402],[90.1746,22.7569],[90.1846,22.7616],[90.1796,22.7657],[90.1851,22.7816],[90.195,22.7852],[90.2053,22.7716]]]}},{"type":"Feature","properties":{"unit_id":"BD10420043","level":"upazila","name_en":"Kanthalia","name_bn":"Kanthalia","division":"Barishal"},"geometry":{"type":"Polygon","coordinates":[[[90.1609,22.5012],[90.1692,22.5021],[90.188,22.4777],[90.1768,22.4596],[90.1764,22.4325],[90.1466,22.4101],[90.116,22.3649],[90.0947,22.3449],[90.0771,22.3532],[90.0684,22.3394],[90.0626,22.3425],[90.0508,22.3354],[90.0559,22.3542],[90.0347,22.3732],[90.0342,22.361],[90.0178,22.3704],[90.0222,22.3913],[90.039,22.401],[90.0282,22.4185],[90.0263,22.4425],[90.0366,22.4472],[90.0592,22.4414],[90.0575,22.4598],[90.0643,22.4644],[90.0778,22.4391],[90.1008,22.4435],[90.1056,22.4613],[90.1104,22.4577],[90.1236,22.4679],[90.1328,22.4821],[90.1329,22.4946],[90.153,22.5093],[90.1609,22.5012]]]}},{"type":"Feature","properties":{"unit_id":"BD10420073","level":"upazila","name_en":"Nalchhity","name_bn":"Nalchhity","division":"Barishal"},"geometry":{"type":"Polygon","coordinates":[[[90.3,22.6859],[90.3205,22.6738],[90.3143,22.6615],[90.3225,22.6442],[90.3238,22.6608],[90.3547,22.6487],[90.3706,22.6503],[90.3717,22.6327],[90.3641,22.63],[90.3519,22.637],[90.3424,22.6233],[90.3606,22.6212],[90.3798,22.6077],[90.3843,22.5932],[90.3776,22.5893],[90.3668,22.5934],[90.3461,22.6125],[90.3418,22.605],[90.3259,22.6044],[90.3376,22.5764],[90.31,22.5757],[90.3026,22.5563],[90.2926,22.5625],[90.2804,22.5594],[90.2792,22.5405],[90.1999,22.4926],[90.2066,22.5182],[90.1862,22.5279],[90.1995,22.5739],[90.2114,22.5831],[90.2174,22.6052],[90.2146,22.6403],[90.2231,22.6411],[90.2205,22.6467],[90.2309,22.6615],[90.2636,22.6704],[90.2679,22.687],[90.2883,22.681],[90.3,22.6859]]]}},{"type":"Feature","properties":{"unit_id":"BD10420084","level":"upazila","name_en":"Rajapur","name_bn":"Rajapur","division":"Barishal"},"geometry":{"type":"Polygon","coordinates":[[[90.1397,22.6108],[90.1658,22.6127],[90.1634,22.5982],[90.1795,22.5911],[90.1864,22.595],[90.2016,22.5846],[90.1862,22.5259],[90.2064,22.515],[90.1905,22.4774],[90.1692,22.5021],[90.1609,22.5012],[90.1519,22.5106],[90.1301,22.4901],[90.123,22.4889],[90.1185,22.5017],[90.111,22.4914],[90.1011,22.4973],[90.0785,22.4846],[90.0787,22.4935],[90.0698,22.4985],[90.0721,22.5092],[90.0616,22.5031],[90.0645,22.5529],[90.0542,22.5798],[90.0627,22.5946],[90.0749,22.5877],[90.0961,22.5922],[90.1354,22.6284],[90.1397,22.6108]]]}},{"type":"Feature","properties":{"unit_id":"BD10780038","level":"upazila","name_en":"Bauphal","name_bn":"Bauphal","division":"Barishal"},"geometry":{"type":"Polygon","coordinates":[[[90.624,22.4784],[90.6556,22.4518],[90.6645,22.4165],[90.6619,22.318],[90.6144,22.3066],[90.6175,22.3312],[90.5965,22.324],[90.5954,22.3386],[90.5896,22.3497],[90.5758,22.3548],[90.5729,22.3701],[90.5712,22.3501],[90.5649,22.3479],[90.5037,22.3579],[90.4896,22.3436],[90.473,22.3458],[90.4701,22.3353],[90.4493,22.3459],[90.4567,22.3344],[90.4437,22.3375],[90.4294,22.3517],[90.4254,22.3693],[90.4374,22.3827],[90.4297,22.3888],[90.4293,22.411],[90.4221,22.4093],[90.4163,22.4214],[90.4468,22.4141],[90.4534,22.4176],[90.4464,22.4562],[90.4334,22.4538],[90.4272,22.4598],[90.4421,22.4838],[90.4383,22.4991],[90.4444,22.514],[90.4582,22.533],[90.4791,22.5304],[90.5024,22.5456],[90.5078,22.5441],[90.5095,22.5319],[90.5185,22.5335],[90.5316,22.5491],[90.5175,22.5503],[90.5159,22.5556],[90.5456,22.5658],[90.5357,22.581],[90.5418,22.5931],[90.5569,22.5932],[90.5842,22.562],[90.624,22.4784]]]}},{"type":"Feature","properties":{"unit_id":"BD10780052","level":"upazila","name_en":"Dashmina","name_bn":"Dashmina","division":"Barishal"},"geometry":{"type":"Polygon","coordinates":[[[90.5896,22.3497],[90.5965,22.324],[90.6175,22.3312],[90.6144,22.3066],[90.6619,22.3181],[90.6593,22.302],[90.6527,22.2778],[90.6302,22.2625],[90.5715,22.1579],[90.5726,22.1496],[90.5854,22.1405],[90.5264,22.113],[90.5283,22.1263],[90.5346,22.1289],[90.5317,22.138],[90.4963,22.1434],[90.493,22.18],[90.4835,22.2036],[90.4939,22.211],[90.4931,22.2173],[90.4701,22.2284],[90.4783,22.2351],[90.4698,22.2438],[90.4707,22.2608],[90.4971,22.2599],[90.4853,22.2845],[90.4989,22.2818],[90.5069,22.2727],[90.5129,22.2886],[90.5119,22.3017],[90.5007,22.3011],[90.4978,22.3226],[90.485,22.3432],[90.5037,22.3579],[90.5437,22.3481],[90.5448,22.3522],[90.5707,22.3496],[90.5729,22.3701],[90.5778,22.353],[90.5896,22.3497]]]}},{"type":"Feature","properties":{"unit_id":"BD10780055","level":"upazila","name_en":"Dumki","name_bn":"Dumki","division":"Barishal"},"geometry":{"type":"Polygon","coordinates":[[[90.432,22.4544],[90.4471,22.455],[90.4546,22.4309],[90.4506,22.4143],[90.4056,22.4224],[90.3764,22.3873],[90.3746,22.4002],[90.3854,22.4166],[90.3818,22.4425],[90.3497,22.4354],[90.3335,22.4419],[90.3132,22.402],[90.2981,22.388],[90.3061,22.4026],[90.3036,22.4139],[90.2976,22.4233],[90.2876,22.4247],[90.3138,22.4811],[90.3393,22.4679],[90.3512,22.4896],[90.3598,22.49],[90.367,22.5011],[90.4227,22.4674],[90.432,22.4544]]]}},{"type":"Feature","properties":{"unit_id":"BD10780057","level":"upazila","name_en":"Galachipa","name_bn":"Galachipa","division":"Barishal"},"geometry":{"type":"Polygon","coordinates":[[[90.4978,22.3226],[90.5007,22.3011],[90.5119,22.3017],[90.5129,22.2886],[90.5069,22.2727],[90.4989,22.2818],[90.4853,22.2845],[90.4971,22.2599],[90.4707,22.2608],[90.4698,22.2438],[90.4783,22.2351],[90.4701,22.2284],[90.4931,22.2173],[90.4939,22.211],[90.4835,22.2036],[90.493,22.18],[90.4963,22.1434],[90.5317,22.138],[90.5346,22.1289],[90.5283,22.1263],[90.5264,22.113],[90.5854,22.1405],[90.5784,22.0596],[90.5816,22.0334],[90.5941,22.0041],[90.5859,21.988],[90.5452,21.9826],[90.5229,21.9911],[90.4962,21.9833],[90.4963,21.9952],[90.478,22.0247],[90.4514,22.0571],[90.4386,22.0614],[90.4383,22.0688],[90.4126,22.0848],[90.3816,22.0916],[90.3785,22.1031],[90.3607,22.1081],[90.3552,22.1],[90.3415,22.1159],[90.3375,22.1639],[90.3739,22.1954],[90.3679,22.1996],[90.3553,22.1945],[90.3487,22.2016],[90.3647,22.2129],[90.3611,22.2293],[90.329,22.2437],[90.3349,22.2606],[90.3519,22.2653],[90.3593,22.2541],[90.3657,22.2626],[90.3777,22.2605],[90.3799,22.2964],[90.4022,22.2884],[90.4045,22.3011],[90.4316,22.2943],[90.4412,22.3004],[90.458,22.2972],[90.4722,22.3232],[90.448,22.3453],[90.4697,22.3352],[90.473,22.3458],[90.4827,22.3431],[90.4978,22.3226]]]}},{"type":"Feature","properties":{"unit_id":"BD10780066","level":"upazila","name_en":"Kalapara","name_bn":"Kalapara","division":"Barishal"},"geometry":{"type":"Polygon","coordinates":[[[90.3552,22.1],[90.3607,22.1081],[90.3785,22.1031],[90.3818,22.0859],[90.33,22.031],[90.3154,22.0018],[90.3136,21.9735],[90.3076,21.9713],[90.3092,21.9364],[90.2882,21.9065],[90.286,21.8969],[90.2929,21.891],[90.2808,21.8554],[90.2644,21.8503],[90.2634,21.8371],[90.2244,21.809],[90.1774,21.7944],[90.1038,21.8111],[90.0785,21.845],[90.0936,21.8492],[90.1169,21.9023],[90.1157,21.9241],[90.1458,21.9293],[90.136,21.9576],[90.1569,21.9817],[90.1724,21.9767],[90.1909,21.9808],[90.1758,22.0006],[90.1843,22.0096],[90.1758,22.0216],[90.2004,22.0187],[90.1966,22.0294],[90.2088,22.0273],[90.203,22.0408],[90.2096,22.0468],[90.1956,22.0511],[90.1973,22.0612],[90.1892,22.0555],[90.1811,22.0817],[90.1974,22.0885],[90.2078,22.0788],[90.1972,22.0737],[90.204,22.067],[90.2115,22.0682],[90.2181,22.0579],[90.2336,22.057],[90.2224,22.0422],[90.2403,22.0401],[90.2176,22.0303],[90.2409,22.0285],[90.2384,22.0228],[90.2475,22.0164],[90.2522,22.0266],[90.2699,22.0259],[90.2819,22.039],[90.2797,22.0492],[90.2895,22.0539],[90.2766,22.0617],[90.2865,22.0607],[90.2896,22.0721],[90.3158,22.0813],[90.3123,22.0886],[90.3257,22.0906],[90.3307,22.0818],[90.333,22.1083],[90.3426,22.1096],[90.3552,22.1]]]}},{"type":"Feature","properties":{"unit_id":"BD10780076","level":"upazila","name_en":"Mirzaganj","name_bn":"Mirzaganj","division":"Barishal"},"geometry":{"type":"Polygon","coordinates":[[[90.3103,22.4738],[90.3041,22.4519],[90.2774,22.4151],[90.2642,22.3798],[90.2646,22.3531],[90.2533,22.3459],[90.2211,22.345],[90.207,22.3209],[90.2143,22.2764],[90.2161,22.2239],[90.2104,22.2206],[90.1611,22.2464],[90.1538,22.2565],[90.1567,22.262],[90.1438,22.2842],[90.1454,22.3018],[90.1469,22.3078],[90.1568,22.3049],[90.1597,22.3111],[90.1566,22.322],[90.1503,22.3167],[90.1379,22.337],[90.1745,22.3217],[90.1655,22.3371],[90.1794,22.344],[90.1866,22.3919],[90.197,22.4122],[90.214,22.4156],[90.2265,22.4375],[90.2244,22.4463],[90.2648,22.4602],[90.2774,22.4745],[90.2772,22.4695],[90.2825,22.4734],[90.2898,22.4665],[90.3028,22.4758],[90.3103,22.4738]]]}},{"type":"Feature","properties":{"unit_id":"BD10780095","level":"upazila","name_en":"Patuakhali Sadar","name_bn":"Patuakhali Sadar","division":"Barishal"},"geometry":{"type":"Polygon","coordinates":[[[90.3854,22.4166],[90.3746,22.4002],[90.3755,22.3883],[90.3896,22.3972],[90.3961,22.4157],[90.4056,22.4224],[90.4166,22.4235],[90.4219,22.4095],[90.4293,22.411],[90.4297,22.3888],[90.4374,22.3827],[90.4254,22.3693],[90.4298,22.3509],[90.472,22.3242],[90.4587,22.2979],[90.4412,22.3004],[90.4321,22.2943],[90.4045,22.3011],[90.4022,22.2884],[90.3799,22.2964],[90.3777,22.2605],[90.3657,22.2626],[90.3593,22.2541],[90.3519,22.2653],[90.3343,22.2613],[90.2882,22.241],[90.2919,22.234],[90.2874,22.2317],[90.2813,22.2448],[90.287,22.2448],[90.2871,22.2584],[90.2786,22.2543],[90.2708,22.263],[90.2463,22.2617],[90.236,22.2383],[90.2244,22.2343],[90.2324,22.226],[90.2227,22.2132],[90.2153,22.2231],[90.2142,22.2784],[90.2053,22.3115],[90.2189,22.343],[90.2616,22.349],[90.2642,22.3798],[90.2904,22.4327],[90.2876,22.4245],[90.2976,22.4233],[90.3062,22.4037],[90.2994,22.3868],[90.3332,22.4418],[90.3497,22.4354],[90.3818,22.4415],[90.3854,22.4166]]]}},{"type":"Feature","properties":{"unit_id":"BD10780097","level":"upazila","name_en":"Rangabali","name_bn":"Rangabali","division":"Barishal"},"geometry":{"type":"Polygon","coordinates":[[[90.4514,22.0571],[90.4963,21.9952],[90.4962,21.9833],[90.5229,21.9911],[90.5452,21.9826],[90.5859,21.988],[90.6176,21.9749],[90.6177,21.9514],[90.5991,21.92],[90.602,21.897],[90.534,21.8701],[90.4789,21.7996],[90.4361,21.8173],[90.4127,21.8151],[90.3158,21.8316],[90.3063,21.8259],[90.252,21.8291],[90.2663,21.8409],[90.2644,21.8503],[90.2808,21.8554],[90.2853,21.8647],[90.2929,21.891],[90.2872,21.9035],[90.3084,21.9331],[90.3079,21.9733],[90.3136,21.9735],[90.3141,21.9976],[90.33,22.031],[90.3794,22.0817],[90.3816,22.0916],[90.4126,22.0848],[90.4514,22.0571]]]}},{"type":"Feature","properties":{"unit_id":"BD10790014","level":"upazila","name_en":"Bhandaria","name_bn":"Bhandaria","division":"Barishal"},"geometry":{"type":"Polygon","coordinates":[[[90.0659,22.5188],[90.0616,22.5031],[90.0721,22.5092],[90.0698,22.4985],[90.0787,22.4935],[90.0785,22.4846],[90.1011,22.4973],[90.111,22.4914],[90.1185,22.5017],[90.123,22.4889],[90.133,22.4852],[90.1236,22.4679],[90.1104,22.4577],[90.1056,22.4613],[90.1011,22.4437],[90.0826,22.4379],[90.076,22.4509],[90.0643,22.4569],[90.0643,22.4644],[90.0575,22.4598],[90.0592,22.4414],[90.0366,22.4472],[90.0266,22.4428],[90.0282,22.4185],[90.039,22.401],[90.0302,22.3934],[90.0061,22.3937],[89.9999,22.4008],[90.0004,22.3939],[89.9841,22.3917],[89.9725,22.4033],[89.9633,22.401],[89.974,22.3815],[89.9705,22.3712],[89.9599,22.3683],[89.9532,22.3842],[89.9399,22.3862],[89.9349,22.3633],[89.928,22.3619],[89.9114,22.3772],[89.8999,22.3793],[89.9725,22.4463],[89.989,22.4983],[90.0173,22.499],[90.0196,22.5166],[90.03,22.5164],[90.03,22.5278],[90.0556,22.5494],[90.0659,22.5188]]]}},{"type":"Feature","properties":{"unit_id":"BD10790090","level":"upazila","name_en":"Indurkani","name_bn":"Indurkani","division":"Barishal"},"geometry":{"type":"Polygon","coordinates":[[[89.9814,22.519],[89.9951,22.5188],[89.9974,22.5007],[89.9872,22.4959],[89.9725,22.4463],[89.8964,22.3794],[89.8738,22.4022],[89.8697,22.4177],[89.904,22.4425],[89.9314,22.4455],[89.9435,22.4647],[89.9294,22.4761],[89.8923,22.4755],[89.8825,22.4855],[89.8807,22.4981],[89.8891,22.5041],[89.9131,22.5046],[89.9411,22.4926],[89.9658,22.4927],[89.9636,22.5082],[89.92,22.5097],[89.9478,22.5407],[89.955,22.5339],[89.9638,22.5425],[89.9802,22.5339],[89.9814,22.519]]]}},{"type":"Feature","properties":{"unit_id":"BD10790047","level":"upazila","name_en":"Kawkhali","name_bn":"Kawkhali","division":"Barishal"},"geometry":{"type":"Polygon","coordinates":[[[90.0835,22.6507],[90.0979,22.653],[90.0985,22.6277],[90.1101,22.6096],[90.0953,22.5919],[90.0749,22.5877],[90.0627,22.5946],[90.0542,22.579],[90.0645,22.5529],[90.0641,22.529],[90.0554,22.5507],[90.0506,22.5498],[90.0418,22.5333],[90.03,22.5278],[90.03,22.5164],[90.0218,22.516],[90.0195,22.5684],[90.0282,22.5686],[90.0371,22.5906],[90.0345,22.602],[90.0193,22.6078],[90.0313,22.6538],[90.0273,22.6642],[90.05,22.6577],[90.0622,22.6698],[90.0835,22.6507]]]}},{"type":"Feature","properties":{"unit_id":"BD10790058","level":"upazila","name_en":"Mathbaria","name_bn":"Mathbaria","division":"Barishal"},"geometry":{"type":"Polygon","coordinates":[[[90.0004,22.3939],[89.9999,22.4008],[90.0056,22.3939],[90.0223,22.3924],[90.0186,22.3687],[90.0342,22.361],[90.0347,22.3732],[90.0559,22.3542],[90.0486,22.3344],[90.0535,22.3138],[90.0411,22.3168],[90.0389,22.3029],[90.0302,22.3028],[90.0232,22.2917],[90.0192,22.2739],[90.0272,22.2566],[90.0172,22.2281],[89.9963,22.2286],[89.999,22.2115],[89.9917,22.2111],[89.9885,22.1984],[89.9806,22.2065],[89.9744,22.2009],[89.9646,22.2194],[89.9619,22.206],[89.9681,22.1908],[89.9566,22.181],[89.9571,22.1686],[89.9407,22.1746],[89.9264,22.1581],[89.8901,22.157],[89.884,22.1959],[89.8639,22.2244],[89.8574,22.2608],[89.8664,22.3033],[89.8959,22.3525],[89.8964,22.3794],[89.9114,22.3772],[89.9301,22.3622],[89.9399,22.3862],[89.9532,22.3842],[89.9599,22.3683],[89.9705,22.3712],[89.974,22.3815],[89.9623,22.4006],[89.9725,22.4033],[89.9841,22.3917],[90.0004,22.3939]]]}},{"type":"Feature","properties":{"unit_id":"BD10790076","level":"upazila","name_en":"Nazirpur","name_bn":"Nazirpur","division":"Barishal"},"geometry":{"type":"Polygon","coordinates":[[[90.0363,22.86],[90.0288,22.8179],[90.0543,22.8266],[90.0505,22.8185],[90.0548,22.8137],[90.0448,22.806],[90.0374,22.7466],[90.0215,22.7189],[90.0112,22.7162],[90.0104,22.7038],[89.9988,22.7023],[90.0,22.6753],[89.9916,22.6784],[89.987,22.6693],[89.9648,22.6728],[89.9742,22.6817],[89.9649,22.693],[89.9525,22.6925],[89.9503,22.6827],[89.9021,22.6964],[89.8629,22.6921],[89.8629,22.7042],[89.8998,22.7242],[89.9274,22.722],[89.9334,22.7516],[89.9091,22.7545],[89.9068,22.7734],[89.921,22.7836],[89.94,22.7832],[89.9332,22.7932],[89.9162,22.7998],[89.9174,22.809],[89.938,22.8235],[89.9489,22.8238],[89.9374,22.8638],[89.9628,22.8529],[89.9878,22.8657],[90.0289,22.8686],[90.0363,22.86]]]}},{"type":"Feature","properties":{"unit_id":"BD10790087","level":"upazila","name_en":"Nesarabad (Swarupkathi)","name_bn":"Nesarabad (Swarupkathi)","division":"Barishal"},"geometry":{"type":"Polygon","coordinates":[[[90.068,22.7995],[90.0767,22.7824],[90.0911,22.784],[90.1004,22.7815],[90.0988,22.775],[90.1146,22.7771],[90.1313,22.7655],[90.1405,22.7671],[90.1428,22.7558],[90.1507,22.7555],[90.1507,22.7618],[90.1663,22.7591],[90.1651,22.7463],[90.1756,22.7512],[90.1891,22.7427],[90.1574,22.7188],[90.1582,22.7102],[90.1378,22.6727],[90.0835,22.6507],[90.0749,22.6562],[90.0772,22.6616],[90.0614,22.67],[90.05,22.6577],[90.0238,22.6631],[89.996,22.6893],[89.9988,22.7023],[90.0104,22.7038],[90.0112,22.7162],[90.0215,22.7189],[90.0374,22.7466],[90.0404,22.7875],[90.0463,22.79],[90.0448,22.806],[90.0511,22.8093],[90.068,22.7995]]]}},{"type":"Feature","properties":{"unit_id":"BD10790080","level":"upazila","name_en":"Pirojpur Sadar","name_bn":"Pirojpur Sadar","division":"Barishal"},"geometry":{"type":"Polygon","coordinates":[[[89.9742,22.6817],[89.9648,22.6728],[89.987,22.6693],[89.9916,22.6784],[89.9988,22.6748],[90.0084,22.6795],[90.0313,22.6557],[90.0191,22.6096],[90.037,22.5995],[90.037,22.5881],[90.0282,22.5686],[90.0195,22.5684],[90.0218,22.5053],[90.0146,22.4975],[89.9973,22.501],[89.9951,22.5188],[89.9814,22.519],[89.9813,22.5318],[89.9735,22.5388],[89.9638,22.5425],[89.957,22.5342],[89.9504,22.5369],[89.9616,22.5937],[89.9501,22.6005],[89.9155,22.6037],[89.9265,22.6442],[89.9003,22.6504],[89.8868,22.6627],[89.896,22.6767],[89.9069,22.6559],[89.9371,22.6785],[89.9349,22.6887],[89.9505,22.6827],[89.9525,22.6925],[89.9621,22.6922],[89.9742,22.6817]]]}},{"type":"Feature","properties":{"unit_id":"BD45390007","level":"upazila","name_en":"Bakshiganj","name_bn":"Bakshiganj","division":"Mymensingh"},"geometry":{"type":"Polygon","coordinates":[[[89.9317,25.2898],[89.9279,25.2638],[89.9175,25.2639],[89.9127,25.2703],[89.9012,25.2638],[89.9032,25.2419],[89.8903,25.2148],[89.8854,25.1855],[89.9108,25.1732],[89.8955,25.1344],[89.9001,25.1328],[89.8957,25.1309],[89.8997,25.1088],[89.8703,25.1079],[89.8689,25.12],[89.8448,25.1487],[89.8349,25.1496],[89.8394,25.1433],[89.8297,25.141],[89.8273,25.1326],[89.821,25.1426],[89.7873,25.142],[89.7807,25.1469],[89.7767,25.1561],[89.7863,25.182],[89.8028,25.1783],[89.8046,25.1837],[89.7905,25.1967],[89.7889,25.2175],[89.7828,25.2245],[89.787,25.2428],[89.8058,25.244],[89.8224,25.2358],[89.8052,25.2637],[89.7939,25.2667],[89.808,25.3031],[89.8246,25.292],[89.8369,25.2947],[89.8588,25.2862],[89.8819,25.2867],[89.9088,25.3082],[89.9389,25.2991],[89.9443,25.3042],[89.9474,25.295],[89.9317,25.2898]]]}},{"type":"Feature","properties":{"unit_id":"BD45390015","level":"upazila","name_en":"Dewanganj","name_bn":"Dewanganj","division":"Mymensingh"},"geometry":{"type":"Polygon","coordinates":[[[89.8209,25.357],[89.8412,25.3153],[89.8319,25.2904],[89.8103,25.3047],[89.8014,25.2949],[89.8022,25.2834],[89.7942,25.2778],[89.7939,25.2667],[89.8052,25.2637],[89.8224,25.2358],[89.8058,25.244],[89.787,25.2428],[89.7828,25.2245],[89.7889,25.2175],[89.7905,25.1967],[89.8046,25.1837],[89.8028,25.1783],[89.7863,25.182],[89.7767,25.1553],[89.7873,25.142],[89.8103,25.1435],[89.8063,25.1372],[89.811,25.1261],[89.797,25.1255],[89.7943,25.1124],[89.7875,25.115],[89.7793,25.1083],[89.7728,25.111],[89.7739,25.1204],[89.7588,25.1232],[89.7518,25.1374],[89.7408,25.1437],[89.7496,25.1539],[89.7404,25.1612],[89.7109,25.1574],[89.7056,25.1496],[89.6912,25.1571],[89.6949,25.1617],[89.6877,25.162],[89.6836,25.1567],[89.6797,25.163],[89.6665,25.1623],[89.7002,25.2314],[89.7354,25.2337],[89.7402,25.2502],[89.7516,25.2517],[89.7567,25.2811],[89.7449,25.2995],[89.7429,25.3194],[89.7373,25.3186],[89.7188,25.3549],[89.741,25.3709],[89.7434,25.3804],[89.7769,25.3876],[89.7802,25.4088],[89.7694,25.4174],[89.7723,25.4246],[89.764,25.432],[89.8257,25.4153],[89.8209,25.357]]]}},{"type":"Feature","properties":{"unit_id":"BD45390029","level":"upazila","name_en":"Islampur","name_bn":"Islampur","division":"Mymensingh"},"geometry":{"type":"Polygon","coordinates":[[[89.6949,25.1617],[89.6912,25.1571],[89.7056,25.1496],[89.7109,25.1574],[89.7404,25.1612],[89.7496,25.1539],[89.7408,25.1437],[89.7518,25.1374],[89.7588,25.1232],[89.7739,25.1204],[89.7737,25.1093],[89.7941,25.1122],[89.794,25.1235],[89.811,25.1261],[89.8063,25.1372],[89.8106,25.1432],[89.821,25.1426],[89.8273,25.1326],[89.8297,25.141],[89.8394,25.1433],[89.8364,25.15],[89.8597,25.1339],[89.8703,25.1079],[89.9001,25.1098],[89.9163,25.0881],[89.9129,25.0723],[89.9257,25.0593],[89.908,25.0432],[89.9083,25.0329],[89.8865,25.0331],[89.8834,25.0174],[89.8932,25.0175],[89.898,24.9945],[89.867,25.0048],[89.8671,25.0153],[89.837,25.024],[89.827,25.0613],[89.8042,25.0839],[89.8005,25.07],[89.7783,25.0501],[89.7699,25.0194],[89.7646,25.0219],[89.7427,25.0099],[89.7426,25.0042],[89.725,25.0037],[89.7057,24.9901],[89.7008,24.9749],[89.6769,24.979],[89.6731,24.9747],[89.6613,24.988],[89.6611,25.0074],[89.6486,25.0415],[89.6566,25.0505],[89.6534,25.0782],[89.6391,25.0901],[89.6504,25.1063],[89.6524,25.1438],[89.6665,25.1623],[89.6836,25.1567],[89.6949,25.1617]]]}},{"type":"Feature","properties":{"unit_id":"BD45390036","level":"upazila","name_en":"Jamalpur Sadar","name_bn":"Jamalpur Sadar","division":"Mymensingh"},"geometry":{"type":"Polygon","coordinates":[[[89.9448,24.933],[89.9514,24.9266],[89.9841,24.9169],[89.9991,24.9207],[90.0158,24.9092],[90.0315,24.9075],[90.0407,24.9173],[90.0383,24.9069],[90.0551,24.9103],[90.0703,24.9035],[90.1115,24.906],[90.1343,24.8999],[90.1568,24.9088],[90.1574,24.8998],[90.1827,24.894],[90.2021,24.8799],[90.1911,24.866],[90.1829,24.8661],[90.1835,24.8637],[90.1977,24.8654],[90.201,24.8592],[90.1865,24.8549],[90.1886,24.8429],[90.1811,24.8407],[90.191,24.8292],[90.17,24.828],[90.1604,24.813],[90.1603,24.7933],[90.145,24.7902],[90.1414,24.7799],[90.122,24.7896],[90.1031,24.7823],[90.0906,24.7909],[90.0485,24.7755],[90.0299,24.7794],[90.0212,24.7722],[90.0211,24.7557],[89.9976,24.7456],[89.9888,24.7269],[89.9696,24.7233],[89.9553,24.7341],[89.9605,24.7376],[89.9566,24.7445],[89.9407,24.744],[89.9348,24.7613],[89.9215,24.764],[89.9182,24.7815],[89.8997,24.7919],[89.8975,24.8031],[89.8891,24.8046],[89.8958,24.8155],[89.8871,24.8233],[89.8767,24.8167],[89.8571,24.8174],[89.8502,24.8282],[89.8371,24.8292],[89.8308,24.846],[89.8163,24.8434],[89.8137,24.849],[89.8464,24.8623],[89.8638,24.856],[89.8904,24.8587],[89.9101,24.9116],[89.9098,24.9315],[89.899,24.9498],[89.9108,24.9456],[89.9086,24.9513],[89.9173,24.9509],[89.9175,24.9588],[89.9315,24.9607],[89.9428,24.9517],[89.9448,24.933]]]}},{"type":"Feature","properties":{"unit_id":"BD45390058","level":"upazila","name_en":"Madarganj","name_bn":"Madarganj","division":"Mymensingh"},"geometry":{"type":"Polygon","coordinates":[[[89.7201,24.9688],[89.7345,24.9787],[89.7453,24.9698],[89.7592,24.9752],[89.7744,24.9524],[89.7881,24.9451],[89.788,24.9376],[89.8006,24.9354],[89.7985,24.9209],[89.7908,24.9236],[89.7941,24.913],[89.7796,24.8697],[89.8052,24.8647],[89.8055,24.8557],[89.8269,24.8388],[89.8217,24.831],[89.8349,24.8294],[89.8249,24.7994],[89.811,24.802],[89.8042,24.7921],[89.7639,24.815],[89.762,24.8052],[89.7529,24.7999],[89.7298,24.8049],[89.688,24.8357],[89.6638,24.8935],[89.6876,24.9053],[89.6745,24.9303],[89.6796,24.9483],[89.673,24.9748],[89.7185,24.9757],[89.7201,24.9688]]]}},{"type":"Feature","properties":{"unit_id":"BD45390061","level":"upazila","name_en":"Melandaha","name_bn":"Melandaha","division":"Mymensingh"},"geometry":{"type":"Polygon","coordinates":[[[89.8315,25.0532],[89.837,25.024],[89.8671,25.0153],[89.867,25.0048],[89.8849,25.0023],[89.8982,24.9948],[89.8959,24.9867],[89.9036,24.9895],[89.9134,24.9798],[89.911,24.961],[89.9031,24.9639],[89.9108,24.9456],[89.8986,24.9486],[89.9098,24.9315],[89.9098,24.9102],[89.8888,24.8579],[89.8638,24.856],[89.8464,24.8623],[89.8137,24.849],[89.8055,24.8557],[89.8052,24.8647],[89.78,24.8687],[89.7941,24.913],[89.7908,24.9236],[89.7985,24.9209],[89.8006,24.9354],[89.788,24.9376],[89.7881,24.9451],[89.7744,24.9524],[89.7592,24.9752],[89.7453,24.9698],[89.7345,24.9787],[89.7201,24.9688],[89.7188,24.9755],[89.7025,24.9833],[89.725,25.0037],[89.7426,25.0042],[89.7427,25.0099],[89.7646,25.0219],[89.7699,25.0194],[89.7783,25.0501],[89.8005,25.07],[89.8049,25.0836],[89.8315,25.0532]]]}},{"type":"Feature","properties":{"unit_id":"BD45390085","level":"upazila","name_en":"Sarishabari","name_bn":"Sarishabari","division":"Mymensingh"},"geometry":{"type":"Polygon","coordinates":[[[89.8502,24.8282],[89.8571,24.8174],[89.8767,24.8167],[89.8871,24.8233],[89.8958,24.8155],[89.8891,24.8046],[89.8975,24.8031],[89.8997,24.7919],[89.9193,24.78],[89.9215,24.764],[89.9321,24.7599],[89.9184,24.7581],[89.924,24.7469],[89.9143,24.7487],[89.9086,24.7398],[89.8998,24.7465],[89.9005,24.7394],[89.8789,24.7466],[89.8829,24.7442],[89.8776,24.7377],[89.8778,24.714],[89.8918,24.702],[89.8971,24.6823],[89.8869,24.6751],[89.8765,24.6799],[89.8651,24.6635],[89.8645,24.6504],[89.8429,24.649],[89.847,24.6416],[89.8416,24.6375],[89.8507,24.6217],[89.8409,24.627],[89.8361,24.6141],[89.8265,24.6139],[89.8329,24.6076],[89.8232,24.6009],[89.8283,24.5921],[89.8166,24.5857],[89.8114,24.589],[89.818,24.5813],[89.8096,24.5764],[89.8114,24.571],[89.7947,24.5711],[89.7671,24.6162],[89.7681,24.6247],[89.788,24.6283],[89.7855,24.6717],[89.8009,24.682],[89.7919,24.6883],[89.795,24.7049],[89.7856,24.7058],[89.7756,24.7196],[89.7748,24.7272],[89.7855,24.7257],[89.7924,24.7382],[89.7795,24.7455],[89.7841,24.7635],[89.7745,24.7746],[89.7614,24.7682],[89.7461,24.7762],[89.739,24.7624],[89.7369,24.7714],[89.7211,24.7801],[89.7326,24.7953],[89.7617,24.8048],[89.7639,24.815],[89.8042,24.7921],[89.811,24.802],[89.8244,24.7991],[89.8349,24.8294],[89.8217,24.831],[89.824,24.8448],[89.8308,24.846],[89.8367,24.831],[89.8502,24.8282]]]}},{"type":"Feature","properties":{"unit_id":"BD45610013","level":"upazila","name_en":"Bhaluka","name_bn":"Bhaluka","division":"Mymensingh"},"geometry":{"type":"Polygon","coordinates":[[[90.2905,24.4761],[90.3029,24.4649],[90.3324,24.4728],[90.3378,24.4626],[90.3458,24.4584],[90.3546,24.4623],[90.3643,24.455],[90.3808,24.4713],[90.3888,24.4581],[90.3898,24.4706],[90.4078,24.4792],[90.4242,24.4717],[90.4328,24.4512],[90.4515,24.4521],[90.4569,24.4618],[90.4639,24.4599],[90.4664,24.4209],[90.4718,24.411],[90.4864,24.4046],[90.4751,24.3942],[90.4754,24.3766],[90.4869,24.3737],[90.5,24.3521],[90.4912,24.3309],[90.496,24.315],[90.4892,24.3135],[90.457,24.3406],[90.4378,24.3401],[90.4268,24.3314],[90.4267,24.3057],[90.4178,24.3046],[90.4026,24.2822],[90.3934,24.2803],[90.3802,24.29],[90.3638,24.2813],[90.3557,24.3007],[90.3455,24.2932],[90.3237,24.2992],[90.2915,24.2778],[90.2806,24.2876],[90.2642,24.2888],[90.2483,24.3334],[90.2342,24.3351],[90.2299,24.3469],[90.2487,24.4162],[90.2312,24.4219],[90.2205,24.4489],[90.248,24.4412],[90.2548,24.453],[90.2528,24.4727],[90.2744,24.4791],[90.2905,24.4761]]]}},{"type":"Feature","properties":{"unit_id":"BD45610016","level":"upazila","name_en":"Dhobaura","name_bn":"Dhobaura","division":"Mymensingh"},"geometry":{"type":"Polygon","coordinates":[[[90.62,25.1592],[90.6082,25.1409],[90.6148,25.1322],[90.6032,25.1175],[90.6012,25.1092],[90.6068,25.1058],[90.6017,25.0958],[90.5885,25.0841],[90.5962,25.0774],[90.5905,25.0602],[90.6039,25.0748],[90.6106,25.0677],[90.605,25.0636],[90.6141,25.0554],[90.6057,25.0535],[90.611,25.0506],[90.6036,25.0394],[90.6096,25.0306],[90.5979,25.0295],[90.5931,25.0364],[90.5872,25.0283],[90.5737,25.0365],[90.5654,25.0334],[90.5574,25.038],[90.5588,25.0451],[90.5525,25.0448],[90.5461,25.0322],[90.5338,25.0337],[90.5445,25.0268],[90.5425,25.0098],[90.5249,25.0323],[90.518,25.0243],[90.5109,25.031],[90.5072,25.0178],[90.5078,25.0221],[90.4802,25.0239],[90.4752,25.0393],[90.4565,25.0401],[90.4576,25.0516],[90.4454,25.0674],[90.4241,25.0751],[90.4454,25.1011],[90.4023,25.1203],[90.4084,25.1281],[90.4574,25.1405],[90.462,25.1537],[90.4994,25.1716],[90.5101,25.1698],[90.5095,25.1751],[90.576,25.1713],[90.617,25.1772],[90.62,25.1592]]]}},{"type":"Feature","properties":{"unit_id":"BD45610020","level":"upazila","name_en":"Fulbaria","name_bn":"Fulbaria","division":"Mymensingh"},"geometry":{"type":"Polygon","coordinates":[[[90.3229,24.7055],[90.3423,24.6955],[90.3348,24.6838],[90.3453,24.67],[90.3247,24.662],[90.3383,24.6368],[90.3471,24.634],[90.3525,24.6158],[90.3602,24.6136],[90.3564,24.6011],[90.3364,24.5841],[90.3422,24.5705],[90.324,24.565],[90.3228,24.549],[90.3308,24.5393],[90.3433,24.539],[90.3446,24.5327],[90.3372,24.5308],[90.3353,24.5189],[90.3231,24.5101],[90.3216,24.4842],[90.3056,24.4854],[90.2941,24.4729],[90.2704,24.481],[90.2528,24.4727],[90.2548,24.453],[90.248,24.4412],[90.2296,24.4437],[90.2135,24.4515],[90.2117,24.4629],[90.2249,24.4638],[90.2461,24.4821],[90.2371,24.4876],[90.2287,24.4841],[90.2158,24.4994],[90.2073,24.4982],[90.2042,24.5031],[90.2104,24.5098],[90.187,24.5232],[90.1767,24.5183],[90.1708,24.5378],[90.1632,24.5372],[90.1592,24.5452],[90.151,24.5678],[90.1557,24.574],[90.1443,24.576],[90.1301,24.5951],[90.135,24.6163],[90.1495,24.616],[90.1685,24.6042],[90.1739,24.6208],[90.1878,24.6344],[90.1814,24.6476],[90.1898,24.65],[90.1894,24.6553],[90.2032,24.6565],[90.2064,24.6706],[90.1986,24.6834],[90.2251,24.6836],[90.2435,24.6964],[90.2524,24.6899],[90.2663,24.6926],[90.2674,24.6983],[90.2822,24.6975],[90.2927,24.719],[90.2993,24.7223],[90.3019,24.7027],[90.3229,24.7055]]]}},{"type":"Feature","properties":{"unit_id":"BD45610081","level":"upazila","name_en":"Fulpur","name_bn":"Fulpur","division":"Mymensingh"},"geometry":{"type":"Polygon","coordinates":[[[90.2849,25.0132],[90.2991,25.0162],[90.2986,25.0074],[90.3106,25.0071],[90.3178,24.9978],[90.3329,25.0049],[90.3362,24.9966],[90.3428,25.0],[90.3422,24.9927],[90.3577,24.9937],[90.3608,25.0018],[90.3769,25.0097],[90.3892,25.0087],[90.3949,25.0043],[90.3935,24.9947],[90.4099,24.9869],[90.4109,24.9917],[90.4172,24.9871],[90.4226,24.9968],[90.4333,24.9935],[90.4305,25.0045],[90.4415,25.0076],[90.4476,25.0013],[90.4472,25.0145],[90.4611,25.0077],[90.4734,25.0131],[90.4816,25.0057],[90.4855,25.0203],[90.5016,25.0201],[90.5036,25.0153],[90.493,25.0046],[90.5039,25.0033],[90.5046,24.9859],[90.5119,24.9881],[90.5138,24.9792],[90.5241,24.9796],[90.5179,24.9751],[90.5139,24.9514],[90.5056,24.9474],[90.4826,24.9573],[90.4834,24.965],[90.4768,24.9603],[90.4549,24.9659],[90.4405,24.961],[90.4353,24.9434],[90.4543,24.9353],[90.4607,24.9236],[90.4437,24.9223],[90.4349,24.9301],[90.4262,24.9235],[90.3927,24.9253],[90.3898,24.9156],[90.3682,24.9175],[90.3609,24.8998],[90.3719,24.8965],[90.3798,24.873],[90.3536,24.8732],[90.3565,24.8681],[90.3416,24.8596],[90.3258,24.876],[90.317,24.8717],[90.2965,24.8909],[90.2617,24.8898],[90.2402,24.8986],[90.2474,24.9265],[90.233,24.9458],[90.2591,24.9459],[90.254,24.9578],[90.2418,24.9624],[90.2444,24.9674],[90.2305,24.9667],[90.2285,24.9761],[90.2368,24.985],[90.2431,25.0124],[90.2719,25.0109],[90.2898,25.0217],[90.2849,25.0132]]]}},{"type":"Feature","properties":{"unit_id":"BD45610022","level":"upazila","name_en":"Gafargaon","name_bn":"Gafargaon","division":"Mymensingh"},"geometry":{"type":"Polygon","coordinates":[[[90.4841,24.5335],[90.5009,24.5186],[90.5293,24.5212],[90.5634,24.5045],[90.588,24.4459],[90.6337,24.4344],[90.6422,24.4271],[90.648,24.4048],[90.6336,24.3591],[90.6194,24.3389],[90.6418,24.3092],[90.6513,24.2609],[90.6229,24.2716],[90.5735,24.248],[90.5446,24.2683],[90.5469,24.2747],[90.5214,24.2871],[90.5295,24.3033],[90.4961,24.3153],[90.4912,24.3309],[90.5,24.3521],[90.4869,24.3737],[90.4754,24.3766],[90.4739,24.3857],[90.4863,24.4047],[90.4715,24.4113],[90.4632,24.4338],[90.4647,24.4589],[90.4492,24.466],[90.4414,24.4797],[90.442,24.4861],[90.4536,24.4857],[90.451,24.5057],[90.4442,24.5079],[90.4484,24.5232],[90.4674,24.5202],[90.4642,24.5405],[90.4818,24.5456],[90.4841,24.5335]]]}},{"type":"Feature","properties":{"unit_id":"BD45610023","level":"upazila","name_en":"Gouripur","name_bn":"Gouripur","division":"Mymensingh"},"geometry":{"type":"Polygon","coordinates":[[[90.5426,24.8851],[90.5676,24.8864],[90.5731,24.8561],[90.5678,24.8551],[90.5669,24.8418],[90.575,24.8378],[90.5843,24.8456],[90.5902,24.837],[90.5661,24.8182],[90.5666,24.8123],[90.5818,24.8223],[90.584,24.8125],[90.6099,24.8138],[90.6258,24.7956],[90.6425,24.7994],[90.6478,24.7915],[90.6706,24.8029],[90.7083,24.801],[90.7048,24.7863],[90.7216,24.7741],[90.7095,24.7682],[90.7002,24.7771],[90.6938,24.7573],[90.7149,24.7512],[90.725,24.7329],[90.7094,24.7309],[90.6955,24.7139],[90.6922,24.696],[90.6668,24.7151],[90.6462,24.7119],[90.642,24.7271],[90.6255,24.7048],[90.6111,24.7133],[90.5859,24.7094],[90.5753,24.6948],[90.5846,24.6821],[90.5789,24.6845],[90.5736,24.6768],[90.557,24.6871],[90.5529,24.6813],[90.5356,24.6845],[90.5367,24.6985],[90.5163,24.6961],[90.4983,24.706],[90.4908,24.6832],[90.5134,24.6486],[90.4801,24.6583],[90.4635,24.6452],[90.4634,24.6373],[90.4588,24.6491],[90.4657,24.68],[90.453,24.7109],[90.4649,24.7114],[90.4846,24.7246],[90.4873,24.7411],[90.5017,24.7443],[90.5025,24.7365],[90.5187,24.752],[90.5277,24.7493],[90.528,24.7824],[90.545,24.7791],[90.5505,24.7882],[90.5478,24.8006],[90.555,24.8117],[90.549,24.8236],[90.5377,24.8282],[90.5434,24.8357],[90.5198,24.8385],[90.5298,24.8521],[90.5231,24.8539],[90.521,24.8637],[90.5303,24.8707],[90.5143,24.8887],[90.5243,24.8944],[90.5426,24.8851]]]}},{"type":"Feature","properties":{"unit_id":"BD45610024","level":"upazila","name_en":"Haluaghat","name_bn":"Haluaghat","division":"Mymensingh"},"geometry":{"type":"Polygon","coordinates":[[[90.3298,25.193],[90.3705,25.1625],[90.4059,25.1592],[90.4397,25.1444],[90.462,25.1537],[90.4574,25.1405],[90.4015,25.1237],[90.4454,25.1011],[90.4241,25.0751],[90.4454,25.0674],[90.4576,25.0516],[90.4565,25.0401],[90.4785,25.0378],[90.4777,25.026],[90.4922,25.0213],[90.4824,25.0175],[90.4824,25.0061],[90.4734,25.0131],[90.4611,25.0077],[90.4472,25.0145],[90.4476,25.0013],[90.4415,25.0076],[90.4305,25.0045],[90.4333,24.9935],[90.4233,24.997],[90.4172,24.9871],[90.4109,24.9917],[90.4094,24.9869],[90.3935,24.9947],[90.3949,25.0043],[90.3892,25.0087],[90.3692,25.0068],[90.35,24.992],[90.3399,24.9939],[90.3418,25.0009],[90.3335,24.9985],[90.3329,25.0049],[90.3174,24.9979],[90.3106,25.0071],[90.2986,25.0074],[90.2988,25.0163],[90.2849,25.0132],[90.2893,25.0221],[90.2816,25.0219],[90.2719,25.0109],[90.2431,25.0124],[90.2332,25.0423],[90.2412,25.0537],[90.2486,25.0531],[90.2582,25.0656],[90.264,25.0515],[90.2815,25.057],[90.2864,25.0682],[90.2925,25.0679],[90.2889,25.0779],[90.3095,25.0784],[90.3124,25.0851],[90.3038,25.0919],[90.2868,25.0824],[90.2816,25.0945],[90.2625,25.0979],[90.2705,25.1493],[90.2589,25.1652],[90.264,25.1933],[90.2677,25.1979],[90.3099,25.1883],[90.3298,25.193]]]}},{"type":"Feature","properties":{"unit_id":"BD45610031","level":"upazila","name_en":"Ishwarganj","name_bn":"Ishwarganj","division":"Mymensingh"},"geometry":{"type":"Polygon","coordinates":[[[90.6462,24.7119],[90.6668,24.7151],[90.6744,24.7116],[90.6741,24.7048],[90.6877,24.7032],[90.6882,24.6954],[90.7018,24.7004],[90.7076,24.6916],[90.698,24.6766],[90.7019,24.6673],[90.7204,24.6481],[90.7248,24.6527],[90.7392,24.6488],[90.7418,24.6353],[90.7572,24.6353],[90.7611,24.6236],[90.7401,24.6277],[90.7219,24.6219],[90.7145,24.6127],[90.7011,24.619],[90.7028,24.6275],[90.6791,24.637],[90.6623,24.6025],[90.6522,24.6012],[90.6469,24.5921],[90.6177,24.5949],[90.6137,24.5859],[90.6186,24.578],[90.6119,24.5815],[90.6089,24.5762],[90.5846,24.5747],[90.5897,24.5604],[90.5806,24.5596],[90.5688,24.5701],[90.5693,24.5608],[90.5583,24.5601],[90.5579,24.5751],[90.5308,24.5751],[90.5232,24.5883],[90.5201,24.5703],[90.5147,24.5682],[90.519,24.5879],[90.4999,24.6225],[90.4737,24.6297],[90.4628,24.6402],[90.4801,24.6583],[90.5134,24.6486],[90.4932,24.6753],[90.4955,24.7049],[90.5163,24.6961],[90.5367,24.6985],[90.5356,24.6845],[90.5529,24.6813],[90.557,24.6871],[90.5736,24.6768],[90.5851,24.6843],[90.5753,24.6948],[90.5771,24.7035],[90.6103,24.7134],[90.6255,24.7048],[90.6427,24.7265],[90.6462,24.7119]]]}},{"type":"Feature","properties":{"unit_id":"BD45610065","level":"upazila","name_en":"Muktagachha","name_bn":"Muktagachha","division":"Mymensingh"},"geometry":{"type":"Polygon","coordinates":[[[90.2024,24.8537],[90.2178,24.8503],[90.2226,24.8349],[90.2187,24.8294],[90.2362,24.8414],[90.237,24.8195],[90.2432,24.812],[90.2374,24.8032],[90.2475,24.8116],[90.252,24.802],[90.2704,24.7979],[90.2852,24.8047],[90.3054,24.8001],[90.3015,24.7965],[90.3094,24.7889],[90.3023,24.7804],[90.3195,24.7726],[90.3148,24.7602],[90.3345,24.7535],[90.3362,24.7443],[90.3267,24.742],[90.3293,24.7344],[90.3108,24.7262],[90.3096,24.7176],[90.293,24.7193],[90.2869,24.6996],[90.2674,24.6983],[90.2663,24.6926],[90.2524,24.6899],[90.2431,24.6963],[90.2251,24.6836],[90.1986,24.6834],[90.2064,24.6706],[90.2032,24.6565],[90.1833,24.6504],[90.1878,24.6344],[90.1641,24.6042],[90.1498,24.6159],[90.1392,24.6146],[90.1524,24.6341],[90.129,24.717],[90.1355,24.7342],[90.092,24.7367],[90.0907,24.7517],[90.0993,24.7566],[90.0777,24.7871],[90.0916,24.7908],[90.1034,24.7823],[90.1226,24.7896],[90.1414,24.7799],[90.145,24.7902],[90.1603,24.7933],[90.1604,24.813],[90.17,24.828],[90.1907,24.8286],[90.1811,24.8407],[90.1886,24.8429],[90.1865,24.8549],[90.201,24.8592],[90.2024,24.8537]]]}},{"type":"Feature","properties":{"unit_id":"BD45610052","level":"upazila","name_en":"Mymensingh Sadar","name_bn":"Mymensingh Sadar","division":"Mymensingh"},"geometry":{"type":"Polygon","coordinates":[[[90.2975,24.8905],[90.3172,24.8716],[90.3241,24.877],[90.3336,24.864],[90.3454,24.8619],[90.343,24.8485],[90.3483,24.8567],[90.3468,24.8478],[90.357,24.8403],[90.3654,24.8455],[90.3796,24.8358],[90.376,24.8282],[90.3807,24.8231],[90.3899,24.8272],[90.4096,24.8212],[90.4392,24.8048],[90.4526,24.7898],[90.5027,24.7701],[90.5082,24.7536],[90.5017,24.7443],[90.4851,24.7398],[90.4804,24.7211],[90.4525,24.7107],[90.4468,24.7217],[90.4527,24.7214],[90.4576,24.7558],[90.4705,24.7517],[90.4684,24.7716],[90.4333,24.773],[90.4165,24.7825],[90.421,24.7885],[90.417,24.791],[90.3888,24.7975],[90.3918,24.7927],[90.3806,24.7929],[90.3623,24.8047],[90.3334,24.7938],[90.331,24.7847],[90.3392,24.7803],[90.3384,24.7719],[90.346,24.7741],[90.349,24.765],[90.3597,24.7641],[90.351,24.7464],[90.3773,24.7288],[90.3868,24.7286],[90.3939,24.7216],[90.3914,24.712],[90.4054,24.7083],[90.4119,24.694],[90.4239,24.6942],[90.4485,24.6809],[90.4643,24.6825],[90.4588,24.6491],[90.4628,24.6377],[90.4035,24.6669],[90.3796,24.6676],[90.3631,24.6781],[90.3393,24.6771],[90.3347,24.6863],[90.3424,24.6944],[90.3394,24.7009],[90.3195,24.7059],[90.3019,24.7027],[90.3011,24.7181],[90.3099,24.7178],[90.3108,24.7262],[90.3293,24.7344],[90.3267,24.742],[90.3362,24.7443],[90.3345,24.7535],[90.3148,24.7602],[90.3195,24.7726],[90.3023,24.7804],[90.3094,24.7889],[90.3015,24.7965],[90.3054,24.8001],[90.2852,24.8047],[90.2704,24.7979],[90.252,24.802],[90.2475,24.8116],[90.2374,24.8032],[90.2432,24.812],[90.237,24.8195],[90.2362,24.8414],[90.2187,24.8294],[90.2226,24.8349],[90.2178,24.8503],[90.2016,24.8541],[90.1977,24.8654],[90.1829,24.864],[90.2008,24.8765],[90.1926,24.8866],[90.2249,24.8835],[90.2414,24.8967],[90.2617,24.8898],[90.2975,24.8905]]]}},{"type":"Feature","properties":{"unit_id":"BD45610072","level":"upazila","name_en":"Nandail","name_bn":"Nandail","division":"Mymensingh"},"geometry":{"type":"Polygon","coordinates":[[[90.7586,24.6084],[90.7753,24.6076],[90.7766,24.6156],[90.7948,24.6046],[90.7966,24.5926],[90.7894,24.5837],[90.7964,24.5831],[90.7935,24.5767],[90.8082,24.5789],[90.8073,24.5849],[90.8165,24.5799],[90.8209,24.586],[90.8223,24.579],[90.81,24.5644],[90.8145,24.5565],[90.8088,24.5398],[90.8034,24.5448],[90.804,24.5301],[90.7919,24.5181],[90.7935,24.508],[90.7579,24.5122],[90.7526,24.5026],[90.743,24.5084],[90.7358,24.4854],[90.722,24.4704],[90.716,24.4903],[90.7045,24.4987],[90.7027,24.5149],[90.6828,24.5014],[90.6857,24.4872],[90.679,24.4669],[90.6646,24.4671],[90.6484,24.4781],[90.6374,24.4762],[90.638,24.481],[90.605,24.4991],[90.5837,24.4944],[90.5834,24.4859],[90.5757,24.4822],[90.5634,24.5045],[90.5437,24.513],[90.5175,24.5435],[90.5147,24.5682],[90.5201,24.5703],[90.5232,24.5883],[90.5308,24.5751],[90.5579,24.5751],[90.5583,24.5601],[90.5693,24.5608],[90.5693,24.5701],[90.5824,24.559],[90.59,24.5609],[90.5826,24.569],[90.5849,24.575],[90.619,24.5783],[90.6137,24.5859],[90.6177,24.5949],[90.6469,24.5921],[90.6522,24.6012],[90.6623,24.6025],[90.6788,24.6369],[90.7028,24.6275],[90.7011,24.619],[90.7145,24.6127],[90.7219,24.6219],[90.7401,24.6277],[90.7611,24.6236],[90.7586,24.6084]]]}},{"type":"Feature","properties":{"unit_id":"BD45610088","level":"upazila","name_en":"Tarakanda","name_bn":"Tarakanda","division":"Mymensingh"},"geometry":{"type":"Polygon","coordinates":[[[90.4768,24.9603],[90.4834,24.965],[90.4826,24.9573],[90.5055,24.9474],[90.5165,24.9512],[90.5182,24.9454],[90.5288,24.9538],[90.5326,24.9516],[90.5267,24.9423],[90.5452,24.9376],[90.5342,24.9271],[90.5419,24.9073],[90.5335,24.8962],[90.5357,24.8906],[90.5242,24.8945],[90.5143,24.8887],[90.5303,24.8707],[90.521,24.8637],[90.5231,24.8539],[90.5298,24.8521],[90.5198,24.8385],[90.5434,24.8357],[90.5377,24.8282],[90.549,24.8236],[90.555,24.8117],[90.5478,24.8006],[90.5505,24.7882],[90.5447,24.7791],[90.5288,24.7835],[90.5249,24.7727],[90.5299,24.7524],[90.5187,24.752],[90.5025,24.7365],[90.5003,24.7482],[90.5082,24.7539],[90.4976,24.7741],[90.4526,24.7898],[90.4392,24.8048],[90.4096,24.8212],[90.3899,24.8272],[90.3807,24.8231],[90.376,24.8282],[90.3796,24.8358],[90.3654,24.8455],[90.357,24.8403],[90.3468,24.8478],[90.3483,24.8567],[90.3426,24.849],[90.3454,24.8619],[90.3565,24.8681],[90.3536,24.8732],[90.3802,24.874],[90.3719,24.8965],[90.3609,24.8998],[90.3682,24.9175],[90.3898,24.9156],[90.3927,24.9253],[90.4262,24.9235],[90.4349,24.9301],[90.4437,24.9223],[90.4607,24.9236],[90.4543,24.9353],[90.4349,24.9445],[90.4405,24.961],[90.4583,24.9654],[90.4768,24.9603]]]}},{"type":"Feature","properties":{"unit_id":"BD45610094","level":"upazila","name_en":"Trishal","name_bn":"Trishal","division":"Mymensingh"},"geometry":{"type":"Polygon","coordinates":[[[90.3796,24.6676],[90.4001,24.6679],[90.4164,24.6563],[90.4448,24.6507],[90.4722,24.6305],[90.4999,24.6225],[90.519,24.5879],[90.5144,24.5796],[90.5175,24.5435],[90.5437,24.5131],[90.5143,24.5237],[90.5009,24.5186],[90.4841,24.5335],[90.4801,24.5471],[90.4642,24.5405],[90.4674,24.5202],[90.4484,24.5232],[90.4442,24.5079],[90.451,24.5057],[90.4536,24.4857],[90.442,24.4861],[90.4414,24.4797],[90.4569,24.4618],[90.4515,24.4521],[90.4328,24.4512],[90.4242,24.4717],[90.4078,24.4792],[90.3898,24.4706],[90.3888,24.4581],[90.3808,24.4713],[90.3644,24.455],[90.3546,24.4623],[90.3458,24.4584],[90.3378,24.4626],[90.3324,24.4728],[90.2986,24.4679],[90.2941,24.4729],[90.3014,24.4828],[90.3221,24.4849],[90.3231,24.5101],[90.3353,24.5189],[90.3372,24.5308],[90.3446,24.5327],[90.3433,24.539],[90.3264,24.5422],[90.324,24.565],[90.3422,24.5705],[90.3364,24.5841],[90.3564,24.6011],[90.3602,24.6136],[90.3525,24.6158],[90.3471,24.634],[90.3383,24.6368],[90.3247,24.6628],[90.3612,24.6781],[90.3796,24.6676]]]}},{"type":"Feature","properties":{"unit_id":"BD45720004","level":"upazila","name_en":"Atpara","name_bn":"Atpara","division":"Mymensingh"},"geometry":{"type":"Polygon","coordinates":[[[90.9345,24.8624],[90.9367,24.8499],[90.9448,24.8525],[90.949,24.8386],[90.9473,24.8331],[90.9289,24.8319],[90.9156,24.8228],[90.9152,24.8066],[90.933,24.797],[90.9343,24.7743],[90.9453,24.7669],[90.9542,24.7754],[90.9805,24.7824],[90.9763,24.7564],[90.9878,24.7488],[90.9864,24.7383],[90.9559,24.7236],[90.9442,24.7329],[90.9287,24.7322],[90.9235,24.7455],[90.9155,24.7493],[90.8998,24.7458],[90.8992,24.7525],[90.8973,24.7447],[90.8769,24.7486],[90.8793,24.7427],[90.8713,24.7348],[90.8696,24.7385],[90.8591,24.7306],[90.8487,24.7312],[90.8431,24.7339],[90.8494,24.7447],[90.8441,24.7499],[90.8012,24.76],[90.8024,24.7656],[90.7962,24.7637],[90.7966,24.7805],[90.7844,24.7737],[90.7786,24.7767],[90.7882,24.7858],[90.7841,24.7877],[90.7943,24.8083],[90.7795,24.8188],[90.7811,24.8283],[90.7955,24.8301],[90.7979,24.8435],[90.8263,24.8485],[90.8487,24.8611],[90.8607,24.8452],[90.8859,24.856],[90.8979,24.8506],[90.9064,24.8617],[90.9216,24.8607],[90.9245,24.8661],[90.9345,24.8624]]]}},{"type":"Feature","properties":{"unit_id":"BD45720009","level":"upazila","name_en":"Barhatta","name_bn":"Barhatta","division":"Mymensingh"},"geometry":{"type":"Polygon","coordinates":[[[90.8457,25.0008],[90.8523,24.9873],[90.8478,24.9737],[90.8521,24.9687],[90.8423,24.9599],[90.8459,24.9569],[90.8569,24.9631],[90.8691,24.9611],[90.8952,24.9788],[90.9449,24.983],[90.9487,24.9711],[90.9623,24.9713],[90.9732,24.9588],[90.9632,24.9412],[90.9504,24.9397],[90.9571,24.9382],[90.9565,24.9146],[90.9646,24.9102],[90.9719,24.9161],[90.9941,24.9138],[90.9987,24.8913],[90.9841,24.8859],[90.9748,24.8732],[90.9656,24.8797],[90.9563,24.8694],[90.9423,24.8746],[90.9412,24.8676],[90.9064,24.8617],[90.8979,24.8506],[90.8859,24.856],[90.8607,24.8452],[90.8492,24.8611],[90.8263,24.8485],[90.8103,24.8484],[90.8226,24.8776],[90.814,24.8841],[90.8036,24.8796],[90.8276,24.9103],[90.8276,24.9215],[90.8404,24.9236],[90.8334,24.9274],[90.8353,24.9349],[90.8263,24.9497],[90.821,24.9389],[90.81,24.9416],[90.8043,24.9629],[90.7981,24.9655],[90.803,24.9594],[90.7994,24.9555],[90.7878,24.9655],[90.7757,24.9615],[90.7835,24.9724],[90.7659,24.9837],[90.771,25.0033],[90.784,24.9937],[90.8021,24.9949],[90.8063,25.0025],[90.8113,25.0014],[90.8114,24.9919],[90.8336,24.9987],[90.8344,25.0041],[90.8406,24.9936],[90.8457,25.0008]]]}},{"type":"Feature","properties":{"unit_id":"BD45720018","level":"upazila","name_en":"Durgapur","name_bn":"Durgapur","division":"Mymensingh"},"geometry":{"type":"Polygon","coordinates":[[[90.6751,25.1764],[90.6859,25.1745],[90.6829,25.1639],[90.6988,25.1566],[90.701,25.1645],[90.7067,25.161],[90.7103,25.1679],[90.7322,25.1548],[90.7417,25.1604],[90.7342,25.1665],[90.7582,25.1681],[90.7635,25.1577],[90.7526,25.1566],[90.7466,25.1418],[90.7684,25.1337],[90.7582,25.1213],[90.7689,25.1196],[90.7691,25.1025],[90.7756,25.1003],[90.7757,25.0929],[90.7909,25.088],[90.7947,25.0931],[90.799,25.0877],[90.7852,25.0789],[90.7816,25.0675],[90.7709,25.0785],[90.759,25.0759],[90.7522,25.0645],[90.7592,25.0619],[90.7583,25.053],[90.7453,25.0453],[90.7558,25.0274],[90.7306,25.0191],[90.7213,25.0267],[90.7052,25.0175],[90.7057,25.0121],[90.7271,25.007],[90.7273,24.9996],[90.7066,24.9972],[90.6851,24.984],[90.6754,24.9929],[90.6689,24.9882],[90.662,24.9931],[90.6772,24.9972],[90.6698,24.9983],[90.6759,25.0109],[90.6257,25.0096],[90.6232,25.0238],[90.6083,25.0228],[90.6099,25.0313],[90.6041,25.0344],[90.6089,25.0371],[90.6036,25.0394],[90.611,25.0506],[90.6056,25.0531],[90.6142,25.0556],[90.605,25.0636],[90.6106,25.0675],[90.607,25.0748],[90.5898,25.0611],[90.5962,25.0774],[90.5886,25.0844],[90.6067,25.1053],[90.6011,25.1095],[90.6067,25.1271],[90.6148,25.1322],[90.608,25.1401],[90.62,25.1589],[90.618,25.1728],[90.642,25.1745],[90.6407,25.1836],[90.6489,25.1806],[90.6529,25.1869],[90.6484,25.1945],[90.6588,25.1852],[90.664,25.1979],[90.6663,25.1657],[90.6751,25.1764]]]}},{"type":"Feature","properties":{"unit_id":"BD45720040","level":"upazila","name_en":"Kalmakanda","name_bn":"Kalmakanda","division":"Mymensingh"},"geometry":{"type":"Polygon","coordinates":[[[90.7946,25.1814],[90.807,25.1659],[90.8416,25.1651],[90.8483,25.1591],[90.8835,25.1676],[90.9271,25.1638],[90.9625,25.172],[90.9597,25.168],[90.9685,25.1622],[90.9593,25.1488],[90.9515,25.1494],[90.9498,25.1365],[90.9576,25.1277],[90.948,25.1116],[90.9715,25.0945],[90.9737,25.0723],[90.9574,25.0694],[90.944,25.0811],[90.9291,25.0778],[90.9362,25.0654],[90.9307,25.0638],[90.9313,25.0425],[90.9514,25.0433],[90.9647,25.0346],[90.9354,25.0233],[90.9368,25.0094],[90.9482,25.0048],[90.9418,24.9841],[90.8952,24.9788],[90.8691,24.9611],[90.8569,24.9631],[90.8459,24.9569],[90.8423,24.9599],[90.8521,24.9687],[90.8478,24.9737],[90.8523,24.9873],[90.8457,25.0008],[90.8402,24.9936],[90.8344,25.0041],[90.8336,24.9987],[90.8137,24.9919],[90.8102,25.0025],[90.7902,24.9933],[90.7721,25.0033],[90.7698,24.9967],[90.7632,24.999],[90.7688,25.0107],[90.7455,25.0409],[90.76,25.0575],[90.7525,25.0658],[90.759,25.0759],[90.7705,25.0786],[90.7816,25.0675],[90.7852,25.0789],[90.799,25.0877],[90.7947,25.0931],[90.7909,25.088],[90.7757,25.0929],[90.7756,25.1003],[90.7691,25.1025],[90.7689,25.1196],[90.7582,25.1213],[90.7684,25.1337],[90.7556,25.1347],[90.7464,25.1434],[90.7528,25.1568],[90.7635,25.1577],[90.7574,25.1636],[90.7628,25.1778],[90.7803,25.1866],[90.7815,25.1814],[90.7946,25.1814]]]}},{"type":"Feature","properties":{"unit_id":"BD45720047","level":"upazila","name_en":"Kendua","name_bn":"Kendua","division":"Mymensingh"},"geometry":{"type":"Polygon","coordinates":[[[90.8452,24.7491],[90.8494,24.7447],[90.8431,24.7339],[90.8591,24.7306],[90.8493,24.73],[90.8562,24.7202],[90.8618,24.7224],[90.8629,24.7135],[90.8792,24.7141],[90.8756,24.6928],[90.8917,24.6806],[90.8926,24.6671],[90.9032,24.6672],[90.8989,24.6575],[90.9093,24.6484],[90.9046,24.6292],[90.9141,24.624],[90.9156,24.5989],[90.888,24.6016],[90.8805,24.5938],[90.8658,24.5955],[90.863,24.6012],[90.8527,24.5986],[90.8418,24.581],[90.8235,24.5876],[90.8146,24.5795],[90.8064,24.5847],[90.8096,24.5799],[90.7974,24.5748],[90.7931,24.5772],[90.7964,24.5831],[90.7894,24.5837],[90.7966,24.5926],[90.7948,24.6046],[90.7766,24.6156],[90.7753,24.6076],[90.7586,24.6084],[90.7577,24.635],[90.7418,24.6353],[90.7392,24.6488],[90.7248,24.6527],[90.7204,24.6481],[90.7019,24.6673],[90.698,24.6766],[90.7076,24.6916],[90.7018,24.7004],[90.6944,24.6991],[90.6954,24.7135],[90.7094,24.7309],[90.7196,24.7288],[90.725,24.734],[90.7149,24.7512],[90.6942,24.7561],[90.6957,24.773],[90.7046,24.776],[90.7095,24.7682],[90.7319,24.773],[90.7466,24.7605],[90.7568,24.7602],[90.7926,24.7806],[90.8012,24.76],[90.8452,24.7491]]]}},{"type":"Feature","properties":{"unit_id":"BD45720038","level":"upazila","name_en":"Khaliajuri","name_bn":"Khaliajuri","division":"Mymensingh"},"geometry":{"type":"Polygon","coordinates":[[[91.1721,24.8091],[91.1603,24.7943],[91.1694,24.792],[91.1712,24.7807],[91.1606,24.7661],[91.137,24.7601],[91.1606,24.7493],[91.1571,24.743],[91.147,24.7486],[91.1521,24.7331],[91.1419,24.7274],[91.1594,24.7261],[91.163,24.7188],[91.1699,24.7301],[91.1771,24.7296],[91.2077,24.7122],[91.2216,24.7285],[91.229,24.7275],[91.2269,24.707],[91.2212,24.7022],[91.2414,24.6962],[91.2434,24.6831],[91.2343,24.6757],[91.2237,24.679],[91.2235,24.6732],[91.2337,24.6698],[91.2316,24.6586],[91.2102,24.6541],[91.2057,24.6339],[91.1965,24.632],[91.1929,24.6415],[91.1844,24.6394],[91.1762,24.6465],[91.1636,24.6355],[91.1554,24.6424],[91.1383,24.6378],[91.1308,24.6453],[91.135,24.6247],[91.1299,24.613],[91.1047,24.6111],[91.1055,24.6025],[91.0997,24.6086],[91.0995,24.6027],[91.0933,24.6049],[91.0734,24.6221],[91.0395,24.6126],[91.0382,24.6231],[91.0507,24.628],[91.0429,24.63],[91.0469,24.6366],[91.0386,24.6413],[91.0547,24.6649],[91.0674,24.6661],[91.0636,24.674],[91.0721,24.6953],[91.0603,24.702],[91.047,24.6923],[91.0369,24.6971],[91.0506,24.7094],[91.0479,24.7166],[91.0199,24.7379],[90.9998,24.7364],[91.0119,24.7519],[91.0094,24.7653],[91.0403,24.7648],[91.0636,24.7744],[91.0761,24.7672],[91.0755,24.7761],[91.089,24.7791],[91.0854,24.7868],[91.1013,24.7848],[91.1185,24.8078],[91.1343,24.7938],[91.1527,24.8117],[91.1427,24.8267],[91.1533,24.8406],[91.171,24.8283],[91.1721,24.8091]]]}},{"type":"Feature","properties":{"unit_id":"BD45720056","level":"upazila","name_en":"Madan","name_bn":"Madan","division":"Mymensingh"},"geometry":{"type":"Polygon","coordinates":[[[90.9155,24.7493],[90.9235,24.7455],[90.9287,24.7322],[90.9442,24.7329],[90.9559,24.7236],[90.9894,24.7418],[91.0006,24.741],[91.0004,24.736],[91.0199,24.7379],[91.0339,24.7298],[91.0506,24.7096],[91.0369,24.6971],[91.047,24.6923],[91.0603,24.702],[91.0721,24.6953],[91.0636,24.674],[91.0674,24.6661],[91.0547,24.6649],[91.0386,24.6413],[91.0505,24.6267],[91.0288,24.6302],[91.0187,24.605],[90.9855,24.6072],[90.9776,24.6015],[90.9636,24.6138],[90.9537,24.6043],[90.9363,24.6029],[90.9297,24.6146],[90.9146,24.6145],[90.9138,24.6246],[90.9046,24.6292],[90.9094,24.648],[90.8989,24.6575],[90.9032,24.6672],[90.8926,24.6671],[90.8917,24.6806],[90.8756,24.6928],[90.8792,24.7141],[90.8629,24.7135],[90.8618,24.7224],[90.8562,24.7202],[90.8493,24.73],[90.8696,24.7385],[90.8713,24.7348],[90.8793,24.7427],[90.8769,24.7486],[90.8973,24.7447],[90.8992,24.7525],[90.8998,24.7458],[90.9155,24.7493]]]}},{"type":"Feature","properties":{"unit_id":"BD45720063","level":"upazila","name_en":"Mohanganj","name_bn":"Mohanganj","division":"Mymensingh"},"geometry":{"type":"Polygon","coordinates":[[[91.0745,24.9029],[91.0879,24.8897],[91.101,24.8869],[91.1082,24.8739],[91.103,24.8655],[91.114,24.8487],[91.1236,24.85],[91.1296,24.8425],[91.1145,24.8285],[91.1157,24.7988],[91.1013,24.7848],[91.0854,24.7868],[91.089,24.7791],[91.0755,24.7761],[91.0761,24.7672],[91.0636,24.7744],[91.0403,24.7648],[91.0094,24.7653],[91.0119,24.7519],[91.0013,24.7405],[90.9896,24.7415],[90.9763,24.7564],[90.9805,24.7824],[90.9542,24.7754],[90.946,24.7669],[90.9378,24.7711],[90.933,24.797],[90.915,24.8076],[90.9156,24.8228],[90.9289,24.8319],[90.9473,24.8331],[90.949,24.8386],[90.9448,24.8525],[90.9352,24.8513],[90.9306,24.869],[90.9412,24.8676],[90.943,24.8748],[90.9563,24.8694],[90.9656,24.8797],[90.9748,24.8732],[90.9846,24.8862],[91.0142,24.8976],[91.0217,24.8902],[91.0168,24.8862],[91.0249,24.8884],[91.0292,24.883],[91.0377,24.9052],[91.0453,24.9081],[91.0505,24.9027],[91.0745,24.9029]]]}},{"type":"Feature","properties":{"unit_id":"BD45720074","level":"upazila","name_en":"Netrakona Sadar","name_bn":"Netrakona Sadar","division":"Mymensingh"},"geometry":{"type":"Polygon","coordinates":[[[90.7688,25.0107],[90.763,25.0034],[90.7714,24.9979],[90.7674,24.9802],[90.7835,24.9724],[90.7751,24.9618],[90.7878,24.9655],[90.7994,24.9555],[90.803,24.9594],[90.7977,24.9649],[90.803,24.9639],[90.8057,24.9445],[90.8139,24.9397],[90.821,24.9389],[90.8263,24.9497],[90.8411,24.921],[90.8276,24.9215],[90.8276,24.9103],[90.8036,24.8796],[90.8075,24.8774],[90.814,24.8841],[90.8226,24.8776],[90.811,24.8455],[90.797,24.8428],[90.7955,24.8301],[90.7811,24.8283],[90.7795,24.8188],[90.7943,24.8083],[90.7841,24.7877],[90.7882,24.7858],[90.7779,24.7796],[90.7808,24.7717],[90.7608,24.767],[90.7568,24.7602],[90.7466,24.7605],[90.7319,24.773],[90.7193,24.7709],[90.7205,24.7792],[90.7043,24.7873],[90.7111,24.7962],[90.707,24.8016],[90.678,24.7996],[90.663,24.8125],[90.6497,24.8105],[90.6607,24.8389],[90.6555,24.8696],[90.6461,24.8833],[90.6538,24.9179],[90.6876,24.9337],[90.6805,24.9571],[90.6922,24.9667],[90.7278,24.9711],[90.7235,24.9859],[90.7157,24.9809],[90.7048,24.9944],[90.7247,24.9967],[90.7271,25.007],[90.7057,25.0121],[90.705,25.0173],[90.7213,25.0267],[90.7306,25.0191],[90.7529,25.0271],[90.7688,25.0107]]]}},{"type":"Feature","properties":{"unit_id":"BD45720083","level":"upazila","name_en":"Purbadhala","name_bn":"Purbadhala","division":"Mymensingh"},"geometry":{"type":"Polygon","coordinates":[[[90.5574,25.038],[90.5638,25.0339],[90.5737,25.0365],[90.5872,25.0283],[90.5931,25.0364],[90.6105,25.0212],[90.6232,25.0238],[90.6257,25.0096],[90.6759,25.0109],[90.6698,24.9983],[90.6784,24.999],[90.6623,24.9938],[90.6664,24.9887],[90.6754,24.9929],[90.6851,24.984],[90.7052,24.9953],[90.7157,24.9809],[90.7251,24.9839],[90.726,24.9689],[90.694,24.9672],[90.6805,24.9571],[90.6861,24.9311],[90.6668,24.9277],[90.6664,24.921],[90.6537,24.9178],[90.6461,24.8833],[90.6555,24.8696],[90.6608,24.8354],[90.6528,24.8293],[90.6491,24.8119],[90.6631,24.8124],[90.6702,24.8028],[90.6594,24.7933],[90.6478,24.7915],[90.6421,24.7995],[90.6258,24.7956],[90.6099,24.8138],[90.5842,24.8124],[90.5818,24.8223],[90.566,24.8132],[90.5896,24.8359],[90.5898,24.843],[90.5817,24.8452],[90.575,24.8378],[90.5669,24.8418],[90.5678,24.8551],[90.5731,24.8561],[90.5675,24.8864],[90.5426,24.8851],[90.5357,24.8906],[90.5335,24.8962],[90.5419,24.9073],[90.5342,24.9271],[90.5452,24.9376],[90.5267,24.9423],[90.5326,24.9516],[90.5288,24.9538],[90.5174,24.9458],[90.5134,24.9621],[90.5241,24.9804],[90.5179,24.9775],[90.5122,24.988],[90.5046,24.9859],[90.5039,25.0033],[90.493,25.0046],[90.5036,25.0153],[90.5016,25.0201],[90.5095,25.0192],[90.5131,25.0316],[90.518,25.0243],[90.5257,25.0318],[90.5346,25.0141],[90.5438,25.0104],[90.5445,25.0268],[90.5353,25.0284],[90.5346,25.0358],[90.5461,25.0322],[90.5525,25.0448],[90.5589,25.0448],[90.5574,25.038]]]}},{"type":"Feature","properties":{"unit_id":"BD45890037","level":"upazila","name_en":"Jhenaigati","name_bn":"Jhenaigati","division":"Mymensingh"},"geometry":{"type":"Polygon","coordinates":[[[90.0376,25.2611],[90.0562,25.2612],[90.0752,25.244],[90.1136,25.2244],[90.1261,25.225],[90.1295,25.2172],[90.1266,25.2113],[90.1342,25.1965],[90.1233,25.1789],[90.1262,25.1725],[90.1086,25.1638],[90.1166,25.1486],[90.1252,25.147],[90.1231,25.1423],[90.1026,25.1335],[90.0821,25.1352],[90.0869,25.1332],[90.0795,25.1301],[90.0876,25.1255],[90.0768,25.1244],[90.1006,25.086],[90.0833,25.0697],[90.0698,25.0866],[90.0613,25.0781],[90.0419,25.0912],[90.0312,25.1099],[90.0308,25.1242],[90.0215,25.1253],[90.0181,25.1373],[90.0083,25.1369],[90.0073,25.1461],[89.9986,25.1463],[89.9832,25.1642],[89.9824,25.1719],[90.0054,25.1642],[90.0106,25.173],[89.9973,25.1821],[89.9974,25.2005],[89.9874,25.2032],[89.9867,25.2214],[89.9702,25.2382],[89.9966,25.2441],[89.9908,25.2532],[90.0025,25.269],[90.0165,25.2742],[90.0376,25.2611]]]}},{"type":"Feature","properties":{"unit_id":"BD45890067","level":"upazila","name_en":"Nakla","name_bn":"Nakla","division":"Mymensingh"},"geometry":{"type":"Polygon","coordinates":[[[90.2126,25.0254],[90.229,25.0305],[90.2277,25.0228],[90.2406,25.0213],[90.2431,25.0132],[90.2368,24.985],[90.2285,24.9761],[90.2305,24.9667],[90.2444,24.9674],[90.2418,24.9624],[90.254,24.9578],[90.2591,24.9459],[90.233,24.9458],[90.2474,24.9265],[90.2349,24.8884],[90.2222,24.8831],[90.1936,24.8864],[90.1574,24.8998],[90.1556,24.9092],[90.1359,24.8999],[90.1164,24.9044],[90.1148,24.9123],[90.1227,24.9115],[90.1254,24.9189],[90.1158,24.9319],[90.1278,24.9327],[90.1306,24.9437],[90.1155,24.96],[90.118,24.9701],[90.1355,24.9698],[90.1177,24.9924],[90.1203,25.0027],[90.1345,25.0125],[90.131,25.0249],[90.1549,25.0187],[90.1593,25.0318],[90.1643,25.0215],[90.1879,25.0184],[90.2024,25.0334],[90.2173,25.032],[90.2126,25.0254]]]}},{"type":"Feature","properties":{"unit_id":"BD45890070","level":"upazila","name_en":"Nalitabari","name_bn":"Nalitabari","division":"Mymensingh"},"geometry":{"type":"Polygon","coordinates":[[[90.173,25.222],[90.2276,25.2003],[90.2386,25.2048],[90.2665,25.1974],[90.2589,25.166],[90.2705,25.1493],[90.2625,25.0979],[90.2816,25.0945],[90.2868,25.0824],[90.3049,25.0919],[90.3123,25.0858],[90.3095,25.0784],[90.2889,25.0779],[90.2925,25.0679],[90.2665,25.0515],[90.2605,25.0545],[90.261,25.0653],[90.2521,25.0631],[90.2486,25.0531],[90.2412,25.0537],[90.2339,25.0445],[90.2364,25.0278],[90.2309,25.021],[90.2269,25.0312],[90.2118,25.0261],[90.2181,25.035],[90.2024,25.0334],[90.1884,25.0185],[90.1643,25.0215],[90.1593,25.0318],[90.1549,25.0187],[90.1307,25.0241],[90.1316,25.0314],[90.1234,25.0275],[90.1135,25.0365],[90.118,25.0545],[90.0784,25.0631],[90.0734,25.0763],[90.0787,25.0796],[90.0833,25.0697],[90.1006,25.086],[90.0956,25.099],[90.0847,25.1041],[90.0841,25.1192],[90.0768,25.1244],[90.0876,25.1255],[90.0802,25.1339],[90.1026,25.1335],[90.1251,25.1462],[90.1166,25.1486],[90.1086,25.1638],[90.1262,25.1725],[90.1233,25.1789],[90.1339,25.1954],[90.1265,25.2245],[90.173,25.222]]]}},{"type":"Feature","properties":{"unit_id":"BD45890088","level":"upazila","name_en":"Sherpur Sadar","name_bn":"Sherpur Sadar","division":"Mymensingh"},"geometry":{"type":"Polygon","coordinates":[[[90.0784,25.0631],[90.118,25.0545],[90.1135,25.0365],[90.1234,25.0275],[90.1316,25.0314],[90.1345,25.0125],[90.1203,25.0027],[90.1177,24.9924],[90.1355,24.9698],[90.118,24.9701],[90.1155,24.96],[90.1306,24.9437],[90.1278,24.9327],[90.1158,24.9319],[90.1254,24.9189],[90.1227,24.9115],[90.1148,24.9123],[90.1165,24.9044],[90.0383,24.9069],[90.0407,24.9173],[90.031,24.9074],[90.0092,24.9112],[89.9991,24.9207],[89.9841,24.9169],[89.9458,24.9314],[89.9427,24.9552],[89.9372,24.9595],[89.9175,24.9588],[89.9173,24.9509],[89.9029,24.9569],[89.9031,24.9639],[89.9111,24.9611],[89.9134,24.9798],[89.9036,24.9895],[89.8957,24.9871],[89.8948,25.0145],[89.8834,25.0174],[89.8875,25.0345],[89.9083,25.0329],[89.908,25.0432],[89.9257,25.0593],[89.9427,25.0528],[89.9603,25.0642],[89.9905,25.0522],[89.9955,25.0627],[90.0194,25.0532],[90.0177,25.0601],[90.0283,25.075],[90.0522,25.0862],[90.0613,25.0781],[90.0704,25.0861],[90.0784,25.0631]]]}},{"type":"Feature","properties":{"unit_id":"BD45890090","level":"upazila","name_en":"Sreebardi","name_bn":"Sreebardi","division":"Mymensingh"},"geometry":{"type":"Polygon","coordinates":[[[89.9794,25.2965],[89.9828,25.2812],[90.0138,25.2755],[89.9908,25.2532],[89.9966,25.2441],[89.9702,25.2382],[89.9867,25.2214],[89.9874,25.2032],[89.9974,25.2005],[89.9973,25.1821],[90.0106,25.173],[90.0054,25.1642],[89.9824,25.1719],[89.9832,25.1642],[89.9986,25.1463],[90.0073,25.1461],[90.0083,25.1369],[90.0181,25.1373],[90.0215,25.1253],[90.0308,25.1242],[90.0321,25.1079],[90.0419,25.0912],[90.0522,25.0862],[90.0282,25.0749],[90.0177,25.0601],[90.0194,25.0532],[89.9955,25.0627],[89.9905,25.0522],[89.9603,25.0642],[89.9427,25.0528],[89.9221,25.0594],[89.9129,25.0723],[89.9163,25.0881],[89.8955,25.1171],[89.9008,25.1586],[89.9108,25.1732],[89.8854,25.1855],[89.8903,25.2148],[89.9032,25.2419],[89.9012,25.2638],[89.9127,25.2703],[89.9175,25.2639],[89.9279,25.2638],[89.9317,25.2898],[89.9692,25.3038],[89.9794,25.2965]]]}},{"type":"Feature","properties":{"unit_id":"BD55270010","level":"upazila","name_en":"Birampur","name_bn":"Birampur","division":"Rangpur"},"geometry":{"type":"Polygon","coordinates":[[[88.9886,25.4861],[89.0172,25.4811],[89.0146,25.4662],[89.0331,25.4298],[89.0228,25.4013],[89.0372,25.3964],[89.0544,25.4047],[89.0777,25.3981],[89.0638,25.3814],[89.0616,25.3663],[89.0452,25.3575],[89.0373,25.3296],[89.0151,25.3323],[89.0118,25.3491],[88.9854,25.3497],[88.9869,25.3377],[88.9732,25.3329],[88.9803,25.3206],[88.9744,25.3145],[88.9855,25.3049],[88.9396,25.3005],[88.9291,25.3047],[88.9287,25.317],[88.9159,25.3128],[88.9067,25.3379],[88.8881,25.3368],[88.8857,25.3257],[88.8672,25.3431],[88.8695,25.3527],[88.8566,25.3545],[88.8544,25.3633],[88.8414,25.364],[88.8378,25.391],[88.8663,25.3893],[88.8796,25.3923],[88.8777,25.401],[88.9315,25.4073],[88.9413,25.3946],[88.9666,25.406],[88.9558,25.4242],[88.9769,25.4225],[88.9742,25.4352],[88.9808,25.435],[88.9887,25.4527],[88.9843,25.4645],[88.9664,25.4698],[88.9705,25.4822],[88.989,25.4902],[88.9886,25.4861]]]}},{"type":"Feature","properties":{"unit_id":"BD55270012","level":"upazila","name_en":"Birganj","name_bn":"Birganj","division":"Rangpur"},"geometry":{"type":"Polygon","coordinates":[[[88.6674,26.0145],[88.6996,26.0164],[88.7006,26.0078],[88.7118,26.0089],[88.703,25.9914],[88.7224,25.9887],[88.7186,25.9663],[88.708,25.9636],[88.7176,25.9574],[88.7204,25.939],[88.7118,25.9318],[88.7166,25.93],[88.7132,25.9258],[88.7284,25.9231],[88.721,25.8763],[88.7338,25.8404],[88.7314,25.8223],[88.7241,25.8193],[88.7133,25.8269],[88.7023,25.8213],[88.6911,25.8361],[88.6839,25.8236],[88.6954,25.8168],[88.6842,25.8064],[88.674,25.8147],[88.6693,25.8399],[88.641,25.8266],[88.6232,25.832],[88.6081,25.8227],[88.5953,25.8442],[88.563,25.8579],[88.5619,25.8744],[88.5543,25.8812],[88.5421,25.8811],[88.5434,25.8764],[88.5211,25.8815],[88.5114,25.8778],[88.5028,25.8846],[88.4993,25.9003],[88.4926,25.9008],[88.5082,25.9164],[88.5022,25.9158],[88.503,25.9256],[88.4947,25.9291],[88.506,25.9274],[88.5068,25.9195],[88.5114,25.9428],[88.5239,25.9532],[88.5366,25.9532],[88.5285,25.9898],[88.5412,26.0017],[88.5443,25.9988],[88.5445,26.02],[88.5653,26.0248],[88.5535,26.0299],[88.5879,26.0212],[88.5943,26.0312],[88.6089,26.0363],[88.6049,26.0522],[88.6182,26.0579],[88.6145,26.0639],[88.6445,26.0445],[88.6674,26.0145]]]}},{"type":"Feature","properties":{"unit_id":"BD55270017","level":"upazila","name_en":"Birol","name_bn":"Birol","division":"Rangpur"},"geometry":{"type":"Polygon","coordinates":[[[88.5549,25.762],[88.58,25.7483],[88.5983,25.7503],[88.6142,25.7395],[88.6188,25.7466],[88.6452,25.7418],[88.6428,25.7297],[88.6277,25.7129],[88.6308,25.6781],[88.6208,25.6752],[88.632,25.6614],[88.6193,25.6535],[88.628,25.6516],[88.6186,25.6295],[88.6265,25.6113],[88.6175,25.6053],[88.6135,25.5907],[88.6038,25.5917],[88.6051,25.5703],[88.5877,25.5689],[88.5924,25.5456],[88.5808,25.5148],[88.5571,25.5133],[88.5541,25.5212],[88.5462,25.5083],[88.5389,25.5092],[88.5397,25.5338],[88.5323,25.5323],[88.5325,25.5421],[88.5271,25.5433],[88.5225,25.5353],[88.5174,25.5464],[88.5087,25.5443],[88.4937,25.5592],[88.4998,25.584],[88.4695,25.5835],[88.4574,25.5988],[88.4445,25.597],[88.4499,25.6048],[88.4472,25.6215],[88.4553,25.6286],[88.4572,25.6732],[88.4738,25.6832],[88.4817,25.6795],[88.4797,25.6863],[88.4909,25.6912],[88.4815,25.722],[88.5007,25.7244],[88.4971,25.7454],[88.5113,25.7435],[88.5225,25.7523],[88.5216,25.7652],[88.5304,25.7596],[88.5549,25.762]]]}},{"type":"Feature","properties":{"unit_id":"BD55270021","level":"upazila","name_en":"Bochaganj","name_bn":"Bochaganj","division":"Rangpur"},"geometry":{"type":"Polygon","coordinates":[[[88.4926,25.9008],[88.4993,25.9003],[88.5028,25.8846],[88.5126,25.8774],[88.5002,25.8724],[88.5001,25.8602],[88.5168,25.8326],[88.5125,25.8242],[88.5028,25.8259],[88.5025,25.8198],[88.5128,25.8213],[88.5072,25.8137],[88.51,25.805],[88.5048,25.8042],[88.51,25.7951],[88.5022,25.792],[88.5068,25.7762],[88.5259,25.7721],[88.528,25.7657],[88.5216,25.7652],[88.5225,25.7523],[88.5113,25.7435],[88.4971,25.7454],[88.5007,25.7244],[88.4815,25.722],[88.4909,25.6912],[88.4797,25.6863],[88.4819,25.6796],[88.4718,25.6824],[88.4572,25.6732],[88.4553,25.6648],[88.4437,25.665],[88.4286,25.6693],[88.4262,25.677],[88.4298,25.6892],[88.44,25.6886],[88.4366,25.7091],[88.4271,25.708],[88.4237,25.7142],[88.4347,25.7181],[88.4253,25.723],[88.429,25.7291],[88.4133,25.7372],[88.4089,25.7277],[88.4025,25.7291],[88.4007,25.7392],[88.3923,25.7433],[88.3826,25.7935],[88.3906,25.8123],[88.3861,25.8395],[88.398,25.8428],[88.4032,25.8662],[88.409,25.8698],[88.4218,25.8564],[88.4255,25.8621],[88.4168,25.8704],[88.423,25.872],[88.4353,25.8664],[88.4353,25.8728],[88.4426,25.8724],[88.4439,25.8629],[88.4529,25.8594],[88.4597,25.863],[88.4606,25.8744],[88.4684,25.8643],[88.4804,25.8642],[88.4846,25.8861],[88.4752,25.8907],[88.4822,25.8889],[88.4805,25.9047],[88.4953,25.9077],[88.4926,25.9008]]]}},{"type":"Feature","properties":{"unit_id":"BD55270030","level":"upazila","name_en":"Chirirbandar","name_bn":"Chirirbandar","division":"Rangpur"},"geometry":{"type":"Polygon","coordinates":[[[88.8559,25.7648],[88.8742,25.7514],[88.8766,25.7428],[88.8631,25.7303],[88.8507,25.7303],[88.8401,25.716],[88.8418,25.6953],[88.8313,25.6922],[88.8352,25.6793],[88.8239,25.6702],[88.8249,25.6559],[88.8175,25.6544],[88.8211,25.6492],[88.814,25.6419],[88.8222,25.6345],[88.8155,25.6142],[88.8274,25.6051],[88.823,25.5884],[88.8359,25.5371],[88.8493,25.5342],[88.833,25.5306],[88.8164,25.5362],[88.8019,25.5316],[88.8014,25.5238],[88.7766,25.5163],[88.757,25.5275],[88.7589,25.5401],[88.7389,25.5682],[88.7458,25.5764],[88.743,25.5858],[88.7307,25.5829],[88.7251,25.5919],[88.7091,25.5925],[88.6959,25.616],[88.7076,25.6276],[88.7145,25.6652],[88.7298,25.6732],[88.7234,25.6936],[88.7426,25.7287],[88.731,25.7536],[88.735,25.7708],[88.7212,25.78],[88.7383,25.7846],[88.7747,25.7801],[88.8039,25.7989],[88.8085,25.791],[88.8223,25.7908],[88.8357,25.8035],[88.8429,25.8031],[88.8559,25.7648]]]}},{"type":"Feature","properties":{"unit_id":"BD55270064","level":"upazila","name_en":"Dinajpur Sadar","name_bn":"Dinajpur Sadar","division":"Rangpur"},"geometry":{"type":"Polygon","coordinates":[[[88.735,25.7708],[88.731,25.7536],[88.7426,25.7287],[88.7234,25.6936],[88.7298,25.6732],[88.7145,25.6652],[88.7076,25.6276],[88.6959,25.616],[88.7091,25.5925],[88.7251,25.5919],[88.7307,25.5829],[88.7432,25.5855],[88.7458,25.5764],[88.7389,25.5682],[88.7589,25.5401],[88.76,25.511],[88.7713,25.5015],[88.7442,25.4883],[88.7397,25.4893],[88.7418,25.5051],[88.7135,25.4954],[88.7075,25.4999],[88.71,25.4808],[88.6991,25.4713],[88.6633,25.4736],[88.6605,25.4819],[88.6464,25.478],[88.6427,25.4927],[88.6473,25.4971],[88.623,25.497],[88.613,25.51],[88.607,25.5087],[88.6091,25.5166],[88.5971,25.5061],[88.5675,25.5121],[88.5808,25.5148],[88.5924,25.5456],[88.5877,25.5689],[88.6051,25.5703],[88.6038,25.5917],[88.6135,25.5907],[88.6175,25.6053],[88.6265,25.6113],[88.6186,25.6295],[88.6281,25.6511],[88.6193,25.6535],[88.6321,25.6607],[88.6208,25.6752],[88.6313,25.6795],[88.629,25.7162],[88.6528,25.7468],[88.6749,25.7463],[88.6951,25.7612],[88.6995,25.7806],[88.7099,25.7896],[88.735,25.7708]]]}},{"type":"Feature","properties":{"unit_id":"BD55270038","level":"upazila","name_en":"Fulbari","name_bn":"Fulbari","division":"Rangpur"},"geometry":{"type":"Polygon","coordinates":[[[88.9255,25.5553],[88.9281,25.5425],[88.9337,25.5436],[88.9331,25.5605],[88.9526,25.5548],[88.9492,25.5423],[88.9577,25.5194],[88.985,25.5115],[88.9892,25.502],[88.9831,25.5009],[88.98,25.4835],[88.9705,25.4822],[88.9664,25.4698],[88.9843,25.4645],[88.9883,25.45],[88.9808,25.435],[88.9742,25.4352],[88.9769,25.4225],[88.9558,25.4242],[88.9669,25.4067],[88.9564,25.4057],[88.9543,25.3998],[88.9413,25.3946],[88.9379,25.4054],[88.9309,25.4072],[88.8777,25.401],[88.8796,25.3923],[88.8663,25.3893],[88.8472,25.3912],[88.8377,25.402],[88.8247,25.4008],[88.8237,25.4091],[88.8134,25.4105],[88.819,25.4183],[88.8302,25.4173],[88.8345,25.4316],[88.8259,25.4435],[88.8391,25.4589],[88.8295,25.4901],[88.813,25.4899],[88.8104,25.523],[88.8025,25.5245],[88.8019,25.5316],[88.8172,25.5362],[88.865,25.5109],[88.8665,25.5218],[88.8898,25.5226],[88.8859,25.5419],[88.9006,25.5462],[88.8897,25.5458],[88.8868,25.5511],[88.9058,25.5622],[88.9255,25.5553]]]}},{"type":"Feature","properties":{"unit_id":"BD55270043","level":"upazila","name_en":"Ghoraghat","name_bn":"Ghoraghat","division":"Rangpur"},"geometry":{"type":"Polygon","coordinates":[[[89.2393,25.3618],[89.2346,25.3561],[89.2463,25.3548],[89.2364,25.3475],[89.2398,25.3416],[89.2318,25.3495],[89.225,25.3327],[89.2316,25.3306],[89.2342,25.3393],[89.2476,25.3345],[89.238,25.3256],[89.2408,25.3184],[89.2554,25.3155],[89.2651,25.3242],[89.2687,25.3203],[89.2603,25.3115],[89.2678,25.3143],[89.2844,25.3052],[89.2673,25.2991],[89.2661,25.2937],[89.2732,25.2911],[89.2563,25.2846],[89.2867,25.256],[89.2897,25.2419],[89.3031,25.2282],[89.3009,25.2232],[89.2707,25.2327],[89.2725,25.2249],[89.2438,25.2235],[89.2226,25.2302],[89.2222,25.2351],[89.2005,25.2337],[89.1936,25.2454],[89.1909,25.2387],[89.1778,25.236],[89.1562,25.2586],[89.1418,25.2587],[89.1426,25.2745],[89.1353,25.2785],[89.15,25.2817],[89.1487,25.2982],[89.1408,25.3048],[89.1475,25.3059],[89.1513,25.3175],[89.1612,25.3184],[89.1557,25.3223],[89.1629,25.323],[89.1642,25.3321],[89.1848,25.3407],[89.1866,25.3515],[89.1996,25.3499],[89.1986,25.3597],[89.2071,25.3695],[89.2239,25.3712],[89.2245,25.3636],[89.2348,25.3729],[89.2393,25.3618]]]}},{"type":"Feature","properties":{"unit_id":"BD55270047","level":"upazila","name_en":"Hakimpur","name_bn":"Hakimpur","division":"Rangpur"},"geometry":{"type":"Polygon","coordinates":[[[89.0118,25.3491],[89.0151,25.3323],[89.0373,25.3296],[89.0407,25.3223],[89.0532,25.3255],[89.078,25.3061],[89.1083,25.3071],[89.1217,25.2998],[89.1463,25.3029],[89.15,25.2817],[89.1353,25.2785],[89.1426,25.2745],[89.1447,25.2484],[89.1334,25.2465],[89.1262,25.2553],[89.1212,25.2441],[89.1012,25.2406],[89.0706,25.27],[89.0604,25.2596],[89.031,25.2768],[89.0183,25.265],[89.008,25.2675],[89.0081,25.3024],[88.9927,25.2958],[88.9744,25.3145],[88.9803,25.3206],[88.9733,25.3334],[88.9869,25.3377],[88.9859,25.3492],[89.0118,25.3491]]]}},{"type":"Feature","properties":{"unit_id":"BD55270056","level":"upazila","name_en":"Kaharole","name_bn":"Kaharole","division":"Rangpur"},"geometry":{"type":"Polygon","coordinates":[[[88.5619,25.8744],[88.563,25.8579],[88.5953,25.8442],[88.6081,25.8227],[88.6232,25.832],[88.641,25.8266],[88.6693,25.8399],[88.674,25.8147],[88.6842,25.8064],[88.6954,25.8168],[88.6839,25.8236],[88.6911,25.8361],[88.7004,25.822],[88.7133,25.8269],[88.723,25.8208],[88.7067,25.7835],[88.6995,25.7806],[88.6964,25.7626],[88.6749,25.7463],[88.6556,25.7478],[88.6449,25.7397],[88.6188,25.7466],[88.6149,25.7394],[88.5983,25.7503],[88.5794,25.7484],[88.5549,25.762],[88.5304,25.7596],[88.5269,25.7715],[88.5068,25.7762],[88.5022,25.792],[88.51,25.7951],[88.5048,25.8042],[88.51,25.805],[88.5072,25.8137],[88.5128,25.8215],[88.5016,25.8216],[88.5031,25.8262],[88.5126,25.8242],[88.5168,25.8326],[88.5042,25.8497],[88.5001,25.8721],[88.5187,25.8815],[88.5356,25.8761],[88.5514,25.882],[88.5619,25.8744]]]}},{"type":"Feature","properties":{"unit_id":"BD55270060","level":"upazila","name_en":"Khansama","name_bn":"Khansama","division":"Rangpur"},"geometry":{"type":"Polygon","coordinates":[[[88.7461,25.9853],[88.7432,25.9703],[88.749,25.9487],[88.7427,25.9414],[88.7542,25.9342],[88.7572,25.9416],[88.7765,25.9399],[88.8028,25.9201],[88.8019,25.9001],[88.8149,25.8803],[88.8177,25.8608],[88.8244,25.8587],[88.8199,25.8432],[88.8263,25.8342],[88.8254,25.8177],[88.8298,25.8118],[88.8445,25.8105],[88.8402,25.8032],[88.8228,25.7949],[88.8223,25.7908],[88.8085,25.791],[88.8039,25.7989],[88.7747,25.7801],[88.7505,25.7798],[88.7383,25.7846],[88.7212,25.78],[88.7099,25.7896],[88.7241,25.8193],[88.7351,25.8251],[88.725,25.8562],[88.7285,25.8643],[88.721,25.8763],[88.7284,25.9231],[88.7132,25.9258],[88.7166,25.93],[88.7118,25.9318],[88.7204,25.939],[88.7176,25.9574],[88.708,25.9636],[88.7186,25.9663],[88.7226,25.9881],[88.7169,25.9932],[88.7088,25.9876],[88.7029,25.9918],[88.7123,26.0084],[88.734,26.0183],[88.7461,25.9853]]]}},{"type":"Feature","properties":{"unit_id":"BD55270069","level":"upazila","name_en":"Nababganj","name_bn":"Nababganj","division":"Rangpur"},"geometry":{"type":"Polygon","coordinates":[[[89.0965,25.5557],[89.0928,25.5468],[89.1039,25.5357],[89.1016,25.5176],[89.1136,25.5074],[89.1076,25.5099],[89.1087,25.5022],[89.1017,25.5007],[89.0998,25.492],[89.1061,25.4887],[89.1015,25.4852],[89.1085,25.4852],[89.1039,25.4743],[89.1142,25.4698],[89.114,25.4616],[89.1221,25.4706],[89.1203,25.462],[89.128,25.4603],[89.1145,25.4558],[89.1284,25.4451],[89.1341,25.4473],[89.1306,25.441],[89.1509,25.4271],[89.1486,25.4136],[89.1366,25.4169],[89.1359,25.4124],[89.1543,25.411],[89.1564,25.4058],[89.1484,25.4051],[89.1575,25.4039],[89.1606,25.4076],[89.1634,25.4017],[89.1701,25.4074],[89.1873,25.3884],[89.2016,25.3962],[89.2168,25.3783],[89.1986,25.3597],[89.1996,25.3499],[89.1866,25.3515],[89.1848,25.3407],[89.1642,25.3321],[89.1629,25.323],[89.1557,25.3223],[89.1612,25.3184],[89.1513,25.3175],[89.1415,25.3015],[89.078,25.3061],[89.0532,25.3255],[89.0407,25.3223],[89.0363,25.3352],[89.0433,25.3421],[89.0442,25.3557],[89.0616,25.3663],[89.0619,25.3777],[89.0776,25.3989],[89.0544,25.4047],[89.0372,25.3964],[89.0228,25.4013],[89.0331,25.4298],[89.0146,25.4662],[89.0172,25.4811],[88.9806,25.4905],[88.9831,25.5009],[88.9892,25.502],[88.9937,25.5285],[88.9854,25.5336],[88.9962,25.5374],[88.9964,25.543],[89.0132,25.5388],[89.0129,25.5429],[89.0397,25.5409],[89.0486,25.5458],[89.0478,25.5395],[89.0643,25.531],[89.068,25.5509],[89.0846,25.5593],[89.0965,25.5557]]]}},{"type":"Feature","properties":{"unit_id":"BD55270077","level":"upazila","name_en":"Parbatipur","name_bn":"Parbatipur","division":"Rangpur"},"geometry":{"type":"Polygon","coordinates":[[[88.8828,25.7729],[88.8925,25.7382],[88.9143,25.7384],[88.9017,25.7404],[88.9067,25.749],[88.913,25.742],[88.9222,25.7444],[88.9245,25.7385],[88.9412,25.7361],[88.9394,25.727],[88.9278,25.7238],[88.9294,25.7087],[88.9398,25.6935],[88.9372,25.6863],[88.9516,25.6803],[88.9609,25.6844],[88.9628,25.6746],[88.9748,25.6709],[88.9735,25.6584],[88.9876,25.6624],[88.9949,25.6579],[88.9987,25.6497],[88.9893,25.6422],[88.9991,25.6328],[88.9934,25.6254],[88.9987,25.6177],[89.0078,25.6182],[89.0123,25.6028],[89.0344,25.604],[89.0462,25.5825],[89.0563,25.5896],[89.0761,25.5863],[89.0875,25.5722],[89.1035,25.568],[89.0973,25.5511],[89.0817,25.5608],[89.0762,25.5518],[89.0678,25.5506],[89.0643,25.531],[89.0478,25.5395],[89.0486,25.5458],[89.0397,25.5409],[89.0129,25.5429],[89.0132,25.5388],[88.9964,25.543],[88.9962,25.5374],[88.9854,25.5336],[88.9937,25.5285],[88.9883,25.5074],[88.9577,25.5194],[88.9492,25.5423],[88.9526,25.5548],[88.9394,25.56],[88.9321,25.5596],[88.9337,25.5436],[88.9287,25.5424],[88.9245,25.5561],[88.8982,25.5623],[88.8868,25.5511],[88.8897,25.5458],[88.9004,25.5472],[88.8859,25.5419],[88.8911,25.5246],[88.8665,25.5218],[88.865,25.5109],[88.8596,25.511],[88.8584,25.5188],[88.8517,25.516],[88.8402,25.5271],[88.8316,25.5274],[88.8351,25.5349],[88.8493,25.5342],[88.8359,25.5371],[88.823,25.5884],[88.8274,25.6051],[88.8155,25.6142],[88.8222,25.6345],[88.814,25.6419],[88.8211,25.6492],[88.8175,25.6544],[88.8249,25.6559],[88.8239,25.6702],[88.8352,25.6793],[88.8313,25.6922],[88.8418,25.6953],[88.8401,25.716],[88.8507,25.7303],[88.8631,25.7303],[88.8766,25.7428],[88.8742,25.7514],[88.8559,25.7648],[88.8565,25.7772],[88.8828,25.7729]]]}},{"type":"Feature","properties":{"unit_id":"BD55320021","level":"upazila","name_en":"Fulchhari","name_bn":"Fulchhari","division":"Rangpur"},"geometry":{"type":"Polygon","coordinates":[[[89.7373,25.3186],[89.7429,25.3194],[89.7449,25.2995],[89.7567,25.2811],[89.7516,25.2517],[89.7402,25.2502],[89.7354,25.2337],[89.6998,25.231],[89.6735,25.1713],[89.6524,25.1438],[89.6502,25.1095],[89.6208,25.1087],[89.622,25.0973],[89.6156,25.0918],[89.6087,25.0974],[89.6072,25.1158],[89.6173,25.1295],[89.62,25.1497],[89.6138,25.154],[89.6077,25.1414],[89.6009,25.1519],[89.6139,25.1735],[89.5957,25.1868],[89.586,25.1848],[89.594,25.1938],[89.5865,25.1929],[89.5889,25.2027],[89.576,25.2144],[89.5774,25.22],[89.5668,25.2211],[89.5743,25.2342],[89.567,25.2337],[89.5695,25.2435],[89.564,25.2413],[89.568,25.2513],[89.5594,25.2504],[89.5696,25.2589],[89.5636,25.2689],[89.5777,25.2764],[89.5724,25.2834],[89.5776,25.293],[89.569,25.2925],[89.5793,25.3007],[89.5779,25.3065],[89.5712,25.3062],[89.5768,25.3101],[89.5779,25.3305],[89.6017,25.3258],[89.6054,25.3364],[89.6098,25.3318],[89.6178,25.3376],[89.6358,25.3339],[89.6419,25.3217],[89.6518,25.3196],[89.6528,25.3304],[89.6604,25.3309],[89.6721,25.3515],[89.6826,25.3527],[89.6809,25.3637],[89.6909,25.3616],[89.6925,25.3857],[89.7126,25.3662],[89.7246,25.3347],[89.7295,25.3375],[89.7373,25.3186]]]}},{"type":"Feature","properties":{"unit_id":"BD55320024","level":"upazila","name_en":"Gaibandha Sadar","name_bn":"Gaibandha Sadar","division":"Rangpur"},"geometry":{"type":"Polygon","coordinates":[[[89.5777,25.4318],[89.5884,25.4367],[89.5963,25.4228],[89.6113,25.4224],[89.6146,25.4129],[89.6242,25.4127],[89.6152,25.4097],[89.6332,25.4084],[89.6392,25.4004],[89.6668,25.3973],[89.696,25.4099],[89.7009,25.39],[89.737,25.3989],[89.7362,25.3908],[89.7444,25.3889],[89.7411,25.3712],[89.7191,25.3556],[89.729,25.3412],[89.7262,25.3337],[89.7135,25.353],[89.7126,25.3662],[89.6925,25.3857],[89.6909,25.3616],[89.6809,25.3637],[89.6826,25.3527],[89.6721,25.3515],[89.6604,25.3309],[89.6528,25.3304],[89.6518,25.3196],[89.6419,25.3217],[89.6358,25.3339],[89.6178,25.3376],[89.6098,25.3318],[89.6054,25.3364],[89.6017,25.3258],[89.5783,25.3309],[89.5768,25.3101],[89.5712,25.3062],[89.5779,25.3065],[89.5793,25.3007],[89.569,25.2925],[89.5776,25.293],[89.5724,25.2834],[89.5777,25.2764],[89.5683,25.2755],[89.5636,25.2688],[89.5691,25.2672],[89.5685,25.2554],[89.5593,25.2508],[89.568,25.2513],[89.564,25.2415],[89.5682,25.2404],[89.5524,25.227],[89.5133,25.2201],[89.5161,25.2409],[89.5111,25.2493],[89.5212,25.2493],[89.519,25.2539],[89.5282,25.2567],[89.5214,25.2593],[89.529,25.2592],[89.526,25.2701],[89.5083,25.2735],[89.5067,25.2655],[89.4946,25.2772],[89.4838,25.2736],[89.4827,25.2782],[89.4801,25.2729],[89.4708,25.2769],[89.4806,25.2858],[89.4715,25.2872],[89.4792,25.2963],[89.4669,25.2986],[89.4767,25.3051],[89.4669,25.3129],[89.4274,25.306],[89.4301,25.3286],[89.4353,25.3312],[89.4307,25.3493],[89.4421,25.3506],[89.4475,25.3431],[89.4775,25.3438],[89.4686,25.3542],[89.4771,25.3543],[89.4711,25.3601],[89.4787,25.3659],[89.4737,25.3637],[89.4746,25.3719],[89.4717,25.3655],[89.4741,25.373],[89.4688,25.3752],[89.4908,25.3685],[89.5058,25.384],[89.495,25.3885],[89.4947,25.399],[89.5056,25.4047],[89.5003,25.4129],[89.5083,25.4212],[89.5082,25.4362],[89.5438,25.4369],[89.569,25.4457],[89.5777,25.4318]]]}},{"type":"Feature","properties":{"unit_id":"BD55320030","level":"upazila","name_en":"Gobindaganj","name_bn":"Gobindaganj","division":"Rangpur"},"geometry":{"type":"Polygon","coordinates":[[[89.362,25.241],[89.3719,25.2387],[89.3734,25.2243],[89.4,25.2376],[89.4056,25.2295],[89.425,25.2305],[89.4222,25.2394],[89.4303,25.2455],[89.426,25.2499],[89.4346,25.2466],[89.437,25.2533],[89.4419,25.2424],[89.4825,25.2413],[89.479,25.2296],[89.4712,25.2274],[89.4841,25.2239],[89.4906,25.2301],[89.4867,25.2072],[89.4969,25.2084],[89.5088,25.195],[89.5008,25.1935],[89.5052,25.1886],[89.4903,25.1778],[89.4929,25.1637],[89.4854,25.1423],[89.4927,25.1388],[89.4928,25.1465],[89.4941,25.1385],[89.4994,25.1396],[89.4902,25.1336],[89.5066,25.1251],[89.5043,25.1151],[89.5116,25.107],[89.5031,25.0917],[89.4964,25.0939],[89.5017,25.0877],[89.4989,25.0772],[89.5133,25.0761],[89.5098,25.0646],[89.5188,25.0658],[89.5294,25.0436],[89.5056,25.0465],[89.4894,25.0622],[89.4639,25.0547],[89.4668,25.061],[89.4549,25.065],[89.4552,25.0554],[89.4515,25.0609],[89.4548,25.0748],[89.4418,25.0679],[89.4317,25.0721],[89.4269,25.0651],[89.4243,25.0753],[89.4135,25.0816],[89.41,25.0764],[89.3997,25.0781],[89.404,25.0673],[89.3918,25.0664],[89.3914,25.0492],[89.3833,25.0619],[89.3634,25.0681],[89.3584,25.0821],[89.3622,25.0888],[89.3471,25.1012],[89.3334,25.1012],[89.3429,25.11],[89.3337,25.1225],[89.3196,25.117],[89.2976,25.1195],[89.2806,25.0919],[89.2642,25.1018],[89.2514,25.1015],[89.2471,25.1205],[89.23,25.1463],[89.2157,25.1476],[89.2203,25.1577],[89.215,25.1676],[89.1973,25.1723],[89.1958,25.1835],[89.1845,25.1843],[89.1934,25.1954],[89.1929,25.2147],[89.2147,25.2357],[89.2438,25.2235],[89.2725,25.2249],[89.2704,25.2327],[89.292,25.2229],[89.3117,25.2287],[89.3352,25.2112],[89.3444,25.2103],[89.3465,25.2206],[89.3607,25.2119],[89.3623,25.2145],[89.3548,25.2269],[89.3608,25.2337],[89.346,25.2518],[89.3667,25.25],[89.362,25.241]]]}},{"type":"Feature","properties":{"unit_id":"BD55320067","level":"upazila","name_en":"Palashbari","name_bn":"Palashbari","division":"Rangpur"},"geometry":{"type":"Polygon","coordinates":[[[89.4969,25.2084],[89.4865,25.2077],[89.4906,25.2301],[89.4841,25.2239],[89.4712,25.2274],[89.4809,25.2326],[89.4803,25.2432],[89.4419,25.2424],[89.437,25.2533],[89.4346,25.2466],[89.426,25.2499],[89.4303,25.2455],[89.4222,25.2394],[89.425,25.2305],[89.4056,25.2295],[89.4,25.2376],[89.3734,25.2243],[89.3719,25.2387],[89.362,25.241],[89.3667,25.25],[89.3528,25.2488],[89.3487,25.2538],[89.3606,25.2344],[89.3548,25.2269],[89.3624,25.2133],[89.3465,25.2206],[89.3444,25.2103],[89.3352,25.2112],[89.3194,25.221],[89.3197,25.2264],[89.2964,25.2311],[89.2867,25.256],[89.2563,25.2846],[89.2732,25.2911],[89.2661,25.2937],[89.2673,25.2991],[89.2892,25.3032],[89.3345,25.3015],[89.344,25.308],[89.3544,25.2923],[89.3661,25.306],[89.3869,25.3008],[89.3977,25.3105],[89.4233,25.3008],[89.4303,25.3069],[89.4669,25.3129],[89.4767,25.3051],[89.4669,25.2986],[89.4792,25.2963],[89.4715,25.2872],[89.4806,25.2858],[89.4708,25.2769],[89.4801,25.2729],[89.4827,25.2782],[89.4838,25.2736],[89.4946,25.2772],[89.5067,25.2655],[89.5083,25.2735],[89.5234,25.2719],[89.5282,25.2664],[89.5249,25.2606],[89.5297,25.2639],[89.5287,25.2589],[89.5214,25.2594],[89.5285,25.2576],[89.519,25.2539],[89.5214,25.2493],[89.5111,25.2493],[89.5161,25.2409],[89.5031,25.1989],[89.4969,25.2084]]]}},{"type":"Feature","properties":{"unit_id":"BD55320082","level":"upazila","name_en":"Sadullapur","name_bn":"Sadullapur","division":"Rangpur"},"geometry":{"type":"Polygon","coordinates":[[[89.4896,25.4922],[89.5052,25.4839],[89.487,25.4765],[89.488,25.4686],[89.4815,25.4681],[89.4797,25.4605],[89.5093,25.4368],[89.5083,25.4212],[89.5003,25.4129],[89.5056,25.4047],[89.4947,25.399],[89.495,25.3885],[89.5058,25.384],[89.4908,25.3685],[89.4688,25.3752],[89.4741,25.373],[89.4717,25.3655],[89.4746,25.3719],[89.4764,25.3669],[89.4737,25.3637],[89.4787,25.3659],[89.4711,25.3601],[89.4771,25.3543],[89.4686,25.3542],[89.4775,25.3438],[89.4475,25.3431],[89.4421,25.3506],[89.4309,25.3496],[89.4353,25.3312],[89.4301,25.3286],[89.4273,25.3018],[89.4105,25.302],[89.3949,25.3103],[89.3869,25.3008],[89.3661,25.306],[89.3635,25.2981],[89.3522,25.2931],[89.3439,25.3204],[89.3355,25.3166],[89.3325,25.3251],[89.3471,25.3285],[89.3485,25.3373],[89.3408,25.3378],[89.3445,25.371],[89.3556,25.3733],[89.3519,25.3795],[89.3648,25.389],[89.3704,25.4069],[89.3794,25.4108],[89.3783,25.4251],[89.3842,25.4287],[89.3784,25.4338],[89.3798,25.4466],[89.3917,25.4437],[89.3986,25.4642],[89.407,25.4696],[89.4214,25.4647],[89.4358,25.489],[89.4807,25.4935],[89.4895,25.5078],[89.497,25.4998],[89.4896,25.4922]]]}},{"type":"Feature","properties":{"unit_id":"BD55320088","level":"upazila","name_en":"Saghata","name_bn":"Saghata","division":"Rangpur"},"geometry":{"type":"Polygon","coordinates":[[[89.6391,25.0901],[89.6534,25.0782],[89.6567,25.0512],[89.6439,25.0363],[89.6127,25.0495],[89.5767,25.0444],[89.5668,25.0377],[89.5354,25.0411],[89.5261,25.0476],[89.5184,25.0662],[89.5098,25.0646],[89.5133,25.0761],[89.499,25.0771],[89.5017,25.0877],[89.4964,25.0939],[89.5031,25.0917],[89.5116,25.107],[89.5043,25.1151],[89.5066,25.1251],[89.4902,25.1336],[89.4994,25.1396],[89.4941,25.1385],[89.4928,25.1465],[89.4927,25.1388],[89.4854,25.1423],[89.4929,25.1637],[89.4899,25.177],[89.5052,25.1886],[89.5008,25.1935],[89.5088,25.195],[89.5031,25.1989],[89.5131,25.2202],[89.5524,25.227],[89.5647,25.2381],[89.5738,25.2347],[89.5663,25.2223],[89.5774,25.22],[89.576,25.2144],[89.5889,25.2027],[89.5865,25.1929],[89.594,25.1938],[89.586,25.1848],[89.5957,25.1868],[89.6139,25.1735],[89.6125,25.1637],[89.6039,25.1629],[89.6015,25.1483],[89.6077,25.1414],[89.6138,25.154],[89.62,25.1497],[89.6173,25.1295],[89.6073,25.117],[89.6094,25.0958],[89.6196,25.0914],[89.6208,25.1087],[89.6502,25.1095],[89.6391,25.0901]]]}},{"type":"Feature","properties":{"unit_id":"BD55320091","level":"upazila","name_en":"Sundarganj","name_bn":"Sundarganj","division":"Rangpur"},"geometry":{"type":"Polygon","coordinates":[[[89.549,25.6333],[89.5535,25.6232],[89.5526,25.6055],[89.5368,25.5995],[89.5405,25.5885],[89.5694,25.5826],[89.5896,25.5556],[89.6159,25.5657],[89.6642,25.5312],[89.6938,25.5272],[89.6788,25.5106],[89.6941,25.4907],[89.6676,25.4848],[89.6823,25.4719],[89.681,25.464],[89.7034,25.4645],[89.7003,25.4413],[89.6879,25.4224],[89.6986,25.4231],[89.6995,25.409],[89.6668,25.3973],[89.6392,25.4004],[89.6332,25.4084],[89.6152,25.4097],[89.6242,25.4127],[89.6146,25.4129],[89.6113,25.4224],[89.5963,25.4228],[89.5884,25.4367],[89.5777,25.4318],[89.5687,25.4462],[89.5438,25.4369],[89.4983,25.4411],[89.4976,25.451],[89.4797,25.4605],[89.4815,25.4681],[89.488,25.4686],[89.487,25.4765],[89.5052,25.4839],[89.4896,25.4922],[89.4969,25.5025],[89.4895,25.5078],[89.4807,25.4935],[89.4448,25.4926],[89.4411,25.5127],[89.4497,25.5188],[89.443,25.5208],[89.4442,25.5156],[89.436,25.5209],[89.4467,25.5311],[89.4394,25.5286],[89.4375,25.5385],[89.4282,25.5298],[89.4314,25.5378],[89.4214,25.5351],[89.4209,25.5287],[89.4125,25.5365],[89.4075,25.532],[89.4024,25.5347],[89.4014,25.5392],[89.4062,25.5343],[89.4108,25.54],[89.4026,25.5463],[89.414,25.5493],[89.4058,25.5504],[89.4138,25.5893],[89.4329,25.5877],[89.4349,25.5925],[89.4435,25.5845],[89.47,25.5995],[89.4737,25.598],[89.4733,25.5921],[89.4852,25.5838],[89.4859,25.5784],[89.4946,25.5758],[89.4985,25.5862],[89.4907,25.5906],[89.4897,25.6039],[89.5023,25.6118],[89.5012,25.6199],[89.5084,25.6159],[89.521,25.6235],[89.5216,25.6339],[89.5317,25.6436],[89.549,25.6333]]]}},{"type":"Feature","properties":{"unit_id":"BD55490006","level":"upazila","name_en":"Bhurungamari","name_bn":"Bhurungamari","division":"Rangpur"},"geometry":{"type":"Polygon","coordinates":[[[89.6857,26.2302],[89.6835,26.2232],[89.6892,26.2218],[89.6853,26.2195],[89.6789,26.2235],[89.6831,26.2084],[89.6913,26.2118],[89.685,26.2067],[89.676,26.2091],[89.6738,26.1999],[89.6846,26.1977],[89.6861,26.1837],[89.7015,26.1732],[89.6841,26.1697],[89.6814,26.1637],[89.7007,26.1513],[89.7085,26.1546],[89.7142,26.1685],[89.7195,26.1557],[89.7485,26.1564],[89.7549,26.1385],[89.767,26.1303],[89.7569,26.1081],[89.7851,26.1046],[89.7819,26.0838],[89.7945,26.089],[89.7904,26.0766],[89.7968,26.0767],[89.7985,26.06],[89.7852,26.0574],[89.7886,26.0498],[89.7713,26.0312],[89.765,26.0355],[89.7681,26.0544],[89.7608,26.0515],[89.7612,26.0394],[89.7353,26.0351],[89.7246,26.0272],[89.7202,26.0265],[89.7251,26.0308],[89.7179,26.0397],[89.7136,26.0374],[89.7188,26.0316],[89.7059,26.0332],[89.7011,26.0492],[89.6915,26.048],[89.6844,26.0373],[89.6713,26.0381],[89.6775,26.0471],[89.6708,26.0526],[89.6822,26.051],[89.6868,26.0564],[89.6724,26.0544],[89.6795,26.0589],[89.6673,26.0623],[89.677,26.0636],[89.6744,26.0722],[89.6611,26.0589],[89.6501,26.0701],[89.6509,26.0589],[89.633,26.0801],[89.6384,26.0899],[89.6297,26.1067],[89.6236,26.1077],[89.6204,26.0999],[89.6131,26.1029],[89.6169,26.0949],[89.6091,26.0958],[89.6083,26.0879],[89.5935,26.1011],[89.5996,26.1031],[89.5974,26.1126],[89.6143,26.1068],[89.6294,26.1172],[89.6253,26.1285],[89.6188,26.1193],[89.6115,26.1275],[89.6043,26.1169],[89.6009,26.1227],[89.6071,26.1243],[89.5962,26.1348],[89.5983,26.1527],[89.5915,26.1575],[89.5991,26.1609],[89.6084,26.1534],[89.6188,26.1665],[89.6114,26.1678],[89.6151,26.1755],[89.6082,26.18],[89.6233,26.179],[89.6235,26.1708],[89.6369,26.1785],[89.6317,26.1719],[89.6464,26.1641],[89.6586,26.1762],[89.6554,26.1812],[89.6277,26.1833],[89.6299,26.1954],[89.6444,26.1845],[89.6498,26.1903],[89.6325,26.2103],[89.6342,26.2287],[89.6557,26.219],[89.6718,26.2199],[89.6787,26.2377],[89.6815,26.2274],[89.6857,26.2302]]]}},{"type":"Feature","properties":{"unit_id":"BD55490009","level":"upazila","name_en":"Chilmari","name_bn":"Chilmari","division":"Rangpur"},"geometry":{"type":"Polygon","coordinates":[[[89.7164,25.6481],[89.7453,25.6204],[89.7479,25.6309],[89.768,25.6442],[89.7781,25.6434],[89.7985,25.6048],[89.7799,25.5584],[89.8044,25.5469],[89.7899,25.5377],[89.7873,25.5134],[89.7642,25.5214],[89.7422,25.5085],[89.7488,25.5056],[89.7493,25.4882],[89.7578,25.4903],[89.7614,25.4825],[89.7509,25.4781],[89.7497,25.4711],[89.7379,25.4759],[89.7387,25.4706],[89.7497,25.4695],[89.7503,25.4612],[89.7432,25.4626],[89.738,25.4534],[89.7293,25.4567],[89.7219,25.4476],[89.713,25.448],[89.7018,25.4666],[89.6804,25.4643],[89.6823,25.4719],[89.6677,25.4843],[89.6941,25.4907],[89.6788,25.5106],[89.6938,25.5272],[89.6642,25.5312],[89.6253,25.5609],[89.6415,25.585],[89.6525,25.5851],[89.6545,25.6013],[89.6467,25.5971],[89.639,25.6033],[89.6516,25.6114],[89.6527,25.6248],[89.6616,25.6307],[89.6563,25.6425],[89.6633,25.6438],[89.6601,25.6397],[89.6673,25.6373],[89.6834,25.6587],[89.702,25.6624],[89.7192,25.6537],[89.7164,25.6481]]]}},{"type":"Feature","properties":{"unit_id":"BD55490052","level":"upazila","name_en":"Kurigram Sadar","name_bn":"Kurigram Sadar","division":"Rangpur"},"geometry":{"type":"Polygon","coordinates":[[[89.6684,25.9057],[89.6752,25.9144],[89.6801,25.9001],[89.6883,25.8965],[89.6737,25.8889],[89.6805,25.8778],[89.6947,25.8817],[89.6918,25.8909],[89.7066,25.8973],[89.6975,25.8835],[89.7278,25.8818],[89.7278,25.8758],[89.7536,25.8596],[89.7557,25.8517],[89.7854,25.8516],[89.803,25.8597],[89.8337,25.8561],[89.8348,25.8404],[89.8184,25.8191],[89.8108,25.8196],[89.7898,25.7744],[89.7603,25.7673],[89.7424,25.7718],[89.7403,25.7777],[89.7278,25.7759],[89.7237,25.7831],[89.7044,25.7817],[89.6867,25.7736],[89.6835,25.7522],[89.6682,25.7481],[89.6513,25.7548],[89.649,25.7641],[89.63,25.7596],[89.6299,25.7663],[89.6368,25.7682],[89.6249,25.7676],[89.623,25.7611],[89.6169,25.7621],[89.6111,25.7797],[89.5965,25.7787],[89.5998,25.8039],[89.5844,25.8082],[89.5859,25.8225],[89.5754,25.825],[89.5794,25.836],[89.5715,25.8494],[89.5822,25.8438],[89.5882,25.8601],[89.584,25.8704],[89.6036,25.8887],[89.6088,25.9043],[89.6179,25.9038],[89.6118,25.8881],[89.616,25.8741],[89.6445,25.8843],[89.6486,25.8905],[89.6352,25.8916],[89.6463,25.9015],[89.6587,25.9001],[89.6591,25.9114],[89.6698,25.915],[89.6684,25.9057]]]}},{"type":"Feature","properties":{"unit_id":"BD55490061","level":"upazila","name_en":"Nageshwari","name_bn":"Nageshwari","division":"Rangpur"},"geometry":{"type":"Polygon","coordinates":[[[89.677,26.0636],[89.6673,26.0623],[89.6795,26.0589],[89.6724,26.0544],[89.6868,26.0564],[89.6822,26.051],[89.6708,26.0526],[89.6775,26.0471],[89.6713,26.0381],[89.6844,26.0373],[89.6915,26.048],[89.7011,26.0492],[89.7059,26.0332],[89.7188,26.0316],[89.7136,26.0374],[89.7179,26.0397],[89.7251,26.0308],[89.7202,26.0265],[89.7246,26.0272],[89.7353,26.0351],[89.7612,26.0394],[89.7608,26.0515],[89.7681,26.0544],[89.7677,26.0314],[89.7806,26.0413],[89.7894,26.0408],[89.7908,26.035],[89.7932,26.043],[89.8015,26.0408],[89.7899,26.0185],[89.8068,26.0451],[89.8188,26.0263],[89.8147,26.0199],[89.8216,26.0103],[89.8206,25.9978],[89.8149,25.9972],[89.8208,25.9869],[89.8362,25.9827],[89.83,26.0037],[89.8348,26.0135],[89.8508,25.9898],[89.8707,25.9814],[89.8729,25.9752],[89.8663,25.9714],[89.8382,25.968],[89.8495,25.949],[89.8312,25.955],[89.8254,25.9505],[89.8251,25.9452],[89.8423,25.94],[89.8867,25.9454],[89.8783,25.924],[89.8322,25.8704],[89.8337,25.8561],[89.803,25.8597],[89.7854,25.8516],[89.7557,25.8517],[89.7536,25.8596],[89.7278,25.8758],[89.7278,25.8818],[89.6975,25.8835],[89.7066,25.8973],[89.6918,25.8909],[89.6947,25.8817],[89.68,25.8781],[89.6737,25.8889],[89.6883,25.8961],[89.6801,25.9001],[89.6752,25.9144],[89.6699,25.9048],[89.6697,25.9165],[89.6591,25.9114],[89.6587,25.9001],[89.6462,25.9015],[89.636,25.9124],[89.6554,25.9273],[89.6426,25.9329],[89.6447,25.9406],[89.6295,25.9475],[89.6174,25.9658],[89.6303,25.9733],[89.6133,25.985],[89.6195,25.9921],[89.6134,26.0269],[89.5957,26.0353],[89.5915,26.0446],[89.6114,26.0519],[89.6059,26.0643],[89.6191,26.0532],[89.6294,26.0623],[89.6509,26.0589],[89.6501,26.0701],[89.6611,26.0589],[89.6674,26.0648],[89.6712,26.0654],[89.6683,26.0713],[89.6745,26.0713],[89.677,26.0636]]]}},{"type":"Feature","properties":{"unit_id":"BD55490018","level":"upazila","name_en":"Phulbari","name_bn":"Phulbari","division":"Rangpur"},"geometry":{"type":"Polygon","coordinates":[[[89.6134,26.0269],[89.6195,25.9921],[89.6133,25.985],[89.6303,25.9733],[89.6174,25.9658],[89.6295,25.9475],[89.6447,25.9406],[89.6426,25.9329],[89.6554,25.9273],[89.6359,25.9128],[89.6463,25.9015],[89.6353,25.8892],[89.6467,25.8917],[89.6491,25.8895],[89.6472,25.8869],[89.616,25.8741],[89.6138,25.9061],[89.6,25.8848],[89.5849,25.8775],[89.5748,25.8885],[89.5568,25.8836],[89.5449,25.8885],[89.5419,25.8973],[89.531,25.9013],[89.5292,25.9146],[89.5175,25.9162],[89.5171,25.9262],[89.509,25.9322],[89.5131,25.9409],[89.4996,25.9666],[89.5031,25.9707],[89.484,25.9618],[89.4745,25.9746],[89.4916,26.0063],[89.507,26.0014],[89.5198,26.0084],[89.5485,26.0],[89.5358,25.9891],[89.5423,25.983],[89.54,25.9701],[89.5579,25.9651],[89.5665,25.9798],[89.5684,25.9678],[89.5773,25.9685],[89.5757,25.981],[89.5845,25.9753],[89.587,25.9796],[89.5776,26.025],[89.5841,26.0248],[89.5869,26.0385],[89.6067,26.0336],[89.6134,26.0269]]]}},{"type":"Feature","properties":{"unit_id":"BD55490077","level":"upazila","name_en":"Rajarhat","name_bn":"Rajarhat","division":"Rangpur"},"geometry":{"type":"Polygon","coordinates":[[[89.5945,25.8802],[89.584,25.8704],[89.5882,25.8601],[89.5822,25.8438],[89.5715,25.8494],[89.5794,25.836],[89.5754,25.825],[89.5859,25.8225],[89.5844,25.8082],[89.5997,25.8043],[89.5965,25.7787],[89.6111,25.7797],[89.628,25.7488],[89.6166,25.7471],[89.6165,25.7405],[89.5934,25.7435],[89.5946,25.7305],[89.5798,25.7335],[89.5739,25.7194],[89.5659,25.7243],[89.5525,25.7207],[89.5432,25.7303],[89.5426,25.725],[89.5321,25.7243],[89.5355,25.7353],[89.5228,25.7451],[89.5185,25.7261],[89.4918,25.7172],[89.4848,25.7309],[89.4977,25.7341],[89.4982,25.7519],[89.4804,25.7564],[89.4714,25.7776],[89.4625,25.7891],[89.4573,25.7874],[89.4587,25.8126],[89.4705,25.8131],[89.4623,25.8226],[89.4506,25.8174],[89.4514,25.8231],[89.4818,25.8393],[89.4883,25.8189],[89.4969,25.8179],[89.4923,25.8145],[89.5193,25.8108],[89.5176,25.8253],[89.5296,25.8196],[89.536,25.8283],[89.5297,25.864],[89.5524,25.8602],[89.5547,25.8747],[89.5743,25.8807],[89.5748,25.8885],[89.5818,25.8776],[89.5945,25.8802]]]}},{"type":"Feature","properties":{"unit_id":"BD55490008","level":"upazila","name_en":"Rajibpur","name_bn":"Rajibpur","division":"Rangpur"},"geometry":{"type":"Polygon","coordinates":[[[89.788,25.5154],[89.8007,25.4675],[89.8134,25.4689],[89.8143,25.4846],[89.8212,25.485],[89.8306,25.4728],[89.8342,25.4414],[89.8257,25.4153],[89.7644,25.4342],[89.7723,25.4246],[89.7694,25.4174],[89.7795,25.4121],[89.7769,25.3876],[89.7483,25.3826],[89.7387,25.3745],[89.7444,25.3889],[89.7362,25.3908],[89.7374,25.3986],[89.7009,25.39],[89.6952,25.3982],[89.7016,25.4019],[89.6988,25.4229],[89.688,25.4226],[89.7035,25.4572],[89.7219,25.4476],[89.7293,25.4567],[89.738,25.4534],[89.7432,25.4626],[89.7497,25.4603],[89.7497,25.4695],[89.7374,25.4752],[89.7505,25.4713],[89.7509,25.4781],[89.7618,25.4839],[89.7578,25.4903],[89.7493,25.4882],[89.7488,25.5056],[89.7422,25.5085],[89.7642,25.5214],[89.773,25.5149],[89.788,25.5154]]]}},{"type":"Feature","properties":{"unit_id":"BD55490079","level":"upazila","name_en":"Roumari","name_bn":"Roumari","division":"Rangpur"},"geometry":{"type":"Polygon","coordinates":[[[89.847,25.6955],[89.864,25.6649],[89.8713,25.6622],[89.8824,25.6161],[89.8662,25.5461],[89.8513,25.5385],[89.8601,25.5173],[89.8489,25.4924],[89.8518,25.4667],[89.8342,25.4414],[89.8306,25.4728],[89.8212,25.485],[89.8143,25.4846],[89.8134,25.4689],[89.7994,25.4683],[89.7872,25.5286],[89.8041,25.5497],[89.7799,25.5584],[89.7984,25.6075],[89.7823,25.6276],[89.7711,25.6721],[89.7791,25.6942],[89.7909,25.697],[89.7876,25.6843],[89.8,25.6844],[89.8031,25.6684],[89.8105,25.6674],[89.8112,25.6893],[89.8228,25.7154],[89.8325,25.7197],[89.8511,25.7128],[89.847,25.6955]]]}},{"type":"Feature","properties":{"unit_id":"BD55490094","level":"upazila","name_en":"Ulipur","name_bn":"Ulipur","division":"Rangpur"},"geometry":{"type":"Polygon","coordinates":[[[89.8265,25.81],[89.8412,25.7593],[89.8271,25.7401],[89.8325,25.7197],[89.8228,25.7154],[89.812,25.6916],[89.8105,25.6674],[89.8031,25.6684],[89.8,25.6844],[89.7876,25.6843],[89.7917,25.6968],[89.78,25.695],[89.7711,25.6721],[89.7766,25.6662],[89.7768,25.6445],[89.7479,25.6309],[89.7453,25.6204],[89.7164,25.6481],[89.7192,25.6537],[89.702,25.6624],[89.6834,25.6587],[89.6673,25.6373],[89.6601,25.6397],[89.6633,25.6438],[89.6556,25.6415],[89.6616,25.6307],[89.6527,25.6248],[89.6516,25.6114],[89.639,25.6033],[89.6467,25.5971],[89.6545,25.6013],[89.6525,25.5851],[89.6415,25.585],[89.6253,25.5609],[89.6077,25.5654],[89.5896,25.5556],[89.5694,25.5826],[89.5399,25.5891],[89.5368,25.5995],[89.5526,25.6055],[89.5535,25.6232],[89.549,25.6333],[89.5317,25.6436],[89.533,25.6552],[89.5189,25.646],[89.5187,25.661],[89.514,25.6603],[89.5197,25.6864],[89.5078,25.7205],[89.523,25.7313],[89.5215,25.7444],[89.5355,25.7353],[89.5321,25.7243],[89.5426,25.725],[89.5432,25.7303],[89.5525,25.7207],[89.5659,25.7243],[89.5739,25.7194],[89.5798,25.7335],[89.5946,25.7305],[89.5934,25.7435],[89.6165,25.7405],[89.6166,25.7471],[89.628,25.7488],[89.6289,25.7549],[89.6204,25.7594],[89.6249,25.7676],[89.6376,25.7675],[89.6299,25.7663],[89.63,25.7596],[89.649,25.7641],[89.6513,25.7548],[89.6682,25.7481],[89.6835,25.7522],[89.6867,25.7736],[89.7044,25.7817],[89.7201,25.7838],[89.7278,25.7759],[89.7403,25.7777],[89.7439,25.771],[89.7774,25.769],[89.7898,25.7744],[89.8136,25.8188],[89.8265,25.81]]]}},{"type":"Feature","properties":{"unit_id":"BD55520002","level":"upazila","name_en":"Aditmari","name_bn":"Aditmari","division":"Rangpur"},"geometry":{"type":"Polygon","coordinates":[[[89.4403,25.9978],[89.4405,25.9725],[89.4323,25.9671],[89.4392,25.9348],[89.4236,25.9231],[89.4137,25.9241],[89.4206,25.9191],[89.4142,25.9159],[89.4177,25.9045],[89.3993,25.9003],[89.388,25.8836],[89.3775,25.8818],[89.3796,25.8753],[89.3509,25.8743],[89.3474,25.884],[89.3451,25.8635],[89.3509,25.862],[89.3358,25.8584],[89.3356,25.8512],[89.307,25.867],[89.2917,25.8852],[89.2905,25.8984],[89.2783,25.9045],[89.2822,25.9266],[89.2775,25.9343],[89.3019,25.9317],[89.3011,25.9427],[89.3148,25.9437],[89.3207,25.9547],[89.3271,25.9856],[89.3626,25.9936],[89.3673,26.0104],[89.3937,26.0084],[89.3911,26.023],[89.4069,26.032],[89.407,26.0417],[89.4238,26.0475],[89.4296,26.0434],[89.4342,26.0312],[89.4277,26.0139],[89.4577,26.0009],[89.4403,25.9978]]]}},{"type":"Feature","properties":{"unit_id":"BD55520033","level":"upazila","name_en":"Hatibandha","name_bn":"Hatibandha","division":"Rangpur"},"geometry":{"type":"Polygon","coordinates":[[[89.1381,26.2475],[89.1305,26.2425],[89.1398,26.2371],[89.1416,26.2149],[89.1495,26.2086],[89.1342,26.182],[89.1406,26.1692],[89.1568,26.1623],[89.1482,26.1581],[89.1548,26.1386],[89.1918,26.1232],[89.201,26.1281],[89.227,26.1209],[89.2291,26.1248],[89.2292,26.1158],[89.2519,26.1014],[89.2522,26.0921],[89.267,26.0933],[89.2545,26.0671],[89.2708,26.0605],[89.2826,26.0643],[89.2742,26.0265],[89.2538,26.0329],[89.248,26.0191],[89.2396,26.0204],[89.2296,26.0406],[89.2157,26.0457],[89.211,26.0584],[89.198,26.0518],[89.1778,26.0583],[89.1718,26.0447],[89.1625,26.0413],[89.1633,26.0233],[89.1331,26.025],[89.1416,25.9993],[89.1373,25.9939],[89.1267,25.987],[89.1149,25.9954],[89.1041,26.0277],[89.0959,26.0354],[89.0925,26.0615],[89.1008,26.0774],[89.0906,26.0905],[89.0911,26.1161],[89.102,26.1207],[89.098,26.1466],[89.0773,26.1711],[89.042,26.1761],[89.0326,26.1941],[89.0239,26.1959],[89.0347,26.2046],[89.0392,26.2235],[89.0248,26.2329],[89.0219,26.2474],[89.0331,26.2456],[89.036,26.2351],[89.0602,26.2317],[89.0579,26.2257],[89.0672,26.2195],[89.0784,26.236],[89.1014,26.2395],[89.089,26.25],[89.0965,26.2574],[89.1381,26.2475]]]}},{"type":"Feature","properties":{"unit_id":"BD55520039","level":"upazila","name_en":"Kaliganj","name_bn":"Kaliganj","division":"Rangpur"},"geometry":{"type":"Polygon","coordinates":[[[89.211,26.0584],[89.2157,26.0457],[89.2311,26.0384],[89.235,26.0224],[89.247,26.0187],[89.2533,26.0328],[89.2742,26.0265],[89.2772,26.0495],[89.2964,26.0457],[89.3004,26.0509],[89.316,26.0372],[89.3253,26.0367],[89.3383,26.0183],[89.3496,26.0165],[89.3471,26.0118],[89.3647,26.009],[89.3626,25.9936],[89.3271,25.9856],[89.3207,25.9547],[89.3148,25.9437],[89.3011,25.9427],[89.3019,25.9317],[89.2775,25.9343],[89.2822,25.9266],[89.2783,25.9045],[89.2935,25.8915],[89.2798,25.8969],[89.2659,25.8906],[89.2604,25.8978],[89.2363,25.9049],[89.2021,25.9459],[89.1832,25.957],[89.1515,25.9605],[89.124,25.9828],[89.1217,25.9896],[89.1286,25.9873],[89.1416,25.9993],[89.1332,26.0251],[89.1633,26.0233],[89.1625,26.0413],[89.1718,26.0447],[89.1778,26.0583],[89.198,26.0518],[89.211,26.0584]]]}},{"type":"Feature","properties":{"unit_id":"BD55520055","level":"upazila","name_en":"Lalmonirhat Sadar","name_bn":"Lalmonirhat Sadar","division":"Rangpur"},"geometry":{"type":"Polygon","coordinates":[[[89.4818,25.9903],[89.4736,25.9819],[89.484,25.9618],[89.5031,25.9707],[89.4996,25.9666],[89.5131,25.9409],[89.509,25.9322],[89.5171,25.9262],[89.5175,25.9162],[89.5292,25.9146],[89.5328,25.8987],[89.5568,25.8836],[89.5755,25.8862],[89.5743,25.8807],[89.5547,25.8747],[89.5524,25.8602],[89.5297,25.864],[89.536,25.8283],[89.5296,25.8196],[89.5176,25.8253],[89.5193,25.8108],[89.4923,25.8145],[89.4969,25.8179],[89.4883,25.8189],[89.4845,25.8368],[89.4775,25.8398],[89.4744,25.832],[89.4514,25.8231],[89.4506,25.8174],[89.4623,25.8226],[89.4705,25.8131],[89.4592,25.8133],[89.4588,25.7914],[89.4462,25.7893],[89.4286,25.7938],[89.4287,25.8003],[89.3861,25.8027],[89.3705,25.8157],[89.37,25.8234],[89.3398,25.8325],[89.3355,25.8576],[89.3509,25.862],[89.3451,25.8635],[89.3474,25.884],[89.3509,25.8743],[89.3796,25.8753],[89.3775,25.8818],[89.388,25.8836],[89.3993,25.9003],[89.4177,25.9045],[89.4142,25.9159],[89.4206,25.9191],[89.4137,25.9241],[89.4236,25.9231],[89.4392,25.9348],[89.4323,25.9671],[89.4405,25.9725],[89.4403,25.9978],[89.4798,25.9971],[89.4818,25.9903]]]}},{"type":"Feature","properties":{"unit_id":"BD55520070","level":"upazila","name_en":"Patgram","name_bn":"Patgram","division":"Rangpur"},"geometry":{"type":"MultiPolygon","coordinates":[[[[88.9808,26.4243],[88.9942,26.4118],[88.9989,26.4125],[88.9935,26.4223],[89.0032,26.4224],[89.0074,26.413],[89.0222,26.4138],[89.0197,26.4043],[89.0299,26.4071],[89.0338,26.3954],[89.0405,26.4005],[89.058,26.3955],[89.0629,26.4011],[89.0741,26.3914],[89.0847,26.3982],[89.0813,26.3903],[89.0956,26.3916],[89.0891,26.3677],[89.0797,26.363],[89.0983,26.3591],[89.0933,26.353],[89.101,26.337],[89.0832,26.3216],[89.0916,26.3204],[89.0973,26.3291],[89.1127,26.3184],[89.1361,26.3221],[89.1296,26.3127],[89.1362,26.3079],[89.1247,26.3056],[89.1323,26.2988],[89.1218,26.2869],[89.1067,26.3162],[89.105,26.3161],[89.0996,26.3048],[89.1075,26.2999],[89.1002,26.2793],[89.1058,26.2812],[89.1056,26.2742],[89.1248,26.2636],[89.1206,26.2516],[89.1104,26.2506],[89.095,26.2599],[89.089,26.25],[89.1016,26.2398],[89.0784,26.236],[89.0672,26.2195],[89.0579,26.2257],[89.0602,26.2317],[89.036,26.2351],[89.0347,26.2424],[89.0371,26.2469],[89.0506,26.2411],[89.0509,26.2549],[89.0627,26.2538],[89.0624,26.2699],[89.0539,26.2765],[89.0622,26.2786],[89.0587,26.2932],[89.0461,26.2954],[89.0422,26.2898],[89.0471,26.2827],[89.0499,26.2885],[89.0481,26.2799],[89.0401,26.2764],[89.0402,26.2854],[89.0276,26.2828],[89.0202,26.2892],[89.0269,26.3062],[89.0213,26.3089],[89.0143,26.3],[89.0181,26.2895],[89.0072,26.3049],[88.995,26.2901],[88.9968,26.2997],[88.9842,26.3003],[88.9823,26.3101],[88.9843,26.3178],[88.9959,26.313],[88.9909,26.3215],[89.0004,26.3292],[88.9849,26.3328],[88.9809,26.3404],[88.9892,26.3379],[88.9851,26.3495],[88.9784,26.3459],[88.9611,26.3517],[88.9623,26.3356],[88.9561,26.3296],[88.9517,26.339],[88.9583,26.343],[88.9459,26.3447],[88.9581,26.3611],[88.9501,26.3655],[88.9479,26.3551],[88.9369,26.356],[88.9275,26.3646],[88.9191,26.3589],[88.9201,26.3658],[88.9109,26.3678],[88.9215,26.3769],[88.9089,26.3797],[88.9163,26.3844],[88.9182,26.3998],[88.9048,26.4077],[88.9262,26.4062],[88.9316,26.4138],[88.9229,26.4222],[88.9333,26.4252],[88.9264,26.4313],[88.9448,26.4247],[88.9433,26.4309],[88.9521,26.4336],[88.9468,26.4469],[88.9656,26.4508],[88.958,26.4582],[88.9836,26.4452],[88.9808,26.4243]]],[[[88.9362,26.3132],[88.952,26.3172],[88.9532,26.3047],[88.9629,26.3036],[88.9594,26.2952],[88.9826,26.301],[88.9806,26.2832],[88.9526,26.2754],[88.9359,26.2919],[88.9259,26.2924],[88.9284,26.3071],[88.919,26.3342],[88.94,26.3327],[88.9362,26.3132]]]]}},{"type":"Feature","properties":{"unit_id":"BD55730012","level":"upazila","name_en":"Dimla","name_bn":"Dimla","division":"Rangpur"},"geometry":{"type":"Polygon","coordinates":[[[88.9567,26.2407],[89.0214,26.2443],[89.0248,26.2329],[89.0392,26.2235],[89.0347,26.2046],[89.0239,26.1959],[89.0326,26.1941],[89.042,26.1761],[89.0773,26.1711],[89.098,26.1466],[89.102,26.1207],[89.0911,26.1161],[89.0907,26.0901],[89.0737,26.0902],[89.0668,26.0818],[89.0573,26.0869],[89.0529,26.0803],[89.0302,26.0908],[89.0154,26.0835],[89.0212,26.0694],[88.9901,26.0796],[88.972,26.0933],[88.8923,26.1171],[88.8986,26.1584],[88.8953,26.1711],[88.8831,26.182],[88.8798,26.2126],[88.8703,26.2214],[88.8774,26.2284],[88.8775,26.2423],[88.8721,26.2398],[88.8614,26.252],[88.861,26.2728],[88.8756,26.2867],[88.9259,26.2834],[88.9567,26.2407]]]}},{"type":"Feature","properties":{"unit_id":"BD55730015","level":"upazila","name_en":"Domar","name_bn":"Domar","division":"Rangpur"},"geometry":{"type":"Polygon","coordinates":[[[88.8703,26.2214],[88.8798,26.2126],[88.8847,26.1773],[88.8953,26.1711],[88.8986,26.1584],[88.8952,26.1264],[88.892,26.1192],[88.8837,26.1199],[88.8779,26.0866],[88.866,26.0822],[88.8721,26.0549],[88.8596,26.0582],[88.8561,26.0506],[88.8386,26.0451],[88.8489,26.0393],[88.8355,26.0357],[88.8247,26.0419],[88.8255,26.0321],[88.8156,26.032],[88.7842,26.056],[88.7748,26.0546],[88.7798,26.0645],[88.7766,26.0736],[88.7588,26.0847],[88.7693,26.0898],[88.7902,26.125],[88.7838,26.1325],[88.7866,26.1471],[88.7762,26.18],[88.7933,26.1883],[88.7972,26.2031],[88.7904,26.2054],[88.7958,26.2155],[88.7871,26.2312],[88.7758,26.2383],[88.7627,26.2361],[88.7583,26.2594],[88.766,26.287],[88.7604,26.3002],[88.794,26.3106],[88.8017,26.3077],[88.8195,26.2953],[88.8103,26.2768],[88.8129,26.2571],[88.8287,26.2497],[88.8274,26.24],[88.8382,26.2383],[88.843,26.2301],[88.8509,26.2352],[88.8768,26.2329],[88.8703,26.2214]]]}},{"type":"Feature","properties":{"unit_id":"BD55730036","level":"upazila","name_en":"Jaldhaka","name_bn":"Jaldhaka","division":"Rangpur"},"geometry":{"type":"Polygon","coordinates":[[[88.9178,26.1063],[88.972,26.0933],[88.9901,26.0796],[89.0212,26.0694],[89.0154,26.0835],[89.0302,26.0908],[89.0529,26.0803],[89.0573,26.0869],[89.0668,26.0818],[89.0737,26.0902],[89.0907,26.0901],[89.1008,26.0774],[89.0925,26.0618],[89.0959,26.0354],[89.1041,26.0277],[89.1135,25.9973],[89.1432,25.9671],[89.1271,25.9624],[89.1113,25.9683],[89.0725,25.9544],[89.0347,25.9668],[89.0343,25.9739],[89.0227,25.9769],[89.0098,25.9698],[89.0101,25.9799],[89.004,25.9768],[88.9956,25.9877],[88.9986,25.969],[88.9871,25.9709],[88.9874,25.9608],[88.9549,25.9707],[88.9476,25.9597],[88.9258,25.9824],[88.9136,25.9862],[88.9135,25.9965],[88.8897,26.0012],[88.8889,26.0178],[88.8779,26.0242],[88.8827,26.036],[88.8717,26.0395],[88.8798,26.0419],[88.8803,26.0515],[88.8627,26.0532],[88.8721,26.0549],[88.866,26.0822],[88.878,26.0868],[88.8862,26.1206],[88.9178,26.1063]]]}},{"type":"Feature","properties":{"unit_id":"BD55730045","level":"upazila","name_en":"Kishoreganj","name_bn":"\u0995\u09bf\u09b6\u09cb\u09b0\u0997\u099e\u09cd\u099c","division":"Rangpur"},"geometry":{"type":"Polygon","coordinates":[[[89.004,25.9768],[89.0102,25.9797],[89.0098,25.9698],[89.0227,25.9769],[89.0343,25.9739],[89.0347,25.9668],[89.0725,25.9544],[89.1092,25.9655],[89.1026,25.9405],[89.0945,25.937],[89.1049,25.9359],[89.1008,25.8996],[89.1179,25.8864],[89.0977,25.8618],[89.102,25.8516],[89.0888,25.8461],[89.0904,25.8287],[89.0638,25.8365],[89.0427,25.8153],[89.0343,25.8208],[89.0085,25.8179],[89.003,25.8246],[88.9946,25.821],[88.9943,25.8259],[88.9883,25.8242],[88.9906,25.837],[88.9831,25.8379],[88.9911,25.8468],[88.9856,25.8555],[88.9497,25.8681],[88.963,25.9301],[88.9785,25.9419],[88.9723,25.9432],[88.9766,25.9456],[88.9662,25.9631],[88.9866,25.9605],[88.9871,25.9709],[88.9979,25.968],[88.9976,25.9869],[89.004,25.9768]]]}},{"type":"Feature","properties":{"unit_id":"BD55730064","level":"upazila","name_en":"Nilphamari Sadar","name_bn":"Nilphamari Sadar","division":"Rangpur"},"geometry":{"type":"Polygon","coordinates":[[[88.8803,26.0515],[88.8798,26.0419],[88.8717,26.0395],[88.8827,26.036],[88.8779,26.0242],[88.8889,26.0178],[88.8897,26.0012],[88.9135,25.9965],[88.9136,25.9862],[88.9258,25.9824],[88.9477,25.9596],[88.9547,25.9706],[88.9642,25.9653],[88.9765,25.946],[88.9723,25.9432],[88.9785,25.9419],[88.9638,25.9318],[88.9503,25.8854],[88.9545,25.8731],[88.9495,25.8686],[88.9589,25.8577],[88.9467,25.855],[88.9297,25.8636],[88.9278,25.8513],[88.9138,25.8502],[88.9179,25.8434],[88.9092,25.8401],[88.911,25.8455],[88.9025,25.8488],[88.8857,25.8448],[88.8812,25.822],[88.843,25.8098],[88.8254,25.8177],[88.8263,25.8342],[88.8199,25.8432],[88.8244,25.8587],[88.8177,25.8608],[88.8149,25.8803],[88.8019,25.9001],[88.7994,25.9274],[88.7765,25.9399],[88.7572,25.9416],[88.7542,25.9342],[88.7422,25.9422],[88.749,25.9487],[88.7432,25.9703],[88.7461,25.9853],[88.7349,26.0127],[88.7443,26.0266],[88.7594,26.0252],[88.7574,26.0385],[88.7618,26.0367],[88.771,26.0544],[88.7842,26.056],[88.8203,26.0309],[88.8258,26.0326],[88.8247,26.0418],[88.8308,26.0418],[88.8302,26.0364],[88.8446,26.0376],[88.849,26.0396],[88.8403,26.0471],[88.8635,26.0554],[88.8803,26.0515]]]}},{"type":"Feature","properties":{"unit_id":"BD55730085","level":"upazila","name_en":"Saidpur","name_bn":"Saidpur","division":"Rangpur"},"geometry":{"type":"Polygon","coordinates":[[[88.991,25.8471],[88.9831,25.8382],[88.9906,25.8368],[88.9884,25.824],[89.003,25.8246],[89.0081,25.8172],[88.9847,25.8088],[88.9563,25.8142],[88.9425,25.8081],[88.9405,25.8032],[88.9529,25.8032],[88.9585,25.7926],[88.9548,25.7888],[88.9606,25.7872],[88.9568,25.7795],[88.9446,25.7766],[88.9445,25.7664],[88.9389,25.7647],[88.9449,25.7633],[88.943,25.7551],[88.9535,25.7519],[88.9535,25.74],[88.9433,25.7426],[88.9414,25.7361],[88.9317,25.7354],[88.9065,25.749],[88.9017,25.7404],[88.9143,25.7384],[88.8925,25.7382],[88.8822,25.7736],[88.8521,25.7779],[88.8442,25.7926],[88.8445,25.8105],[88.8812,25.822],[88.8857,25.8448],[88.9025,25.8488],[88.9117,25.8398],[88.918,25.8436],[88.9145,25.8513],[88.9279,25.8514],[88.9287,25.8632],[88.9487,25.8548],[88.9589,25.8577],[88.9546,25.8645],[88.9792,25.8619],[88.991,25.8471]]]}},{"type":"Feature","properties":{"unit_id":"BD55770004","level":"upazila","name_en":"Atowari","name_bn":"Atowari","division":"Rangpur"},"geometry":{"type":"Polygon","coordinates":[[[88.4768,26.3579],[88.4767,26.3519],[88.4528,26.3482],[88.4346,26.3255],[88.4418,26.314],[88.4465,26.319],[88.4597,26.316],[88.4872,26.2986],[88.4667,26.2695],[88.4779,26.2304],[88.5084,26.2323],[88.5153,26.2218],[88.5424,26.2273],[88.5501,26.2188],[88.547,26.1885],[88.5344,26.178],[88.5214,26.1796],[88.5163,26.2006],[88.479,26.2039],[88.4686,26.2018],[88.4722,26.197],[88.4623,26.1918],[88.4592,26.1966],[88.4321,26.196],[88.4298,26.2012],[88.4084,26.2037],[88.4135,26.1968],[88.4045,26.1944],[88.3845,26.2005],[88.382,26.1812],[88.3691,26.1775],[88.3436,26.1894],[88.3293,26.185],[88.3335,26.1912],[88.32,26.2031],[88.326,26.2057],[88.3231,26.21],[88.3507,26.2205],[88.3595,26.2411],[88.3477,26.25],[88.3493,26.2829],[88.384,26.3138],[88.4146,26.3157],[88.4152,26.3243],[88.4038,26.3298],[88.4126,26.3377],[88.4351,26.3362],[88.4456,26.365],[88.4588,26.377],[88.4587,26.362],[88.4768,26.3579]]]}},{"type":"Feature","properties":{"unit_id":"BD55770025","level":"upazila","name_en":"Boda","name_bn":"Boda","division":"Rangpur"},"geometry":{"type":"Polygon","coordinates":[[[88.6476,26.3303],[88.6557,26.3182],[88.664,26.3207],[88.6751,26.3136],[88.6805,26.3188],[88.6836,26.311],[88.6781,26.3062],[88.6842,26.298],[88.6928,26.2894],[88.7085,26.2882],[88.688,26.2838],[88.6898,26.2775],[88.7209,26.2825],[88.7198,26.2919],[88.7456,26.2903],[88.7465,26.3116],[88.7569,26.3106],[88.766,26.2865],[88.7583,26.2596],[88.7401,26.2601],[88.7351,26.2523],[88.7223,26.2636],[88.7188,26.2567],[88.6963,26.2561],[88.7154,26.2461],[88.7147,26.2025],[88.7263,26.1973],[88.7274,26.1836],[88.7145,26.1876],[88.7137,26.1789],[88.7051,26.1836],[88.7004,26.1882],[88.7074,26.1973],[88.7048,26.2031],[88.7115,26.203],[88.6956,26.2127],[88.6848,26.2062],[88.6686,26.2112],[88.6635,26.1959],[88.6516,26.1939],[88.6622,26.1938],[88.6521,26.1764],[88.6479,26.1759],[88.655,26.171],[88.6535,26.1502],[88.6615,26.1492],[88.6441,26.1392],[88.6572,26.1283],[88.6499,26.1191],[88.6605,26.1171],[88.6619,26.1107],[88.6463,26.0956],[88.6491,26.0878],[88.6412,26.0852],[88.618,26.1298],[88.6001,26.1435],[88.5836,26.1443],[88.5833,26.1503],[88.5638,26.1605],[88.5607,26.174],[88.544,26.1808],[88.5488,26.2219],[88.5402,26.2278],[88.5153,26.2218],[88.5062,26.2327],[88.4779,26.2304],[88.4667,26.2695],[88.4736,26.2774],[88.5002,26.2644],[88.5304,26.2694],[88.5207,26.2779],[88.5231,26.2907],[88.5352,26.2867],[88.5445,26.2953],[88.5542,26.2927],[88.5525,26.3006],[88.5603,26.2987],[88.5761,26.3138],[88.5836,26.3109],[88.5894,26.32],[88.596,26.3176],[88.5949,26.3051],[88.6126,26.3114],[88.615,26.307],[88.6384,26.3319],[88.6476,26.3303]]]}},{"type":"Feature","properties":{"unit_id":"BD55770034","level":"upazila","name_en":"Debiganj","name_bn":"Debiganj","division":"Rangpur"},"geometry":{"type":"Polygon","coordinates":[[[88.7347,26.2523],[88.7401,26.2601],[88.7583,26.2596],[88.763,26.2356],[88.7758,26.2383],[88.7871,26.2312],[88.7958,26.2155],[88.7904,26.2054],[88.7972,26.2031],[88.7933,26.1883],[88.7762,26.18],[88.7866,26.1471],[88.7838,26.1325],[88.7902,26.125],[88.7693,26.0898],[88.7588,26.0847],[88.7762,26.0741],[88.7785,26.0611],[88.7618,26.0441],[88.7618,26.0367],[88.7574,26.0385],[88.7593,26.0251],[88.7443,26.0266],[88.7358,26.0162],[88.7063,26.0069],[88.7002,26.0082],[88.6996,26.0164],[88.6643,26.0164],[88.6445,26.0445],[88.6248,26.0572],[88.6364,26.0716],[88.6353,26.0812],[88.6491,26.0878],[88.6463,26.0956],[88.6619,26.1107],[88.6605,26.1171],[88.6499,26.1191],[88.6572,26.1283],[88.6441,26.1392],[88.6456,26.1444],[88.656,26.1419],[88.6615,26.1492],[88.6535,26.1502],[88.655,26.171],[88.6479,26.1759],[88.6622,26.1938],[88.6516,26.1939],[88.6635,26.1959],[88.6686,26.2112],[88.6848,26.2062],[88.6956,26.2127],[88.7115,26.203],[88.7048,26.2031],[88.7074,26.1973],[88.7004,26.1882],[88.7051,26.1836],[88.7137,26.1789],[88.7145,26.1876],[88.7275,26.1837],[88.7263,26.1973],[88.7147,26.2025],[88.7154,26.2461],[88.6963,26.2561],[88.7188,26.2567],[88.7229,26.2631],[88.7347,26.2523]]]}},{"type":"Feature","properties":{"unit_id":"BD55770073","level":"upazila","name_en":"Panchagarh Sadar","name_bn":"Panchagarh Sadar","division":"Rangpur"},"geometry":{"type":"Polygon","coordinates":[[[88.5271,26.481],[88.556,26.4853],[88.5524,26.4761],[88.5598,26.4732],[88.5627,26.4605],[88.5583,26.4584],[88.5825,26.4559],[88.5845,26.4503],[88.5951,26.4527],[88.5952,26.4709],[88.6224,26.471],[88.6275,26.4415],[88.6234,26.435],[88.6494,26.43],[88.6508,26.4217],[88.6447,26.419],[88.6593,26.417],[88.668,26.4076],[88.6855,26.4138],[88.687,26.4017],[88.6701,26.3976],[88.6891,26.396],[88.6873,26.3869],[88.7019,26.3886],[88.6808,26.3804],[88.6961,26.3621],[88.6915,26.3608],[88.6983,26.357],[88.6945,26.3459],[88.7039,26.3414],[88.7041,26.333],[88.7131,26.3447],[88.7341,26.3494],[88.7323,26.3548],[88.7493,26.3547],[88.7614,26.334],[88.7569,26.3106],[88.7445,26.3097],[88.746,26.2906],[88.7198,26.2919],[88.7209,26.2825],[88.6898,26.2775],[88.688,26.2838],[88.7085,26.2882],[88.6928,26.2894],[88.6842,26.298],[88.6781,26.3062],[88.6836,26.311],[88.6805,26.3188],[88.6751,26.3136],[88.664,26.3207],[88.6557,26.3182],[88.6476,26.3303],[88.638,26.3319],[88.615,26.307],[88.6126,26.3114],[88.5949,26.3051],[88.596,26.3176],[88.5894,26.32],[88.5836,26.3109],[88.5761,26.3138],[88.5603,26.2987],[88.5525,26.3006],[88.5542,26.2927],[88.5445,26.2953],[88.5352,26.2867],[88.5231,26.2907],[88.5207,26.2779],[88.5304,26.2694],[88.5002,26.2644],[88.4874,26.2737],[88.4779,26.2709],[88.4737,26.2776],[88.4822,26.2854],[88.4852,26.3012],[88.468,26.3062],[88.4597,26.316],[88.4465,26.319],[88.4421,26.3139],[88.4346,26.3255],[88.4583,26.3517],[88.4698,26.349],[88.4781,26.3541],[88.4877,26.3491],[88.4881,26.3602],[88.5056,26.3637],[88.5039,26.3487],[88.5184,26.3519],[88.5229,26.3622],[88.515,26.3658],[88.5247,26.3746],[88.5173,26.3709],[88.5128,26.377],[88.5191,26.3888],[88.512,26.3881],[88.5045,26.3985],[88.5104,26.4025],[88.511,26.4147],[88.5058,26.4178],[88.5295,26.4243],[88.5228,26.4287],[88.5222,26.4473],[88.514,26.4426],[88.505,26.4468],[88.5226,26.4531],[88.5231,26.464],[88.5332,26.4588],[88.5287,26.473],[88.5121,26.473],[88.5146,26.4851],[88.5271,26.4871],[88.5271,26.481]]]}},{"type":"Feature","properties":{"unit_id":"BD55770090","level":"upazila","name_en":"Tentulia","name_bn":"Tentulia","division":"Rangpur"},"geometry":{"type":"Polygon","coordinates":[[[88.4214,26.5696],[88.4329,26.5477],[88.4486,26.5355],[88.4568,26.5371],[88.4595,26.5475],[88.4842,26.5417],[88.4827,26.5324],[88.49,26.5327],[88.4856,26.5269],[88.4897,26.5105],[88.5071,26.5161],[88.521,26.51],[88.518,26.5012],[88.5242,26.4897],[88.5144,26.4848],[88.5121,26.473],[88.5287,26.473],[88.5332,26.4588],[88.5231,26.464],[88.5226,26.4531],[88.505,26.4468],[88.514,26.4426],[88.5222,26.4473],[88.5228,26.4287],[88.5295,26.4241],[88.506,26.4183],[88.511,26.4131],[88.5035,26.4023],[88.4945,26.4098],[88.5019,26.4175],[88.4937,26.4169],[88.4969,26.4261],[88.4883,26.4299],[88.4958,26.4353],[88.478,26.4518],[88.4846,26.4603],[88.4381,26.4653],[88.4283,26.473],[88.42,26.4656],[88.404,26.4861],[88.3886,26.4786],[88.3729,26.489],[88.3606,26.4837],[88.3647,26.47],[88.3541,26.4459],[88.3472,26.4683],[88.332,26.482],[88.3322,26.4932],[88.3504,26.511],[88.3592,26.5304],[88.3579,26.5435],[88.3714,26.5613],[88.3769,26.5957],[88.3985,26.603],[88.3883,26.6127],[88.3996,26.6273],[88.415,26.632],[88.4214,26.5696]]]}},{"type":"Feature","properties":{"unit_id":"BD55850003","level":"upazila","name_en":"Badarganj","name_bn":"Badarganj","division":"Rangpur"},"geometry":{"type":"Polygon","coordinates":[[[89.0823,25.7266],[89.0871,25.715],[89.0984,25.717],[89.1093,25.728],[89.1372,25.7188],[89.1427,25.7255],[89.1387,25.7147],[89.1493,25.7105],[89.1512,25.6957],[89.1592,25.6907],[89.1577,25.6667],[89.1395,25.6656],[89.1402,25.6511],[89.1345,25.6508],[89.1301,25.6365],[89.1323,25.6286],[89.1456,25.6279],[89.1338,25.6136],[89.1455,25.5828],[89.1399,25.5859],[89.1422,25.5745],[89.1113,25.5521],[89.1018,25.5368],[89.0928,25.5468],[89.1035,25.568],[89.0875,25.5722],[89.0761,25.5863],[89.0563,25.5896],[89.0462,25.5825],[89.0344,25.604],[89.0123,25.6028],[89.0078,25.6182],[88.9987,25.6177],[88.9934,25.6254],[88.9991,25.6328],[88.9893,25.6422],[88.9987,25.6497],[88.9949,25.6579],[88.9876,25.6624],[88.9735,25.6584],[88.9748,25.6709],[88.9628,25.6746],[88.9609,25.6844],[88.9516,25.6803],[88.9372,25.6863],[88.9398,25.6935],[88.9279,25.7145],[88.9278,25.7238],[88.9432,25.7307],[88.943,25.7425],[88.9648,25.7396],[88.9649,25.7533],[88.9775,25.7542],[88.9877,25.7631],[88.993,25.7515],[89.0108,25.7486],[89.0123,25.7368],[89.0357,25.7467],[89.0586,25.7284],[89.0536,25.7407],[89.0701,25.7411],[89.0751,25.7483],[89.0949,25.7335],[89.0823,25.7266]]]}},{"type":"Feature","properties":{"unit_id":"BD55850027","level":"upazila","name_en":"Gangachara","name_bn":"Gangachara","division":"Rangpur"},"geometry":{"type":"Polygon","coordinates":[[[89.1271,25.9624],[89.1431,25.9672],[89.159,25.9576],[89.1843,25.9567],[89.2023,25.9457],[89.2361,25.905],[89.2604,25.8978],[89.2659,25.8906],[89.283,25.8967],[89.307,25.867],[89.3363,25.8506],[89.336,25.8375],[89.3495,25.8248],[89.3229,25.8229],[89.3085,25.8079],[89.3004,25.8201],[89.2897,25.8185],[89.2844,25.8239],[89.2642,25.814],[89.2506,25.826],[89.2364,25.8175],[89.2102,25.8215],[89.2117,25.8292],[89.2022,25.8365],[89.1913,25.8284],[89.1993,25.8192],[89.1932,25.8118],[89.1786,25.816],[89.1794,25.8219],[89.1658,25.8175],[89.162,25.8258],[89.1707,25.8338],[89.1592,25.8286],[89.1526,25.8362],[89.148,25.8337],[89.151,25.8417],[89.1431,25.8497],[89.1338,25.8362],[89.1245,25.8468],[89.1362,25.8513],[89.1345,25.8586],[89.1187,25.8626],[89.1115,25.8541],[89.1167,25.8527],[89.1137,25.8398],[89.1045,25.8377],[89.0972,25.8449],[89.0895,25.8381],[89.0895,25.8473],[89.1023,25.8521],[89.0975,25.8607],[89.1051,25.8677],[89.1041,25.8755],[89.1179,25.8864],[89.1008,25.8996],[89.1049,25.9359],[89.0945,25.9374],[89.1026,25.9405],[89.1085,25.9663],[89.1194,25.9686],[89.1271,25.9624]]]}},{"type":"Feature","properties":{"unit_id":"BD55850042","level":"upazila","name_en":"Kaunia","name_bn":"Kaunia","division":"Rangpur"},"geometry":{"type":"Polygon","coordinates":[[[89.3705,25.8157],[89.3877,25.8021],[89.4287,25.8003],[89.4286,25.7938],[89.4625,25.7891],[89.4804,25.7564],[89.4982,25.7519],[89.4977,25.7341],[89.4848,25.7309],[89.4915,25.7174],[89.4601,25.7156],[89.4523,25.7023],[89.4429,25.7065],[89.4463,25.7199],[89.4378,25.7236],[89.4438,25.728],[89.4311,25.7363],[89.4004,25.7416],[89.3936,25.7267],[89.3878,25.7342],[89.3725,25.7321],[89.3643,25.7218],[89.3547,25.7262],[89.3558,25.7208],[89.347,25.7175],[89.3429,25.7423],[89.3371,25.7417],[89.3425,25.7475],[89.3357,25.7536],[89.3185,25.7513],[89.3053,25.7408],[89.2966,25.7443],[89.3105,25.7828],[89.3101,25.798],[89.3165,25.8015],[89.3128,25.8151],[89.3229,25.8229],[89.3702,25.8232],[89.3705,25.8157]]]}},{"type":"Feature","properties":{"unit_id":"BD55850058","level":"upazila","name_en":"Mithapukur","name_bn":"Mithapukur","division":"Rangpur"},"geometry":{"type":"Polygon","coordinates":[[[89.3227,25.6561],[89.3358,25.6574],[89.336,25.6659],[89.3463,25.6567],[89.3517,25.6637],[89.3564,25.6583],[89.3495,25.6527],[89.3531,25.6469],[89.356,25.6552],[89.3658,25.6581],[89.3604,25.649],[89.3632,25.6356],[89.3745,25.6392],[89.3749,25.6314],[89.3848,25.6393],[89.3787,25.63],[89.3913,25.6264],[89.3861,25.6193],[89.3931,25.6105],[89.3829,25.6116],[89.398,25.5989],[89.3859,25.5959],[89.3938,25.5882],[89.3863,25.589],[89.3861,25.5798],[89.3813,25.5764],[89.3772,25.5829],[89.3773,25.5781],[89.3815,25.5742],[89.3924,25.5729],[89.3877,25.5654],[89.3912,25.5561],[89.4103,25.5588],[89.4058,25.5504],[89.414,25.5493],[89.4026,25.5463],[89.4107,25.5414],[89.4062,25.5343],[89.4014,25.5392],[89.4031,25.5341],[89.4075,25.532],[89.4125,25.5365],[89.4209,25.5287],[89.4214,25.5351],[89.4314,25.5378],[89.4282,25.5298],[89.4375,25.5385],[89.4394,25.5286],[89.4467,25.5311],[89.4366,25.5243],[89.4432,25.5158],[89.4439,25.5212],[89.4498,25.5183],[89.4411,25.5127],[89.4452,25.4934],[89.4352,25.4884],[89.4323,25.4753],[89.4276,25.477],[89.4161,25.4636],[89.4021,25.4739],[89.4059,25.4847],[89.3896,25.4896],[89.3791,25.5026],[89.3654,25.4976],[89.3446,25.5037],[89.3419,25.4998],[89.3413,25.5042],[89.3375,25.4993],[89.3327,25.5063],[89.3171,25.5022],[89.3187,25.5143],[89.3033,25.5179],[89.2954,25.5079],[89.2737,25.5226],[89.2709,25.5117],[89.263,25.5133],[89.2625,25.5219],[89.2482,25.524],[89.2362,25.5065],[89.1741,25.5095],[89.1679,25.498],[89.1454,25.4929],[89.1423,25.4841],[89.1538,25.467],[89.1548,25.4491],[89.1479,25.4354],[89.1311,25.4404],[89.1341,25.4473],[89.1284,25.4451],[89.1143,25.4563],[89.128,25.4603],[89.1203,25.462],[89.1221,25.4706],[89.114,25.4616],[89.1142,25.4698],[89.1039,25.4743],[89.1085,25.4852],[89.1015,25.4852],[89.1061,25.4887],[89.0998,25.492],[89.1017,25.5007],[89.1087,25.5022],[89.1076,25.5099],[89.1136,25.5074],[89.1096,25.5126],[89.1049,25.511],[89.1088,25.5146],[89.1016,25.5176],[89.1006,25.5288],[89.1113,25.5521],[89.1422,25.5745],[89.1399,25.5859],[89.1455,25.5828],[89.1338,25.6136],[89.1456,25.6279],[89.1297,25.6327],[89.1345,25.6508],[89.1402,25.6511],[89.1395,25.6656],[89.1612,25.6671],[89.1818,25.6523],[89.2165,25.6573],[89.2271,25.6669],[89.2321,25.6621],[89.2328,25.6734],[89.242,25.6783],[89.2442,25.668],[89.2582,25.6697],[89.2624,25.6794],[89.2761,25.6804],[89.2804,25.6741],[89.2818,25.6833],[89.2942,25.6768],[89.2943,25.6708],[89.3157,25.6677],[89.3227,25.6561]]]}},{"type":"Feature","properties":{"unit_id":"BD55850073","level":"upazila","name_en":"Pirgachha","name_bn":"Pirgachha","division":"Rangpur"},"geometry":{"type":"Polygon","coordinates":[[[89.3458,25.7176],[89.3558,25.7208],[89.3547,25.7262],[89.3643,25.7218],[89.3725,25.7321],[89.3878,25.7342],[89.3936,25.7267],[89.4004,25.7416],[89.4371,25.7343],[89.444,25.7272],[89.4379,25.723],[89.4463,25.7199],[89.4429,25.7065],[89.4523,25.7023],[89.4601,25.7156],[89.5078,25.7205],[89.5193,25.6889],[89.5139,25.6607],[89.5187,25.661],[89.5187,25.6463],[89.5263,25.6533],[89.5299,25.6499],[89.5311,25.6569],[89.5335,25.6481],[89.5216,25.6339],[89.521,25.6235],[89.5084,25.6159],[89.5012,25.6199],[89.5023,25.6118],[89.4897,25.6039],[89.4907,25.5906],[89.4985,25.5862],[89.4946,25.5758],[89.4859,25.5784],[89.47,25.5995],[89.4435,25.5845],[89.4349,25.5925],[89.4329,25.5877],[89.4148,25.5899],[89.4094,25.5591],[89.3997,25.5537],[89.3906,25.5565],[89.3924,25.5729],[89.376,25.5808],[89.3836,25.5773],[89.3879,25.5836],[89.3834,25.5862],[89.3938,25.5882],[89.3859,25.5959],[89.398,25.5989],[89.3829,25.6116],[89.3931,25.6105],[89.3861,25.6193],[89.3913,25.6264],[89.3787,25.63],[89.3848,25.6393],[89.3749,25.6314],[89.3745,25.6392],[89.3632,25.6356],[89.3604,25.649],[89.3665,25.6572],[89.356,25.6552],[89.3531,25.6469],[89.3495,25.6527],[89.3564,25.6583],[89.3517,25.6637],[89.3463,25.6567],[89.336,25.6659],[89.3358,25.6574],[89.3222,25.6562],[89.3157,25.6677],[89.3246,25.6842],[89.3051,25.6957],[89.3247,25.7103],[89.3077,25.7214],[89.3114,25.7444],[89.3185,25.7513],[89.3387,25.7514],[89.3458,25.7176]]]}},{"type":"Feature","properties":{"unit_id":"BD55850076","level":"upazila","name_en":"Pirganj","name_bn":"Pirganj","division":"Rangpur"},"geometry":{"type":"Polygon","coordinates":[[[89.263,25.5133],[89.2709,25.5117],[89.2737,25.5226],[89.2954,25.5079],[89.3033,25.5179],[89.3148,25.5153],[89.3211,25.5127],[89.3171,25.5022],[89.3355,25.506],[89.3375,25.4993],[89.3413,25.5042],[89.3419,25.4998],[89.3446,25.5037],[89.3654,25.4976],[89.3771,25.5032],[89.3906,25.4889],[89.4059,25.4847],[89.4018,25.478],[89.4069,25.4673],[89.3986,25.4642],[89.3917,25.4437],[89.3798,25.4466],[89.3784,25.4338],[89.3842,25.4287],[89.3783,25.4251],[89.3794,25.4108],[89.3704,25.4069],[89.3648,25.389],[89.3519,25.3795],[89.3556,25.3733],[89.3424,25.3656],[89.3462,25.3542],[89.3408,25.3378],[89.3485,25.3373],[89.3471,25.3285],[89.3323,25.3223],[89.3362,25.3164],[89.3437,25.3207],[89.3471,25.3105],[89.3345,25.3015],[89.2838,25.301],[89.2682,25.3142],[89.2603,25.3115],[89.2687,25.3203],[89.2648,25.3243],[89.2554,25.3155],[89.2408,25.3184],[89.238,25.3256],[89.248,25.3341],[89.2342,25.3393],[89.2316,25.3306],[89.2247,25.3347],[89.2318,25.3495],[89.2398,25.3416],[89.2364,25.3475],[89.2463,25.3548],[89.2346,25.3561],[89.2393,25.3618],[89.2355,25.3727],[89.2245,25.3636],[89.2239,25.3712],[89.2089,25.3693],[89.2165,25.3794],[89.2016,25.3962],[89.1873,25.3884],[89.1701,25.4074],[89.1634,25.4017],[89.1606,25.4076],[89.1575,25.4039],[89.1484,25.4051],[89.1494,25.4077],[89.1564,25.4058],[89.1543,25.411],[89.1345,25.4146],[89.1483,25.4134],[89.1506,25.4181],[89.1456,25.4346],[89.1548,25.4491],[89.1547,25.4637],[89.1423,25.4841],[89.1454,25.4929],[89.1679,25.498],[89.1741,25.5095],[89.1811,25.5056],[89.2002,25.5122],[89.2208,25.5039],[89.2444,25.512],[89.248,25.5239],[89.2625,25.5219],[89.263,25.5133]]]}},{"type":"Feature","properties":{"unit_id":"BD55850049","level":"upazila","name_en":"Rangpur Sadar","name_bn":"Rangpur Sadar","division":"Rangpur"},"geometry":{"type":"Polygon","coordinates":[[[89.1345,25.8586],[89.1362,25.8513],[89.1245,25.8468],[89.1338,25.8362],[89.142,25.85],[89.151,25.8417],[89.148,25.8337],[89.1526,25.8362],[89.1592,25.8286],[89.1708,25.8336],[89.162,25.8208],[89.1772,25.8138],[89.167,25.8086],[89.1706,25.7804],[89.1679,25.7682],[89.1599,25.7674],[89.1589,25.7632],[89.1651,25.7601],[89.1555,25.7557],[89.16,25.7555],[89.1574,25.7479],[89.1819,25.7283],[89.1822,25.7173],[89.1866,25.7211],[89.2038,25.7122],[89.2001,25.7025],[89.2217,25.7014],[89.2236,25.6888],[89.2376,25.677],[89.2323,25.6622],[89.2271,25.6669],[89.2165,25.6573],[89.1816,25.6523],[89.1576,25.6668],[89.1592,25.6907],[89.1512,25.6957],[89.1493,25.7105],[89.1387,25.7147],[89.1427,25.7255],[89.1372,25.7188],[89.1095,25.7281],[89.0984,25.717],[89.0842,25.7188],[89.0823,25.7266],[89.101,25.738],[89.0946,25.7526],[89.1083,25.7555],[89.1065,25.7628],[89.0959,25.7657],[89.1045,25.7791],[89.097,25.7831],[89.1097,25.7908],[89.1072,25.8164],[89.1014,25.82],[89.1059,25.8227],[89.0917,25.8295],[89.0895,25.8381],[89.0972,25.8449],[89.1045,25.8377],[89.1137,25.8398],[89.1167,25.8527],[89.1115,25.8541],[89.119,25.8626],[89.1345,25.8586]]]}},{"type":"Feature","properties":{"unit_id":"BD55850092","level":"upazila","name_en":"Taraganj","name_bn":"Taraganj","division":"Rangpur"},"geometry":{"type":"Polygon","coordinates":[[[89.1051,25.8209],[89.1014,25.82],[89.107,25.8169],[89.1097,25.7916],[89.097,25.7831],[89.1045,25.7791],[89.0967,25.7634],[89.1065,25.7628],[89.1083,25.7555],[89.0946,25.7526],[89.1015,25.7403],[89.0949,25.7335],[89.0751,25.7483],[89.0701,25.7411],[89.0536,25.7407],[89.0586,25.7284],[89.0357,25.7467],[89.0123,25.7368],[89.0108,25.7486],[88.993,25.7515],[88.9882,25.7631],[88.9775,25.7542],[88.9649,25.7533],[88.9648,25.7396],[88.9551,25.7416],[88.9512,25.7547],[88.943,25.7551],[88.9449,25.7633],[88.9389,25.7647],[88.9445,25.7664],[88.9441,25.776],[88.9607,25.7851],[88.9529,25.8032],[88.9405,25.8032],[88.948,25.811],[88.9847,25.8088],[89.0124,25.8204],[89.0343,25.8208],[89.0427,25.8153],[89.0614,25.8362],[89.1059,25.8227],[89.1051,25.8209]]]}},{"type":"Feature","properties":{"unit_id":"BD55940008","level":"upazila","name_en":"Baliadangi","name_bn":"Baliadangi","division":"Rangpur"},"geometry":{"type":"Polygon","coordinates":[[[88.3335,26.1912],[88.3293,26.185],[88.3436,26.1894],[88.3681,26.1784],[88.353,26.1635],[88.3527,26.1538],[88.3305,26.1349],[88.3458,26.1318],[88.3437,26.1197],[88.3625,26.1206],[88.3417,26.0942],[88.3303,26.0965],[88.3246,26.0838],[88.3132,26.0822],[88.3197,26.0727],[88.319,26.0518],[88.3033,26.0317],[88.3042,26.0115],[88.3109,26.0029],[88.2928,26.0016],[88.2878,25.9899],[88.2708,25.9921],[88.2658,25.9999],[88.2725,26.0215],[88.2617,26.0165],[88.2377,26.0234],[88.2433,26.0378],[88.2319,26.0432],[88.2341,26.0532],[88.2269,26.0596],[88.2149,26.0578],[88.2103,26.05],[88.2063,26.0538],[88.1896,26.0352],[88.1711,26.0313],[88.175,26.0397],[88.1694,26.0463],[88.1787,26.0459],[88.1755,26.0582],[88.1858,26.064],[88.1683,26.0831],[88.1598,26.0781],[88.1649,26.0866],[88.1583,26.0959],[88.1783,26.1231],[88.1738,26.1291],[88.1777,26.1483],[88.1961,26.1523],[88.1918,26.1566],[88.1963,26.1632],[88.2045,26.1587],[88.2149,26.162],[88.2146,26.17],[88.2277,26.1682],[88.226,26.1725],[88.2375,26.1768],[88.2331,26.1831],[88.2426,26.1887],[88.2694,26.1866],[88.2917,26.2025],[88.2999,26.1979],[88.3188,26.2036],[88.3335,26.1912]]]}},{"type":"Feature","properties":{"unit_id":"BD55940051","level":"upazila","name_en":"Haripur","name_bn":"Haripur","division":"Rangpur"},"geometry":{"type":"Polygon","coordinates":[[[88.166,25.9598],[88.1761,25.9568],[88.183,25.9652],[88.1901,25.9455],[88.1996,25.938],[88.1806,25.9203],[88.1848,25.9126],[88.196,25.9111],[88.1912,25.8904],[88.2046,25.886],[88.1919,25.8734],[88.1906,25.853],[88.1975,25.8528],[88.2079,25.8321],[88.2316,25.8396],[88.2391,25.8276],[88.24,25.809],[88.2315,25.7975],[88.215,25.801],[88.2086,25.7878],[88.2001,25.7899],[88.1934,25.8017],[88.1838,25.8018],[88.1731,25.7873],[88.1642,25.7898],[88.155,25.7774],[88.1464,25.7764],[88.1486,25.7815],[88.1417,25.7804],[88.1444,25.7937],[88.1146,25.7982],[88.12,25.8123],[88.1073,25.8148],[88.1112,25.8217],[88.1007,25.8291],[88.1083,25.8372],[88.1011,25.8436],[88.1139,25.8535],[88.1107,25.8683],[88.103,25.8612],[88.1017,25.8717],[88.0937,25.8741],[88.1028,25.8892],[88.0904,25.8961],[88.0936,25.9112],[88.0857,25.9167],[88.0973,25.9343],[88.1109,25.9335],[88.1123,25.9436],[88.1222,25.9482],[88.115,25.9626],[88.1238,25.966],[88.1194,25.9719],[88.1277,25.9766],[88.1291,25.9953],[88.1686,25.9902],[88.166,25.9598]]]}},{"type":"Feature","properties":{"unit_id":"BD55940082","level":"upazila","name_en":"Pirganj","name_bn":"Pirganj","division":"Rangpur"},"geometry":{"type":"Polygon","coordinates":[[[88.3813,25.9628],[88.3856,25.9577],[88.3885,25.966],[88.3917,25.9538],[88.401,25.9639],[88.4179,25.966],[88.427,25.9629],[88.4312,25.9513],[88.4475,25.9572],[88.4481,25.9498],[88.4342,25.9369],[88.442,25.942],[88.4409,25.9353],[88.436,25.9357],[88.4514,25.928],[88.4424,25.9156],[88.4461,25.9048],[88.4517,25.906],[88.452,25.9137],[88.472,25.911],[88.4841,25.9213],[88.5081,25.9173],[88.5,25.9061],[88.4799,25.9039],[88.4822,25.8889],[88.475,25.8889],[88.4846,25.8861],[88.4855,25.8703],[88.4804,25.8642],[88.4684,25.8643],[88.4606,25.8744],[88.4597,25.863],[88.4529,25.8594],[88.4439,25.8629],[88.4426,25.8724],[88.4353,25.8728],[88.4353,25.8664],[88.423,25.872],[88.4168,25.8704],[88.4255,25.8621],[88.4218,25.8564],[88.409,25.8698],[88.4032,25.8662],[88.398,25.8428],[88.3862,25.8402],[88.3906,25.8123],[88.3826,25.7935],[88.3888,25.7542],[88.4021,25.7293],[88.4089,25.7277],[88.4133,25.7372],[88.4288,25.7294],[88.4253,25.723],[88.4347,25.7184],[88.4236,25.7146],[88.4271,25.708],[88.4366,25.7091],[88.44,25.6886],[88.4292,25.6885],[88.4286,25.6693],[88.4017,25.6724],[88.4038,25.6853],[88.3905,25.6839],[88.3915,25.6937],[88.3713,25.6968],[88.3744,25.7172],[88.3569,25.7214],[88.3588,25.7283],[88.3441,25.7297],[88.3378,25.7378],[88.3209,25.7377],[88.3167,25.7527],[88.2887,25.7677],[88.2904,25.7738],[88.2684,25.7807],[88.271,25.8032],[88.2609,25.8129],[88.2657,25.8205],[88.2509,25.8371],[88.2595,25.8486],[88.2855,25.8506],[88.292,25.8647],[88.3038,25.8616],[88.3156,25.8879],[88.3213,25.8874],[88.32,25.8965],[88.3291,25.9018],[88.3228,25.927],[88.3296,25.9387],[88.3305,25.9617],[88.3422,25.9633],[88.3466,25.979],[88.3578,25.9775],[88.3599,25.9706],[88.3701,25.9797],[88.3839,25.9726],[88.3813,25.9628]]]}},{"type":"Feature","properties":{"unit_id":"BD55940086","level":"upazila","name_en":"Ranishankail","name_bn":"Ranishankail","division":"Rangpur"},"geometry":{"type":"Polygon","coordinates":[[[88.2319,26.0432],[88.2433,26.0378],[88.2377,26.0234],[88.2617,26.0165],[88.2725,26.0215],[88.2658,25.9999],[88.2708,25.9921],[88.2881,25.99],[88.2992,26.0041],[88.3141,25.9939],[88.3323,25.9982],[88.3377,25.9833],[88.3476,25.9812],[88.347,25.9687],[88.3303,25.9613],[88.3296,25.9387],[88.3228,25.927],[88.3291,25.9018],[88.32,25.8965],[88.3213,25.8874],[88.3156,25.8879],[88.3038,25.8616],[88.292,25.8647],[88.2852,25.8503],[88.2548,25.8454],[88.253,25.8301],[88.2607,25.8316],[88.2657,25.8203],[88.2584,25.811],[88.2486,25.8134],[88.2468,25.806],[88.236,25.8133],[88.2407,25.8219],[88.232,25.8395],[88.2082,25.8319],[88.1975,25.8528],[88.1906,25.853],[88.1919,25.8734],[88.2046,25.886],[88.1912,25.8904],[88.196,25.9111],[88.1805,25.9189],[88.1822,25.9267],[88.1965,25.9301],[88.1996,25.9377],[88.1901,25.9455],[88.1867,25.9616],[88.1821,25.9654],[88.1761,25.9568],[88.1664,25.9596],[88.1686,25.9902],[88.1346,25.9982],[88.1438,26.0009],[88.1397,26.0133],[88.1768,26.0215],[88.1824,26.0266],[88.1793,26.0311],[88.1981,26.0402],[88.2063,26.0538],[88.21,26.0499],[88.2149,26.0578],[88.2341,26.0532],[88.2319,26.0432]]]}},{"type":"Feature","properties":{"unit_id":"BD55940094","level":"upazila","name_en":"Thakurgaon Sadar","name_bn":"Thakurgaon Sadar","division":"Rangpur"},"geometry":{"type":"Polygon","coordinates":[[[88.544,26.1808],[88.5607,26.174],[88.5588,26.1673],[88.5725,26.1524],[88.5833,26.1503],[88.5836,26.1443],[88.6009,26.1432],[88.618,26.1298],[88.6412,26.0852],[88.6248,26.0572],[88.615,26.0641],[88.6182,26.0579],[88.6049,26.0522],[88.6089,26.0363],[88.5943,26.0312],[88.5921,26.0233],[88.5727,26.0212],[88.5684,26.0279],[88.5531,26.0299],[88.5653,26.0248],[88.5445,26.02],[88.5443,25.9988],[88.5412,26.0017],[88.5285,25.9898],[88.5367,25.9534],[88.5239,25.9532],[88.5114,25.9428],[88.5068,25.9195],[88.506,25.9274],[88.495,25.9292],[88.503,25.9256],[88.5015,25.9203],[88.4841,25.9213],[88.472,25.911],[88.452,25.9137],[88.4517,25.906],[88.4461,25.9048],[88.4424,25.9156],[88.4514,25.928],[88.436,25.9357],[88.442,25.942],[88.4342,25.9369],[88.4481,25.9498],[88.4475,25.9572],[88.4312,25.9513],[88.427,25.9629],[88.4179,25.966],[88.401,25.9639],[88.3917,25.9538],[88.3885,25.966],[88.3856,25.9577],[88.3813,25.9628],[88.3839,25.9726],[88.3711,25.9799],[88.3599,25.9706],[88.3578,25.9775],[88.3377,25.9833],[88.3323,25.9982],[88.3141,25.9939],[88.3045,26.0021],[88.311,26.0035],[88.3042,26.0115],[88.3033,26.0317],[88.319,26.0518],[88.3197,26.0727],[88.3132,26.0822],[88.3246,26.0838],[88.3303,26.0965],[88.3417,26.0942],[88.3628,26.1211],[88.3437,26.1197],[88.3458,26.1318],[88.3305,26.1349],[88.3527,26.1538],[88.353,26.1635],[88.3667,26.1781],[88.382,26.1812],[88.3845,26.2005],[88.4045,26.1944],[88.4135,26.1968],[88.4081,26.2035],[88.4152,26.2033],[88.4623,26.1918],[88.4722,26.197],[88.4686,26.2018],[88.5026,26.2029],[88.5171,26.2004],[88.5214,26.1796],[88.535,26.1779],[88.547,26.1885],[88.544,26.1808]]]}},{"type":"Feature","properties":{"unit_id":"BD60360002","level":"upazila","name_en":"Ajmiriganj","name_bn":"Ajmiriganj","division":"Sylhet"},"geometry":{"type":"Polygon","coordinates":[[[91.3617,24.6503],[91.3654,24.6423],[91.3502,24.6288],[91.3375,24.6363],[91.3405,24.6243],[91.359,24.6248],[91.3734,24.6176],[91.3748,24.6281],[91.3813,24.6188],[91.3638,24.591],[91.3589,24.5955],[91.3416,24.5875],[91.361,24.5795],[91.3572,24.5722],[91.3547,24.5776],[91.3485,24.5749],[91.301,24.5956],[91.3205,24.5806],[91.3171,24.574],[91.3417,24.5651],[91.3379,24.5568],[91.3451,24.5586],[91.3393,24.5462],[91.3062,24.5484],[91.3118,24.5271],[91.3253,24.5279],[91.3248,24.5119],[91.3181,24.5114],[91.3153,24.4993],[91.3099,24.4963],[91.3074,24.5043],[91.297,24.5005],[91.303,24.4833],[91.3113,24.4793],[91.2982,24.4787],[91.2934,24.472],[91.2805,24.4753],[91.2809,24.488],[91.271,24.4825],[91.2704,24.4919],[91.2611,24.491],[91.2639,24.4847],[91.2589,24.4838],[91.2353,24.4901],[91.2165,24.4834],[91.2205,24.4744],[91.2078,24.4798],[91.2006,24.4661],[91.1908,24.4641],[91.1848,24.4703],[91.1938,24.4801],[91.1661,24.4841],[91.1564,24.4765],[91.151,24.4789],[91.17,24.5001],[91.182,24.4937],[91.2082,24.5178],[91.2188,24.5326],[91.2275,24.5648],[91.2684,24.5843],[91.2673,24.6011],[91.2742,24.609],[91.2772,24.6033],[91.2953,24.6001],[91.2978,24.621],[91.308,24.6263],[91.304,24.6572],[91.3142,24.6479],[91.3343,24.6603],[91.34,24.6519],[91.3617,24.6503]]]}},{"type":"Feature","properties":{"unit_id":"BD60360005","level":"upazila","name_en":"Bahubal","name_bn":"Bahubal","division":"Sylhet"},"geometry":{"type":"Polygon","coordinates":[[[91.6173,24.4367],[91.619,24.4181],[91.6003,24.4161],[91.601,24.371],[91.602,24.3636],[91.6235,24.3645],[91.619,24.3612],[91.628,24.3431],[91.6298,24.3146],[91.6237,24.2978],[91.607,24.281],[91.5273,24.2765],[91.5268,24.2561],[91.5181,24.2592],[91.519,24.2663],[91.5104,24.2733],[91.5058,24.2701],[91.5121,24.2673],[91.5088,24.2626],[91.4957,24.2716],[91.4869,24.2684],[91.4902,24.3053],[91.476,24.3127],[91.4795,24.317],[91.4697,24.3298],[91.477,24.3509],[91.4855,24.3543],[91.486,24.3794],[91.4711,24.3814],[91.4643,24.402],[91.4664,24.4078],[91.4756,24.4081],[91.4844,24.4338],[91.5024,24.435],[91.4951,24.4494],[91.5094,24.4739],[91.5244,24.4708],[91.5344,24.4602],[91.5521,24.4672],[91.5626,24.4557],[91.548,24.4444],[91.5554,24.4459],[91.5649,24.4326],[91.5945,24.4318],[91.6026,24.4245],[91.6107,24.4405],[91.6173,24.4367]]]}},{"type":"Feature","properties":{"unit_id":"BD60360011","level":"upazila","name_en":"Baniachong","name_bn":"Baniachong","division":"Sylhet"},"geometry":{"type":"Polygon","coordinates":[[[91.3921,24.688],[91.3908,24.6754],[91.4095,24.6729],[91.3957,24.6619],[91.3961,24.6523],[91.4326,24.6428],[91.4345,24.6283],[91.4417,24.6226],[91.4315,24.6135],[91.4542,24.6132],[91.4537,24.6016],[91.4689,24.6006],[91.4751,24.5857],[91.4676,24.5813],[91.4536,24.586],[91.4509,24.5755],[91.4596,24.5489],[91.4958,24.5503],[91.4937,24.541],[91.4874,24.5407],[91.4974,24.5323],[91.4758,24.5144],[91.4829,24.5063],[91.4677,24.5114],[91.4654,24.5075],[91.4671,24.5014],[91.477,24.5004],[91.4674,24.4931],[91.4728,24.4871],[91.463,24.4839],[91.4795,24.4823],[91.452,24.4373],[91.462,24.4362],[91.4626,24.4261],[91.4557,24.4228],[91.4447,24.4306],[91.4625,24.4125],[91.4493,24.4066],[91.4436,24.4162],[91.4344,24.417],[91.4393,24.4081],[91.4269,24.3975],[91.4064,24.4037],[91.4051,24.39],[91.3931,24.398],[91.3953,24.3871],[91.3748,24.402],[91.3713,24.3948],[91.3826,24.3881],[91.3579,24.3924],[91.3352,24.3866],[91.3297,24.3798],[91.3339,24.3668],[91.322,24.3722],[91.3159,24.3648],[91.2925,24.3677],[91.2901,24.3591],[91.2726,24.3616],[91.2716,24.356],[91.2581,24.3534],[91.2592,24.3586],[91.2401,24.3668],[91.2459,24.3697],[91.2422,24.38],[91.2567,24.3813],[91.2392,24.4078],[91.2202,24.4114],[91.2212,24.4041],[91.2147,24.4036],[91.2205,24.4195],[91.2175,24.4333],[91.2434,24.4281],[91.236,24.4661],[91.2225,24.488],[91.2419,24.4907],[91.2589,24.4838],[91.2639,24.4847],[91.2611,24.491],[91.2704,24.4919],[91.271,24.4825],[91.2809,24.488],[91.2805,24.4753],[91.2934,24.472],[91.2982,24.4787],[91.3113,24.4793],[91.303,24.4833],[91.297,24.5005],[91.3074,24.5043],[91.3099,24.4963],[91.3153,24.4993],[91.3181,24.5114],[91.3248,24.5119],[91.3253,24.5279],[91.3118,24.5271],[91.3062,24.5484],[91.3393,24.5462],[91.3451,24.5586],[91.3379,24.5568],[91.3417,24.5651],[91.3171,24.574],[91.3205,24.5806],[91.301,24.5956],[91.3485,24.5749],[91.3547,24.5776],[91.356,24.5719],[91.3628,24.5753],[91.3556,24.5844],[91.3416,24.5875],[91.3589,24.5955],[91.3638,24.591],[91.3813,24.6191],[91.3748,24.6281],[91.3734,24.6176],[91.3394,24.6252],[91.3375,24.6363],[91.3502,24.6288],[91.3654,24.6423],[91.3617,24.6503],[91.3385,24.6522],[91.3343,24.6603],[91.3423,24.675],[91.3478,24.6694],[91.3624,24.6783],[91.3495,24.6911],[91.3718,24.6895],[91.3781,24.6981],[91.3921,24.688]]]}},{"type":"Feature","properties":{"unit_id":"BD60360026","level":"upazila","name_en":"Chunarughat","name_bn":"Chunarughat","division":"Sylhet"},"geometry":{"type":"Polygon","coordinates":[[[91.621,24.2658],[91.6142,24.2487],[91.6204,24.2465],[91.6191,24.233],[91.6352,24.2102],[91.6353,24.1996],[91.6476,24.1892],[91.6482,24.1554],[91.636,24.1366],[91.6425,24.1129],[91.6382,24.1007],[91.6126,24.0905],[91.5966,24.0953],[91.5928,24.0911],[91.5996,24.0827],[91.587,24.0715],[91.5757,24.0788],[91.5736,24.0736],[91.5467,24.0735],[91.4989,24.0857],[91.4958,24.0942],[91.474,24.1],[91.4434,24.0958],[91.4414,24.1012],[91.4317,24.099],[91.4291,24.1079],[91.4078,24.1088],[91.3721,24.1917],[91.3767,24.2269],[91.3724,24.2333],[91.3846,24.2712],[91.393,24.2706],[91.417,24.2435],[91.4222,24.25],[91.4476,24.2518],[91.447,24.2612],[91.4678,24.2662],[91.4699,24.274],[91.4804,24.2705],[91.4849,24.2759],[91.4878,24.2678],[91.4957,24.2716],[91.5072,24.2626],[91.5104,24.2733],[91.519,24.2663],[91.5181,24.2592],[91.5268,24.2561],[91.5273,24.2765],[91.6138,24.2819],[91.621,24.2658]]]}},{"type":"Feature","properties":{"unit_id":"BD60360044","level":"upazila","name_en":"Habiganj Sadar","name_bn":"Habiganj Sadar","division":"Sylhet"},"geometry":{"type":"Polygon","coordinates":[[[91.5025,24.4355],[91.4844,24.4338],[91.4756,24.4081],[91.4664,24.4078],[91.4643,24.402],[91.4711,24.3814],[91.486,24.3794],[91.4855,24.3543],[91.477,24.3509],[91.4697,24.3298],[91.4795,24.317],[91.476,24.3127],[91.4902,24.3053],[91.4872,24.276],[91.4746,24.2728],[91.4744,24.291],[91.4554,24.2901],[91.4503,24.2988],[91.4528,24.2924],[91.4296,24.2841],[91.4261,24.2898],[91.4116,24.2886],[91.408,24.2949],[91.3963,24.2929],[91.3893,24.2835],[91.3774,24.286],[91.3841,24.2947],[91.3793,24.302],[91.373,24.2906],[91.3446,24.2941],[91.3382,24.3041],[91.3461,24.3213],[91.3418,24.3384],[91.3455,24.3545],[91.3375,24.3493],[91.3239,24.3527],[91.3095,24.3674],[91.3159,24.3648],[91.3208,24.3722],[91.3353,24.3677],[91.3299,24.3817],[91.3392,24.388],[91.3579,24.3924],[91.3814,24.3873],[91.3713,24.3948],[91.3748,24.402],[91.3953,24.3871],[91.3931,24.398],[91.4051,24.39],[91.4064,24.4037],[91.4269,24.3975],[91.4393,24.4081],[91.4344,24.417],[91.4436,24.4162],[91.4493,24.4066],[91.4615,24.4118],[91.4447,24.4306],[91.462,24.4247],[91.4629,24.4352],[91.452,24.4373],[91.4625,24.4543],[91.499,24.4466],[91.5025,24.4355]]]}},{"type":"Feature","properties":{"unit_id":"BD60360068","level":"upazila","name_en":"Lakhai","name_bn":"Lakhai","division":"Sylhet"},"geometry":{"type":"Polygon","coordinates":[[[91.323,24.3531],[91.347,24.3507],[91.3418,24.3384],[91.3461,24.3213],[91.3367,24.2957],[91.3413,24.28],[91.3386,24.2697],[91.33,24.2654],[91.3075,24.269],[91.2942,24.2595],[91.2816,24.2326],[91.2867,24.2249],[91.1962,24.2402],[91.1753,24.2655],[91.1953,24.2799],[91.1976,24.2934],[91.1584,24.2826],[91.1747,24.3207],[91.2377,24.3182],[91.2352,24.337],[91.2134,24.3601],[91.217,24.3663],[91.2318,24.3672],[91.2431,24.3783],[91.2459,24.3697],[91.2406,24.3659],[91.2616,24.3531],[91.2726,24.3616],[91.2901,24.3591],[91.2921,24.3676],[91.3095,24.3674],[91.323,24.3531]]]}},{"type":"Feature","properties":{"unit_id":"BD60360071","level":"upazila","name_en":"Madhabpur","name_bn":"Madhabpur","division":"Sylhet"},"geometry":{"type":"Polygon","coordinates":[[[91.3467,24.2604],[91.3721,24.2629],[91.3735,24.2681],[91.381,24.2551],[91.3723,24.233],[91.3767,24.2269],[91.3723,24.191],[91.4088,24.1112],[91.3742,24.1069],[91.3773,24.0792],[91.3965,24.0491],[91.3909,24.025],[91.373,24.0021],[91.3795,23.9751],[91.3616,23.9856],[91.3413,23.9816],[91.3301,23.9923],[91.3127,23.9906],[91.2961,24.0007],[91.2975,24.0099],[91.3091,24.0178],[91.3039,24.0262],[91.3136,24.0314],[91.3127,24.0412],[91.304,24.0454],[91.3042,24.0573],[91.2856,24.0608],[91.2927,24.0945],[91.268,24.0947],[91.2695,24.1128],[91.2841,24.112],[91.2839,24.1185],[91.2935,24.1195],[91.2711,24.1247],[91.271,24.1429],[91.2619,24.1434],[91.2685,24.1597],[91.2757,24.1585],[91.2774,24.1827],[91.3061,24.1922],[91.3151,24.1891],[91.3132,24.2053],[91.2864,24.1965],[91.275,24.2049],[91.2843,24.2098],[91.2853,24.2192],[91.2976,24.2144],[91.3008,24.2248],[91.3057,24.2214],[91.3146,24.232],[91.324,24.2311],[91.329,24.2516],[91.3216,24.2654],[91.3396,24.2684],[91.3467,24.2604]]]}},{"type":"Feature","properties":{"unit_id":"BD60360077","level":"upazila","name_en":"Nabiganj","name_bn":"Nabiganj","division":"Sylhet"},"geometry":{"type":"Polygon","coordinates":[[[91.4661,24.6623],[91.4783,24.6739],[91.4853,24.6691],[91.4843,24.6767],[91.4941,24.6689],[91.4948,24.6741],[91.5204,24.6692],[91.5223,24.6618],[91.5246,24.6668],[91.5324,24.6621],[91.5326,24.6516],[91.545,24.6714],[91.55,24.6605],[91.5534,24.6677],[91.5676,24.6576],[91.571,24.6472],[91.5716,24.6618],[91.562,24.6661],[91.5744,24.6772],[91.5809,24.6627],[91.6062,24.6748],[91.6227,24.6571],[91.6277,24.6741],[91.6588,24.6802],[91.6497,24.6637],[91.6392,24.6585],[91.6445,24.6548],[91.6415,24.6477],[91.6551,24.6358],[91.6522,24.6293],[91.6628,24.6269],[91.6681,24.6183],[91.6655,24.5935],[91.6342,24.5938],[91.6389,24.5883],[91.6348,24.5866],[91.6238,24.6014],[91.6095,24.5889],[91.6133,24.5825],[91.6287,24.5895],[91.6331,24.5829],[91.627,24.5784],[91.6341,24.5766],[91.6384,24.5652],[91.647,24.5668],[91.645,24.5566],[91.6577,24.5468],[91.648,24.5409],[91.638,24.5442],[91.6425,24.5352],[91.6342,24.5259],[91.6375,24.5192],[91.6224,24.5161],[91.6132,24.4916],[91.6128,24.4468],[91.6026,24.4245],[91.5945,24.4318],[91.5649,24.4326],[91.5554,24.4459],[91.548,24.4444],[91.5626,24.4557],[91.5516,24.4676],[91.5344,24.4602],[91.5244,24.4708],[91.5098,24.4742],[91.4948,24.447],[91.4602,24.4548],[91.4795,24.4823],[91.463,24.4839],[91.4728,24.4871],[91.4674,24.4931],[91.477,24.5004],[91.4671,24.5014],[91.4654,24.5075],[91.4677,24.5114],[91.4829,24.5063],[91.4758,24.5144],[91.4974,24.5323],[91.4874,24.5407],[91.4937,24.541],[91.4958,24.5503],[91.4596,24.5489],[91.4509,24.5755],[91.4536,24.586],[91.4676,24.5813],[91.4751,24.5857],[91.4689,24.6006],[91.4537,24.6016],[91.4542,24.6132],[91.4315,24.6135],[91.4417,24.6226],[91.4345,24.6283],[91.4322,24.6433],[91.3945,24.6553],[91.4204,24.6828],[91.4283,24.6814],[91.4285,24.6701],[91.4312,24.6752],[91.4384,24.6704],[91.4433,24.6519],[91.4503,24.6671],[91.4654,24.6708],[91.4661,24.6623]]]}},{"type":"Feature","properties":{"unit_id":"BD60360087","level":"upazila","name_en":"Shayestaganj","name_bn":"Shayestaganj","division":"Sylhet"},"geometry":{"type":"Polygon","coordinates":[[[91.3877,24.2836],[91.408,24.2949],[91.4116,24.2886],[91.4261,24.2898],[91.4296,24.2841],[91.4528,24.2924],[91.4503,24.2988],[91.4554,24.2901],[91.4707,24.2921],[91.4758,24.2863],[91.4678,24.2662],[91.447,24.2612],[91.4468,24.2514],[91.4222,24.25],[91.417,24.2435],[91.393,24.2706],[91.3846,24.2712],[91.3806,24.2555],[91.3735,24.2681],[91.3721,24.2629],[91.3467,24.2604],[91.3385,24.2687],[91.3387,24.3023],[91.3487,24.291],[91.3632,24.2956],[91.373,24.2906],[91.3793,24.302],[91.384,24.2982],[91.3774,24.286],[91.3877,24.2836]]]}},{"type":"Feature","properties":{"unit_id":"BD60580014","level":"upazila","name_en":"Baralekha","name_bn":"Baralekha","division":"Sylhet"},"geometry":{"type":"Polygon","coordinates":[[[92.2735,24.7996],[92.2894,24.7851],[92.2811,24.766],[92.2897,24.7605],[92.2801,24.7458],[92.2963,24.7367],[92.2555,24.6787],[92.2565,24.6698],[92.2464,24.6561],[92.2492,24.6417],[92.2426,24.6125],[92.2379,24.6136],[92.2279,24.626],[92.2068,24.6075],[92.1893,24.6012],[92.1749,24.6067],[92.1778,24.5988],[92.1699,24.5874],[92.1623,24.621],[92.1366,24.6286],[92.1369,24.6423],[92.1186,24.6472],[92.1106,24.6569],[92.0951,24.6339],[92.089,24.6445],[92.0735,24.6498],[92.084,24.6688],[92.0752,24.6741],[92.0714,24.6611],[92.0615,24.6571],[92.0638,24.6487],[92.0569,24.646],[92.0569,24.6369],[92.0429,24.6264],[92.0313,24.6295],[92.0363,24.6884],[92.0262,24.6979],[92.0393,24.7071],[92.0395,24.7004],[92.0494,24.6969],[92.06,24.7102],[92.0581,24.7194],[92.0749,24.717],[92.0799,24.7228],[92.0842,24.748],[92.0773,24.7493],[92.077,24.7692],[92.102,24.7564],[92.1149,24.766],[92.1266,24.7604],[92.174,24.7735],[92.1923,24.7678],[92.198,24.806],[92.2116,24.8044],[92.2151,24.814],[92.243,24.8186],[92.2378,24.8311],[92.2509,24.8361],[92.2736,24.8274],[92.2735,24.7996]]]}},{"type":"Feature","properties":{"unit_id":"BD60580035","level":"upazila","name_en":"Juri","name_bn":"Juri","division":"Sylhet"},"geometry":{"type":"Polygon","coordinates":[[[92.0738,24.6492],[92.089,24.6445],[92.0955,24.6338],[92.1065,24.657],[92.1369,24.6423],[92.1366,24.6286],[92.1623,24.621],[92.1699,24.5874],[92.1778,24.5988],[92.1749,24.6067],[92.1893,24.6012],[92.2068,24.6075],[92.2279,24.626],[92.2428,24.6123],[92.2333,24.5818],[92.2294,24.5008],[92.2021,24.5074],[92.1679,24.532],[92.1577,24.5289],[92.1534,24.5115],[92.1588,24.5066],[92.1521,24.5021],[92.1514,24.4899],[92.1676,24.4268],[92.1639,24.4204],[92.1539,24.4266],[92.1363,24.4258],[92.1347,24.4083],[92.1166,24.3819],[92.1053,24.3847],[92.1122,24.4284],[92.1228,24.4413],[92.1169,24.4444],[92.1227,24.4472],[92.1218,24.4564],[92.1077,24.4683],[92.1152,24.4822],[92.1296,24.4896],[92.125,24.505],[92.119,24.4974],[92.1139,24.5022],[92.1178,24.5056],[92.1102,24.5064],[92.1188,24.5189],[92.1146,24.5328],[92.1148,24.5344],[92.1189,24.5373],[92.1045,24.5343],[92.1159,24.5472],[92.1142,24.5532],[92.107,24.5609],[92.1039,24.5564],[92.0847,24.5667],[92.0614,24.5682],[92.0525,24.5838],[92.0552,24.61],[92.0678,24.6327],[92.0569,24.646],[92.0638,24.6487],[92.0617,24.6574],[92.0714,24.6611],[92.0753,24.6702],[92.0708,24.6726],[92.084,24.6688],[92.0738,24.6492]]]}},{"type":"Feature","properties":{"unit_id":"BD60580056","level":"upazila","name_en":"Kamalganj","name_bn":"Kamalganj","division":"Sylhet"},"geometry":{"type":"Polygon","coordinates":[[[91.8803,24.4568],[91.8768,24.4449],[91.8873,24.4348],[91.8975,24.4363],[91.9001,24.4459],[91.9131,24.4449],[91.9112,24.4366],[91.9222,24.4284],[91.9219,24.3991],[91.9374,24.3978],[91.9197,24.3372],[91.94,24.2693],[91.9117,24.1699],[91.9138,24.154],[91.902,24.1375],[91.8843,24.1392],[91.8737,24.1746],[91.8455,24.1902],[91.8428,24.2018],[91.8554,24.2126],[91.8432,24.2218],[91.846,24.2258],[91.8388,24.2272],[91.8383,24.2195],[91.8176,24.211],[91.8075,24.2212],[91.7818,24.2268],[91.794,24.241],[91.7933,24.2591],[91.7857,24.2619],[91.7653,24.252],[91.776,24.2591],[91.7772,24.2711],[91.7949,24.2734],[91.7956,24.3032],[91.7702,24.3093],[91.7748,24.3229],[91.7705,24.3306],[91.7856,24.3368],[91.7838,24.3587],[91.7718,24.358],[91.7727,24.3631],[91.7756,24.3674],[91.7945,24.3629],[91.8001,24.3766],[91.7887,24.383],[91.7972,24.3864],[91.7883,24.4],[91.7913,24.4182],[91.7823,24.4283],[91.7949,24.4292],[91.795,24.4429],[91.7863,24.4456],[91.7872,24.4652],[91.8036,24.4602],[91.8035,24.4506],[91.8089,24.4578],[91.8188,24.4579],[91.8221,24.4672],[91.8601,24.453],[91.8803,24.4568]]]}},{"type":"Feature","properties":{"unit_id":"BD60580065","level":"upazila","name_en":"Kulaura","name_bn":"Kulaura","division":"Sylhet"},"geometry":{"type":"Polygon","coordinates":[[[92.0288,24.6367],[92.0337,24.628],[92.0429,24.6264],[92.0599,24.6405],[92.0667,24.6369],[92.0546,24.6079],[92.0549,24.5725],[92.1039,24.5564],[92.107,24.5609],[92.1142,24.5532],[92.1159,24.5472],[92.1045,24.5343],[92.1189,24.5373],[92.1146,24.5328],[92.1188,24.5189],[92.1102,24.5064],[92.1178,24.5056],[92.1139,24.5022],[92.119,24.4974],[92.125,24.505],[92.1296,24.4896],[92.1152,24.4822],[92.1077,24.4683],[92.1214,24.4575],[92.1227,24.4472],[92.1169,24.4444],[92.1228,24.4413],[92.1122,24.4284],[92.1058,24.383],[92.0906,24.373],[92.0439,24.3762],[92.023,24.387],[92.0071,24.3825],[91.9967,24.3943],[91.9857,24.3775],[91.9721,24.3853],[91.9661,24.3801],[91.9719,24.3799],[91.9707,24.374],[91.9844,24.3621],[91.9782,24.3579],[91.9963,24.3396],[91.9958,24.3233],[91.9822,24.3248],[91.968,24.3503],[91.9563,24.3567],[91.9215,24.3357],[91.9374,24.3978],[91.9219,24.3991],[91.9222,24.4284],[91.9112,24.4366],[91.9131,24.4449],[91.9024,24.4463],[91.9027,24.46],[91.9201,24.4659],[91.9122,24.4698],[91.9278,24.4799],[91.9216,24.4908],[91.9387,24.4914],[91.9324,24.5171],[91.961,24.5326],[91.9596,24.5376],[91.9458,24.536],[91.9339,24.5585],[91.9404,24.586],[91.9573,24.6011],[91.9527,24.6273],[91.9669,24.6241],[91.9693,24.6395],[91.9853,24.643],[91.9964,24.654],[92.0347,24.6455],[92.0288,24.6367]]]}},{"type":"Feature","properties":{"unit_id":"BD60580074","level":"upazila","name_en":"Moulvibazar Sadar","name_bn":"Moulvibazar Sadar","division":"Sylhet"},"geometry":{"type":"Polygon","coordinates":[[[91.6839,24.6103],[91.7199,24.5964],[91.7351,24.5985],[91.7387,24.5884],[91.7496,24.5878],[91.7445,24.5697],[91.7621,24.5736],[91.7651,24.5511],[91.798,24.5373],[91.8029,24.5139],[91.8107,24.5133],[91.8054,24.5013],[91.8161,24.4986],[91.8138,24.4901],[91.8211,24.4961],[91.822,24.4832],[91.8321,24.4755],[91.8306,24.4607],[91.8221,24.4672],[91.8188,24.4579],[91.8089,24.4578],[91.8048,24.4509],[91.8036,24.4602],[91.7872,24.4654],[91.7863,24.4456],[91.795,24.4429],[91.7942,24.4269],[91.7823,24.4283],[91.7913,24.4182],[91.7885,24.4042],[91.7761,24.4031],[91.773,24.4083],[91.7557,24.4012],[91.7146,24.4005],[91.7103,24.4077],[91.6878,24.4037],[91.6884,24.4149],[91.6722,24.4048],[91.6666,24.4093],[91.6486,24.4044],[91.6434,24.414],[91.6563,24.4185],[91.6485,24.4335],[91.6408,24.4349],[91.642,24.4409],[91.6332,24.4443],[91.6393,24.4507],[91.6334,24.4656],[91.6142,24.4729],[91.6132,24.4916],[91.6224,24.5161],[91.6368,24.5186],[91.6342,24.5259],[91.6412,24.5282],[91.6375,24.5435],[91.648,24.5409],[91.6577,24.5468],[91.645,24.5566],[91.647,24.5668],[91.6384,24.5652],[91.6341,24.5766],[91.627,24.5784],[91.6331,24.5829],[91.6287,24.5895],[91.6133,24.5825],[91.6095,24.5889],[91.6238,24.6014],[91.6347,24.5867],[91.6389,24.5883],[91.6342,24.5939],[91.664,24.5912],[91.6696,24.6097],[91.6617,24.6292],[91.6773,24.6341],[91.6839,24.6103]]]}},{"type":"Feature","properties":{"unit_id":"BD60580080","level":"upazila","name_en":"Rajnagar","name_bn":"Rajnagar","division":"Sylhet"},"geometry":{"type":"Polygon","coordinates":[[[91.9221,24.6538],[91.9324,24.6627],[91.9342,24.6567],[91.9637,24.6464],[91.9725,24.6344],[91.9669,24.6241],[91.9527,24.6273],[91.9573,24.6011],[91.9404,24.586],[91.934,24.5604],[91.9451,24.5368],[91.9596,24.5376],[91.961,24.5326],[91.9324,24.5171],[91.9387,24.4914],[91.9216,24.4908],[91.9278,24.4799],[91.9122,24.4698],[91.9201,24.4659],[91.9028,24.4604],[91.905,24.4481],[91.8955,24.4414],[91.897,24.4359],[91.8873,24.4348],[91.8768,24.4449],[91.8803,24.4568],[91.8601,24.453],[91.8306,24.4603],[91.8321,24.4755],[91.822,24.4832],[91.8211,24.4961],[91.8138,24.4901],[91.8161,24.4986],[91.8054,24.5013],[91.8107,24.5133],[91.8029,24.5139],[91.798,24.5373],[91.7651,24.5511],[91.7621,24.5736],[91.7445,24.5697],[91.7496,24.5878],[91.7387,24.5884],[91.7351,24.5985],[91.7515,24.6001],[91.7728,24.6267],[91.7832,24.6275],[91.7805,24.6365],[91.7862,24.6433],[91.7959,24.6454],[91.8009,24.6373],[91.8316,24.6543],[91.8475,24.6454],[91.8693,24.6588],[91.8854,24.6578],[91.891,24.646],[91.9021,24.6507],[91.9051,24.6643],[91.9221,24.6538]]]}},{"type":"Feature","properties":{"unit_id":"BD60580083","level":"upazila","name_en":"Sreemangal","name_bn":"Sreemangal","division":"Sylhet"},"geometry":{"type":"Polygon","coordinates":[[[91.6393,24.4507],[91.6332,24.4443],[91.642,24.4409],[91.6408,24.4349],[91.6485,24.4335],[91.6561,24.4192],[91.6434,24.414],[91.6486,24.4044],[91.6666,24.4093],[91.6722,24.4048],[91.6884,24.4149],[91.6878,24.4037],[91.7103,24.4077],[91.7146,24.4005],[91.7557,24.4012],[91.773,24.4083],[91.7761,24.4031],[91.7885,24.4042],[91.7958,24.3906],[91.7968,24.3855],[91.7887,24.383],[91.8001,24.3766],[91.7973,24.3646],[91.7888,24.3608],[91.7756,24.3674],[91.7715,24.3599],[91.7838,24.3587],[91.7853,24.3336],[91.7697,24.3266],[91.7748,24.3229],[91.7703,24.3063],[91.791,24.3079],[91.7956,24.3032],[91.7949,24.2734],[91.7772,24.2711],[91.776,24.2591],[91.7653,24.2544],[91.7878,24.2624],[91.7936,24.2588],[91.794,24.241],[91.7818,24.2268],[91.7461,24.2473],[91.7589,24.1415],[91.7274,24.1439],[91.7211,24.1521],[91.7065,24.1544],[91.7035,24.1632],[91.6928,24.1599],[91.6857,24.1653],[91.6801,24.1934],[91.6681,24.2092],[91.6664,24.2328],[91.6489,24.219],[91.6597,24.1896],[91.6558,24.1761],[91.6474,24.1783],[91.6472,24.1905],[91.6353,24.1996],[91.6352,24.2102],[91.6191,24.233],[91.6204,24.2465],[91.6142,24.2487],[91.6208,24.2675],[91.612,24.285],[91.6284,24.3084],[91.6292,24.3365],[91.619,24.3608],[91.6234,24.3647],[91.6018,24.3638],[91.6002,24.4155],[91.6186,24.4168],[91.6173,24.4367],[91.6101,24.4426],[91.6142,24.4729],[91.6334,24.4656],[91.6393,24.4507]]]}},{"type":"Feature","properties":{"unit_id":"BD60900018","level":"upazila","name_en":"Bishwambharpur","name_bn":"Bishwambharpur","division":"Sylhet"},"geometry":{"type":"Polygon","coordinates":[[[91.3835,25.1438],[91.3927,25.1229],[91.4005,25.1187],[91.3951,25.0812],[91.3754,25.0796],[91.365,25.0575],[91.3512,25.0563],[91.3554,25.052],[91.332,25.0623],[91.3098,25.0638],[91.3055,25.0591],[91.2933,25.0677],[91.2959,25.054],[91.2826,25.0411],[91.2801,25.0239],[91.2697,25.0221],[91.268,25.0314],[91.26,25.0331],[91.2426,25.0199],[91.2435,25.0351],[91.2378,25.0364],[91.2423,25.0438],[91.2223,25.0558],[91.2208,25.0633],[91.2321,25.0806],[91.2669,25.0828],[91.2595,25.1195],[91.2547,25.1219],[91.2512,25.1161],[91.2422,25.1215],[91.2497,25.1373],[91.2677,25.1337],[91.266,25.1421],[91.2758,25.1532],[91.2677,25.1462],[91.2622,25.1471],[91.2638,25.154],[91.2516,25.1551],[91.2577,25.1609],[91.2794,25.1561],[91.2886,25.1861],[91.3197,25.1831],[91.3378,25.1734],[91.3537,25.1716],[91.3637,25.1777],[91.3685,25.17],[91.3883,25.1676],[91.3835,25.1438]]]}},{"type":"Feature","properties":{"unit_id":"BD60900023","level":"upazila","name_en":"Chhatak","name_bn":"Chhatak","division":"Sylhet"},"geometry":{"type":"Polygon","coordinates":[[[91.7192,25.1369],[91.7178,25.129],[91.7272,25.1291],[91.7175,25.1115],[91.7241,25.1099],[91.7182,25.093],[91.7341,25.0791],[91.73,25.0725],[91.7345,25.0699],[91.7089,25.0694],[91.6846,25.0593],[91.6854,25.0441],[91.6695,25.0413],[91.6797,25.0252],[91.6662,25.0229],[91.696,25.0],[91.6639,25.0019],[91.6738,24.9925],[91.6991,24.9879],[91.7024,24.9803],[91.6969,24.9778],[91.7108,24.9688],[91.7022,24.9538],[91.7115,24.9483],[91.6876,24.9395],[91.6921,24.9313],[91.6868,24.918],[91.6939,24.9178],[91.6954,24.9096],[91.6825,24.9074],[91.6952,24.9067],[91.6933,24.9004],[91.679,24.8946],[91.6846,24.8942],[91.6862,24.8823],[91.6976,24.8825],[91.6968,24.8708],[91.6864,24.8646],[91.6836,24.8758],[91.6746,24.8748],[91.6757,24.8608],[91.6561,24.8507],[91.6637,24.8418],[91.6603,24.8285],[91.6566,24.8392],[91.6577,24.8263],[91.6277,24.8201],[91.6061,24.8304],[91.6101,24.8178],[91.6017,24.8107],[91.5964,24.8114],[91.5979,24.8208],[91.5918,24.8261],[91.5735,24.8327],[91.5606,24.8294],[91.5549,24.8379],[91.5368,24.8293],[91.5303,24.8412],[91.5229,24.8351],[91.5169,24.8384],[91.5152,24.8314],[91.5118,24.8578],[91.4977,24.8662],[91.5008,24.8806],[91.4925,24.8911],[91.5009,24.8979],[91.527,24.897],[91.5261,24.9133],[91.4878,24.9482],[91.4853,24.9632],[91.5086,24.9706],[91.5148,24.9663],[91.5309,24.9726],[91.5421,24.9698],[91.5505,24.9786],[91.5461,24.9821],[91.5679,24.9949],[91.5668,25.0026],[91.5809,24.9903],[91.5851,24.9962],[91.5951,24.9917],[91.5999,25.0012],[91.587,25.0098],[91.5942,25.0131],[91.5957,25.0232],[91.5792,25.0329],[91.5805,25.0527],[91.5996,25.0519],[91.598,25.0755],[91.6322,25.0721],[91.6376,25.086],[91.662,25.0849],[91.6753,25.0577],[91.6868,25.0635],[91.6838,25.1117],[91.6897,25.12],[91.6885,25.1374],[91.7023,25.1494],[91.7192,25.1369]]]}},{"type":"Feature","properties":{"unit_id":"BD60900029","level":"upazila","name_en":"Derai","name_bn":"Derai","division":"Sylhet"},"geometry":{"type":"Polygon","coordinates":[[[91.2642,24.8834],[91.2797,24.8758],[91.2836,24.8829],[91.3082,24.8744],[91.3098,24.8802],[91.3171,24.8798],[91.3396,24.8609],[91.3382,24.8534],[91.369,24.8583],[91.3597,24.8463],[91.3842,24.8335],[91.3865,24.8411],[91.3882,24.836],[91.4021,24.8409],[91.4071,24.8329],[91.4188,24.8446],[91.432,24.8354],[91.4501,24.839],[91.4544,24.8307],[91.4489,24.8185],[91.4611,24.8143],[91.4635,24.7872],[91.4708,24.7841],[91.4562,24.7743],[91.456,24.762],[91.468,24.7577],[91.4703,24.7439],[91.4592,24.7449],[91.4506,24.7374],[91.4414,24.7414],[91.451,24.7237],[91.459,24.7213],[91.4502,24.704],[91.4641,24.6929],[91.4538,24.686],[91.4587,24.6687],[91.4498,24.6665],[91.4466,24.6523],[91.4381,24.6707],[91.4312,24.6752],[91.4275,24.6709],[91.4278,24.6818],[91.4189,24.6824],[91.4136,24.6737],[91.3908,24.6754],[91.3921,24.688],[91.3771,24.6992],[91.3819,24.7079],[91.3771,24.7053],[91.3552,24.7195],[91.3432,24.7166],[91.3525,24.727],[91.3488,24.743],[91.3293,24.74],[91.3273,24.7462],[91.3093,24.7285],[91.3162,24.7425],[91.3005,24.7685],[91.2915,24.7629],[91.278,24.7696],[91.2614,24.7622],[91.2621,24.7482],[91.2771,24.7511],[91.2675,24.7351],[91.2538,24.7285],[91.2479,24.7283],[91.2454,24.7417],[91.1923,24.7495],[91.1928,24.7586],[91.2049,24.7496],[91.2074,24.768],[91.219,24.7718],[91.2041,24.7904],[91.2115,24.798],[91.2257,24.7951],[91.226,24.8001],[91.2085,24.8011],[91.1986,24.8094],[91.1816,24.7916],[91.1746,24.7935],[91.1716,24.7806],[91.1694,24.792],[91.1608,24.793],[91.1611,24.7976],[91.1721,24.8091],[91.1717,24.8208],[91.1895,24.8296],[91.1856,24.8347],[91.196,24.8397],[91.1946,24.8454],[91.2107,24.8368],[91.2088,24.8468],[91.2145,24.8424],[91.2254,24.8482],[91.2241,24.8571],[91.2384,24.861],[91.2362,24.8909],[91.2507,24.882],[91.2642,24.8834]]]}},{"type":"Feature","properties":{"unit_id":"BD60900032","level":"upazila","name_en":"Dharmapasha","name_bn":"Dharmapasha","division":"Sylhet"},"geometry":{"type":"Polygon","coordinates":[[[91.0776,25.0446],[91.0749,25.0279],[91.0942,25.0225],[91.0945,25.0129],[91.1054,25.0021],[91.1295,24.9959],[91.1378,24.9744],[91.1327,24.9672],[91.1423,24.9701],[91.14,24.9599],[91.1532,24.9616],[91.1552,24.9557],[91.16,24.9612],[91.1662,24.9464],[91.16,24.9291],[91.16,24.8912],[91.1535,24.9013],[91.1382,24.8885],[91.1628,24.8728],[91.1472,24.8484],[91.1483,24.8403],[91.1157,24.8132],[91.1145,24.8285],[91.1297,24.8423],[91.1236,24.85],[91.114,24.8487],[91.103,24.8655],[91.1082,24.8739],[91.101,24.8869],[91.0879,24.8897],[91.0745,24.9029],[91.0539,24.9007],[91.0453,24.9081],[91.0377,24.9052],[91.0292,24.883],[91.0249,24.8884],[91.0168,24.8862],[91.0217,24.8902],[91.0148,24.8976],[90.9985,24.8914],[90.9943,24.9137],[90.9581,24.9128],[90.957,24.9385],[90.9499,24.937],[90.952,24.9412],[90.9632,24.9412],[90.9731,24.9551],[90.9629,24.971],[90.9444,24.9752],[90.9407,24.9859],[90.9437,24.9935],[90.9525,24.9897],[90.9675,24.9947],[90.9655,25.0239],[90.976,25.0267],[91.0056,25.0181],[91.0261,24.9991],[91.0399,25.0055],[91.0647,25.0043],[91.0667,25.0133],[91.0606,25.016],[91.0705,25.0291],[91.0608,25.0439],[91.0706,25.049],[91.0776,25.0446]]]}},{"type":"Feature","properties":{"unit_id":"BD60900033","level":"upazila","name_en":"Dowarabazar","name_bn":"Dowarabazar","division":"Sylhet"},"geometry":{"type":"Polygon","coordinates":[[[91.6897,25.12],[91.6838,25.1117],[91.6875,25.0948],[91.6818,25.0821],[91.6874,25.0773],[91.6868,25.0635],[91.6753,25.0577],[91.662,25.0849],[91.6376,25.086],[91.6322,25.0721],[91.598,25.0755],[91.5996,25.0519],[91.5805,25.0527],[91.5792,25.0329],[91.5957,25.0232],[91.5942,25.0131],[91.587,25.0098],[91.5999,25.0012],[91.5951,24.9917],[91.5851,24.9962],[91.5809,24.9903],[91.5668,25.0026],[91.5679,24.9949],[91.5461,24.9821],[91.5505,24.9786],[91.5421,24.9698],[91.5309,24.9726],[91.5148,24.9663],[91.5086,24.9706],[91.4853,24.9632],[91.489,24.9805],[91.4664,25.0136],[91.4774,25.0377],[91.4464,25.0466],[91.4468,25.0635],[91.4695,25.0526],[91.4696,25.0695],[91.4945,25.0735],[91.5007,25.0847],[91.483,25.0945],[91.4844,25.1041],[91.4933,25.1055],[91.4934,25.0978],[91.4989,25.0984],[91.5088,25.1164],[91.5079,25.1303],[91.5252,25.1364],[91.5272,25.1447],[91.5565,25.1497],[91.5633,25.1607],[91.576,25.1597],[91.5716,25.1653],[91.5772,25.1721],[91.6099,25.1771],[91.6155,25.1706],[91.6041,25.1675],[91.6014,25.1441],[91.621,25.1436],[91.6272,25.1256],[91.6416,25.1232],[91.6526,25.131],[91.6649,25.1285],[91.6696,25.138],[91.6885,25.1374],[91.6897,25.12]]]}},{"type":"Feature","properties":{"unit_id":"BD60900047","level":"upazila","name_en":"Jagannathpur","name_bn":"Jagannathpur","division":"Sylhet"},"geometry":{"type":"Polygon","coordinates":[[[91.5305,24.8412],[91.5368,24.8293],[91.5549,24.8379],[91.5606,24.8294],[91.5735,24.8327],[91.5918,24.8261],[91.6014,24.8107],[91.6101,24.8178],[91.6068,24.8306],[91.6283,24.82],[91.6598,24.8266],[91.6591,24.8119],[91.6721,24.8098],[91.673,24.7895],[91.653,24.7958],[91.6464,24.7859],[91.6338,24.7825],[91.6472,24.7829],[91.6472,24.7723],[91.6638,24.7737],[91.6763,24.759],[91.6722,24.7501],[91.6576,24.7429],[91.6716,24.7312],[91.6716,24.72],[91.6581,24.7244],[91.6513,24.7172],[91.6608,24.7018],[91.6433,24.7007],[91.6426,24.6937],[91.6546,24.6977],[91.6501,24.6795],[91.6265,24.6733],[91.6227,24.6571],[91.6062,24.6748],[91.5809,24.6627],[91.5744,24.6772],[91.562,24.6661],[91.5716,24.6618],[91.5714,24.6473],[91.5676,24.6576],[91.5534,24.6677],[91.55,24.6605],[91.545,24.6714],[91.5329,24.6517],[91.529,24.6654],[91.5227,24.6616],[91.5204,24.6692],[91.4948,24.6741],[91.4941,24.6689],[91.4846,24.6766],[91.4853,24.6691],[91.4783,24.6739],[91.4646,24.6622],[91.4657,24.6704],[91.4587,24.6687],[91.4535,24.6841],[91.4641,24.6929],[91.4499,24.7046],[91.459,24.7213],[91.451,24.7237],[91.4414,24.7414],[91.4506,24.7374],[91.4592,24.7449],[91.4703,24.7439],[91.468,24.7577],[91.4562,24.7618],[91.4554,24.7723],[91.4708,24.7841],[91.4635,24.7872],[91.4611,24.8143],[91.4488,24.819],[91.4519,24.8411],[91.4639,24.8377],[91.4642,24.8464],[91.5062,24.8305],[91.5305,24.8412]]]}},{"type":"Feature","properties":{"unit_id":"BD60900050","level":"upazila","name_en":"Jamalganj","name_bn":"Jamalganj","division":"Sylhet"},"geometry":{"type":"Polygon","coordinates":[[[91.1339,25.0479],[91.1243,25.0377],[91.1348,25.0283],[91.1458,25.0376],[91.1686,25.0334],[91.167,25.0412],[91.1775,25.0508],[91.1943,25.0503],[91.1982,25.0632],[91.2206,25.0651],[91.2223,25.0558],[91.2423,25.0438],[91.2378,25.0364],[91.2435,25.0351],[91.2428,25.0198],[91.2594,25.0328],[91.268,25.0314],[91.2697,25.0221],[91.285,25.0215],[91.3057,25.0077],[91.3047,24.9988],[91.3112,24.9986],[91.3138,24.9889],[91.3069,24.9844],[91.3039,24.9677],[91.2868,24.9675],[91.2809,24.9558],[91.2889,24.9507],[91.2795,24.943],[91.2935,24.9122],[91.2714,24.8956],[91.2836,24.8834],[91.2819,24.8763],[91.2498,24.8821],[91.2362,24.8909],[91.2384,24.861],[91.2241,24.8571],[91.2254,24.8482],[91.2141,24.8422],[91.2088,24.8468],[91.2101,24.8367],[91.1946,24.8454],[91.196,24.8397],[91.1856,24.8347],[91.1895,24.8296],[91.1736,24.821],[91.1653,24.8345],[91.1528,24.8403],[91.1427,24.8267],[91.1527,24.8117],[91.1336,24.7935],[91.1157,24.8132],[91.1483,24.8403],[91.1472,24.8484],[91.1628,24.8728],[91.1382,24.8885],[91.1535,24.9013],[91.16,24.8912],[91.16,24.9291],[91.1662,24.9464],[91.16,24.9612],[91.1552,24.9557],[91.1532,24.9616],[91.14,24.9599],[91.1423,24.9701],[91.1327,24.9672],[91.1378,24.9744],[91.1295,24.9959],[91.1054,25.0021],[91.0945,25.0129],[91.0942,25.0225],[91.0834,25.0251],[91.098,25.0334],[91.0927,25.048],[91.1072,25.0458],[91.0943,25.058],[91.0942,25.0693],[91.1206,25.0719],[91.1339,25.0479]]]}},{"type":"Feature","properties":{"unit_id":"BD60900063","level":"upazila","name_en":"Madhyanagar","name_bn":"Madhyanagar","division":"Sylhet"},"geometry":{"type":"Polygon","coordinates":[[[91.0698,25.1767],[91.0786,25.1688],[91.0876,25.1397],[91.0786,25.1416],[91.0681,25.1282],[91.0466,25.1406],[91.0291,25.1379],[91.0222,25.1306],[91.0234,25.1204],[91.0466,25.1113],[91.0444,25.0908],[91.0545,25.0842],[91.0778,25.0863],[91.079,25.0777],[91.0942,25.0693],[91.0947,25.0568],[91.1072,25.0458],[91.0927,25.048],[91.098,25.0334],[91.0832,25.0256],[91.0728,25.0316],[91.0775,25.045],[91.062,25.0464],[91.0705,25.0291],[91.0606,25.016],[91.0667,25.0133],[91.0647,25.0043],[91.0399,25.0055],[91.0261,24.9991],[91.0063,25.0177],[90.9702,25.0266],[90.9655,25.0239],[90.9675,24.9947],[90.9486,24.9914],[90.9482,25.005],[90.9368,25.0094],[90.9354,25.0233],[90.9647,25.0346],[90.9514,25.0433],[90.9313,25.0425],[90.9307,25.0638],[90.9362,25.0654],[90.9291,25.0778],[90.944,25.0811],[90.9574,25.0694],[90.9737,25.0723],[90.9715,25.0945],[90.948,25.1116],[90.9576,25.1277],[90.9498,25.1365],[90.9515,25.1494],[90.9593,25.1488],[90.9685,25.1622],[90.9596,25.1681],[91.0202,25.1877],[91.0726,25.1885],[91.0698,25.1767]]]}},{"type":"Feature","properties":{"unit_id":"BD60900086","level":"upazila","name_en":"Shalla","name_bn":"Shalla","division":"Sylhet"},"geometry":{"type":"Polygon","coordinates":[[[91.2085,24.8011],[91.226,24.8001],[91.2262,24.7956],[91.2124,24.7982],[91.2051,24.7919],[91.219,24.7718],[91.2074,24.768],[91.2048,24.7495],[91.1921,24.7584],[91.1932,24.7487],[91.2454,24.7417],[91.2479,24.7283],[91.2538,24.7285],[91.2675,24.7351],[91.2771,24.7511],[91.2621,24.7482],[91.2614,24.7622],[91.278,24.7696],[91.2915,24.7629],[91.3005,24.7685],[91.3162,24.7425],[91.3093,24.7285],[91.3273,24.7462],[91.3293,24.74],[91.3481,24.7434],[91.3525,24.727],[91.3432,24.7166],[91.3582,24.7188],[91.3827,24.7057],[91.3718,24.6895],[91.3495,24.6911],[91.3618,24.6775],[91.3478,24.6694],[91.343,24.6754],[91.3343,24.6603],[91.3157,24.6484],[91.304,24.6572],[91.308,24.6263],[91.2978,24.621],[91.2946,24.5995],[91.276,24.6038],[91.2748,24.6094],[91.2673,24.6011],[91.2684,24.5843],[91.2341,24.5702],[91.2067,24.5784],[91.2066,24.5872],[91.1975,24.5903],[91.2053,24.5955],[91.2011,24.6099],[91.1774,24.6207],[91.1779,24.6316],[91.1956,24.6254],[91.1946,24.6322],[91.2063,24.635],[91.2102,24.6541],[91.2316,24.6586],[91.2337,24.6698],[91.2235,24.6732],[91.2237,24.679],[91.2343,24.6757],[91.2434,24.6831],[91.2414,24.6962],[91.2212,24.7022],[91.2298,24.7268],[91.2216,24.7285],[91.2079,24.7122],[91.1725,24.7304],[91.1616,24.7191],[91.1594,24.7261],[91.1419,24.7274],[91.1521,24.7331],[91.147,24.7486],[91.1571,24.743],[91.1591,24.7526],[91.137,24.7601],[91.1606,24.7661],[91.1743,24.7931],[91.1816,24.7916],[91.1927,24.8065],[91.2075,24.8067],[91.2085,24.8011]]]}},{"type":"Feature","properties":{"unit_id":"BD60900087","level":"upazila","name_en":"Shantiganj","name_bn":"Shantiganj","division":"Sylhet"},"geometry":{"type":"Polygon","coordinates":[[[91.4836,24.9584],[91.4878,24.9482],[91.5261,24.9133],[91.527,24.897],[91.5009,24.8979],[91.4925,24.8911],[91.5008,24.8806],[91.4977,24.8662],[91.5118,24.8578],[91.5131,24.8337],[91.4866,24.8341],[91.4638,24.8464],[91.4637,24.8377],[91.4524,24.8413],[91.432,24.8354],[91.4191,24.8446],[91.4071,24.8329],[91.4021,24.8409],[91.3882,24.836],[91.3865,24.8411],[91.3842,24.8335],[91.3597,24.8463],[91.369,24.8583],[91.3387,24.8532],[91.3396,24.8609],[91.328,24.8737],[91.3135,24.8806],[91.3076,24.8746],[91.2733,24.8916],[91.2795,24.9046],[91.2934,24.9121],[91.2865,24.9192],[91.2898,24.9292],[91.2825,24.9292],[91.2797,24.9448],[91.2891,24.9497],[91.2814,24.9508],[91.2818,24.9586],[91.2872,24.9677],[91.3039,24.9677],[91.3077,24.9854],[91.3233,24.9793],[91.321,24.9731],[91.3166,24.9775],[91.3206,24.9614],[91.3142,24.9587],[91.3286,24.9598],[91.3291,24.9411],[91.3497,24.9443],[91.3466,24.9531],[91.3635,24.9677],[91.3732,24.9557],[91.3814,24.9593],[91.3916,24.9463],[91.393,24.9635],[91.4058,24.9667],[91.4027,24.9789],[91.4094,24.9954],[91.4426,24.9968],[91.4426,25.0049],[91.4499,25.0012],[91.4664,25.0148],[91.4897,24.9782],[91.4836,24.9584]]]}},{"type":"Feature","properties":{"unit_id":"BD60900089","level":"upazila","name_en":"Sunamganj Sadar","name_bn":"Sunamganj Sadar","division":"Sylhet"},"geometry":{"type":"Polygon","coordinates":[[[91.4691,25.1515],[91.4661,25.1347],[91.5002,25.1358],[91.509,25.1474],[91.5272,25.1447],[91.5252,25.1364],[91.5079,25.1303],[91.5088,25.1164],[91.4989,25.0984],[91.4934,25.0978],[91.4933,25.1055],[91.4844,25.1041],[91.483,25.0945],[91.5007,25.0847],[91.4945,25.0735],[91.4696,25.0695],[91.4695,25.0526],[91.4468,25.0635],[91.4464,25.0466],[91.4774,25.0377],[91.4664,25.0148],[91.4499,25.0012],[91.4426,25.0049],[91.4426,24.9968],[91.4094,24.9954],[91.4027,24.9789],[91.4058,24.9667],[91.393,24.9635],[91.392,24.9464],[91.3814,24.9593],[91.3732,24.9557],[91.3635,24.9677],[91.3466,24.9531],[91.3497,24.9443],[91.3292,24.9411],[91.3286,24.9598],[91.3142,24.9587],[91.3206,24.9614],[91.3166,24.9775],[91.3214,24.9732],[91.3232,24.9794],[91.3125,24.9858],[91.3114,24.9983],[91.3048,24.9986],[91.2998,25.013],[91.2766,25.0202],[91.2772,25.03],[91.2955,25.0526],[91.2933,25.0677],[91.3055,25.0591],[91.3098,25.0638],[91.332,25.0623],[91.3554,25.052],[91.3512,25.0563],[91.365,25.0575],[91.3754,25.0796],[91.3951,25.0812],[91.4005,25.1187],[91.3927,25.1229],[91.3835,25.1438],[91.3883,25.1676],[91.4106,25.1639],[91.4142,25.1704],[91.4407,25.1498],[91.4691,25.1515]]]}},{"type":"Feature","properties":{"unit_id":"BD60900092","level":"upazila","name_en":"Tahirpur","name_bn":"Tahirpur","division":"Sylhet"},"geometry":{"type":"Polygon","coordinates":[[[91.2804,25.1696],[91.2847,25.162],[91.2794,25.1561],[91.2577,25.1609],[91.2516,25.1551],[91.2638,25.154],[91.2622,25.1471],[91.2677,25.1462],[91.2758,25.1532],[91.266,25.1421],[91.2677,25.1337],[91.2492,25.137],[91.242,25.1199],[91.2595,25.1195],[91.2669,25.0828],[91.2321,25.0806],[91.2227,25.0646],[91.1986,25.0633],[91.1943,25.0503],[91.1767,25.0503],[91.167,25.0412],[91.1686,25.0334],[91.1462,25.0376],[91.1337,25.0285],[91.1243,25.0377],[91.1339,25.0479],[91.1203,25.0724],[91.0932,25.0692],[91.079,25.0777],[91.0773,25.0866],[91.0545,25.0842],[91.0444,25.0908],[91.0466,25.1113],[91.0234,25.1204],[91.0222,25.1306],[91.0291,25.1379],[91.0466,25.1406],[91.0681,25.1282],[91.0786,25.1416],[91.0876,25.1397],[91.0786,25.1688],[91.0698,25.1767],[91.0716,25.198],[91.1323,25.1938],[91.1981,25.2018],[91.2505,25.1951],[91.2605,25.2041],[91.2923,25.192],[91.2804,25.1696]]]}},{"type":"Feature","properties":{"unit_id":"BD60910008","level":"upazila","name_en":"Balaganj","name_bn":"Balaganj","division":"Sylhet"},"geometry":{"type":"Polygon","coordinates":[[[91.8941,24.7457],[91.9035,24.7437],[91.9033,24.732],[91.9178,24.7195],[91.8993,24.7084],[91.9048,24.6967],[91.9183,24.692],[91.9008,24.6497],[91.8899,24.6463],[91.8854,24.6578],[91.8693,24.6588],[91.8475,24.6454],[91.8316,24.6543],[91.8009,24.6373],[91.7959,24.6454],[91.7862,24.6433],[91.7805,24.6365],[91.7832,24.6275],[91.7728,24.6267],[91.7452,24.5968],[91.7199,24.5964],[91.6939,24.6064],[91.6944,24.6167],[91.7497,24.6227],[91.7481,24.6349],[91.7656,24.6618],[91.7541,24.6769],[91.763,24.6863],[91.7536,24.6914],[91.7609,24.7095],[91.7689,24.7081],[91.7662,24.6987],[91.7763,24.6987],[91.7789,24.6923],[91.7984,24.6963],[91.7998,24.7125],[91.8109,24.7018],[91.8238,24.7004],[91.8204,24.713],[91.8226,24.7171],[91.8311,24.7133],[91.8299,24.7323],[91.8119,24.7324],[91.8036,24.7614],[91.8228,24.7609],[91.8275,24.7693],[91.8402,24.7681],[91.8435,24.7731],[91.8491,24.7671],[91.8736,24.7683],[91.8709,24.7567],[91.8802,24.761],[91.8904,24.753],[91.8923,24.7581],[91.8941,24.7457]]]}},{"type":"Feature","properties":{"unit_id":"BD60910017","level":"upazila","name_en":"Beanibazar","name_bn":"Beanibazar","division":"Sylhet"},"geometry":{"type":"Polygon","coordinates":[[[92.2069,24.9438],[92.2167,24.9376],[92.216,24.9218],[92.2313,24.9131],[92.227,24.9045],[92.2474,24.885],[92.2464,24.867],[92.2388,24.8683],[92.2354,24.8613],[92.243,24.8403],[92.255,24.8381],[92.2378,24.8311],[92.243,24.8186],[92.2151,24.814],[92.2116,24.8044],[92.198,24.806],[92.193,24.7681],[92.174,24.7735],[92.1266,24.7604],[92.1149,24.766],[92.1041,24.7567],[92.0955,24.7574],[92.0915,24.7658],[92.0779,24.7678],[92.0814,24.7702],[92.0755,24.7769],[92.0677,24.7775],[92.0717,24.7823],[92.067,24.7872],[92.072,24.7926],[92.0769,24.783],[92.0834,24.7828],[92.0785,24.7952],[92.092,24.8064],[92.0855,24.8166],[92.0976,24.8234],[92.0937,24.8279],[92.1035,24.8408],[92.1119,24.8425],[92.1071,24.85],[92.0923,24.8538],[92.0991,24.872],[92.0871,24.8715],[92.085,24.8641],[92.0716,24.8663],[92.0729,24.891],[92.0654,24.8933],[92.0663,24.9009],[92.073,24.9052],[92.0811,24.8977],[92.0926,24.9015],[92.1037,24.892],[92.1135,24.905],[92.1326,24.9111],[92.1451,24.9076],[92.1466,24.9187],[92.1571,24.929],[92.1563,24.9455],[92.1644,24.952],[92.1764,24.9318],[92.2069,24.9438]]]}},{"type":"Feature","properties":{"unit_id":"BD60910020","level":"upazila","name_en":"Bishwanath","name_bn":"Bishwanath","division":"Sylhet"},"geometry":{"type":"Polygon","coordinates":[[[91.7341,24.9191],[91.733,24.9039],[91.7567,24.9079],[91.763,24.9003],[91.7579,24.8873],[91.7631,24.8823],[91.7761,24.9052],[91.7864,24.9102],[91.7905,24.8999],[91.7789,24.8948],[91.7915,24.8905],[91.8025,24.8961],[91.8004,24.8658],[91.8158,24.8559],[91.8089,24.8478],[91.8039,24.851],[91.8088,24.8426],[91.8057,24.8314],[91.7903,24.8134],[91.788,24.7911],[91.7778,24.7814],[91.7484,24.7741],[91.7467,24.7831],[91.727,24.7596],[91.7251,24.7449],[91.7208,24.7493],[91.7097,24.7404],[91.684,24.7534],[91.6781,24.7514],[91.6765,24.7411],[91.6709,24.7696],[91.6483,24.7716],[91.6472,24.7829],[91.6338,24.7825],[91.6464,24.7859],[91.653,24.7958],[91.673,24.7895],[91.6713,24.8112],[91.6591,24.8119],[91.6566,24.8392],[91.6603,24.8285],[91.6637,24.8418],[91.6561,24.8507],[91.6757,24.8608],[91.6761,24.8758],[91.6836,24.8758],[91.6864,24.8646],[91.6968,24.8708],[91.6976,24.8825],[91.6862,24.8823],[91.6846,24.8942],[91.679,24.8946],[91.6906,24.897],[91.6953,24.9055],[91.6825,24.9074],[91.6954,24.9096],[91.6939,24.9178],[91.6868,24.918],[91.6921,24.9313],[91.6876,24.9395],[91.707,24.9241],[91.7341,24.9191]]]}},{"type":"Feature","properties":{"unit_id":"BD60910027","level":"upazila","name_en":"Companiganj","name_bn":"Companiganj","division":"Sylhet"},"geometry":{"type":"Polygon","coordinates":[[[91.8505,25.1513],[91.8438,25.1403],[91.8459,25.1308],[91.8582,25.1214],[91.8498,25.1108],[91.8581,25.1056],[91.8426,25.0948],[91.8581,25.0856],[91.8424,25.0581],[91.8551,25.0256],[91.8425,25.0266],[91.839,25.0143],[91.8123,25.0183],[91.8101,25.0119],[91.7858,25.0064],[91.7754,25.0215],[91.7397,25.0058],[91.7369,24.9918],[91.7109,24.9794],[91.711,24.9727],[91.7004,24.9788],[91.6991,24.9879],[91.6666,24.9977],[91.6652,25.0031],[91.696,25.0],[91.6662,25.0229],[91.6797,25.0252],[91.6695,25.0413],[91.6854,25.0441],[91.6846,25.0593],[91.7089,25.0694],[91.7345,25.0699],[91.73,25.0725],[91.7341,25.0791],[91.7182,25.093],[91.7241,25.1099],[91.7175,25.1115],[91.7272,25.1291],[91.7178,25.129],[91.7192,25.1369],[91.7027,25.1493],[91.7041,25.1597],[91.747,25.14],[91.7475,25.1411],[91.7423,25.1447],[91.7496,25.1586],[91.7445,25.17],[91.7545,25.1771],[91.7587,25.1684],[91.7748,25.1634],[91.8276,25.1779],[91.85,25.1736],[91.8505,25.1513]]]}},{"type":"Feature","properties":{"unit_id":"BD60910031","level":"upazila","name_en":"Dakkhin Surma","name_bn":"Dakkhin Surma","division":"Sylhet"},"geometry":{"type":"Polygon","coordinates":[[[91.8535,24.8878],[91.8548,24.8795],[91.8837,24.8732],[91.8873,24.8615],[91.9,24.8762],[91.9168,24.8761],[91.9269,24.8669],[91.9326,24.8521],[91.9198,24.8425],[91.9314,24.8374],[91.9306,24.8266],[91.941,24.8122],[91.9623,24.8129],[91.9661,24.8033],[91.9614,24.7945],[91.9698,24.7934],[91.9563,24.7776],[91.9606,24.7763],[91.9566,24.7598],[91.9652,24.7573],[91.9581,24.7392],[91.9654,24.7326],[91.9548,24.7302],[91.9561,24.7253],[91.9507,24.7315],[91.9582,24.7368],[91.9503,24.7373],[91.9463,24.7506],[91.9239,24.7496],[91.8925,24.7583],[91.8904,24.753],[91.8802,24.761],[91.8709,24.7567],[91.8736,24.7683],[91.8315,24.7701],[91.8358,24.7855],[91.8207,24.7808],[91.8179,24.7875],[91.7889,24.7974],[91.7903,24.8134],[91.8077,24.837],[91.8039,24.851],[91.8089,24.8478],[91.8158,24.8559],[91.8004,24.8658],[91.7979,24.8873],[91.8161,24.8964],[91.831,24.8954],[91.8368,24.9033],[91.8388,24.891],[91.8535,24.8878]]]}},{"type":"Feature","properties":{"unit_id":"BD60910035","level":"upazila","name_en":"Fenchuganj","name_bn":"Fenchuganj","division":"Sylhet"},"geometry":{"type":"Polygon","coordinates":[[[91.9239,24.7496],[91.9463,24.7506],[91.9503,24.7373],[91.9582,24.7368],[91.9507,24.7315],[91.9556,24.7251],[91.9554,24.7305],[91.9852,24.7341],[91.989,24.7251],[91.9957,24.7251],[91.9832,24.7146],[92.0231,24.7067],[92.0363,24.6884],[92.0297,24.6523],[91.9964,24.654],[91.9731,24.6376],[91.9342,24.6567],[91.9324,24.6627],[91.9266,24.6539],[91.9111,24.6571],[91.9132,24.6622],[91.9045,24.6648],[91.9183,24.692],[91.9048,24.6967],[91.8993,24.7084],[91.9178,24.7195],[91.9033,24.732],[91.9035,24.7437],[91.8941,24.7457],[91.8937,24.7579],[91.9239,24.7496]]]}},{"type":"Feature","properties":{"unit_id":"BD60910038","level":"upazila","name_en":"Golapganj","name_bn":"Golapganj","division":"Sylhet"},"geometry":{"type":"Polygon","coordinates":[[[92.0193,24.8885],[92.0561,24.8883],[92.0679,24.9004],[92.0654,24.8933],[92.0729,24.891],[92.0716,24.8663],[92.085,24.8641],[92.0871,24.8715],[92.0991,24.872],[92.0923,24.8538],[92.1071,24.85],[92.1119,24.8425],[92.1035,24.8408],[92.0937,24.8279],[92.0976,24.8234],[92.0855,24.8166],[92.092,24.8064],[92.0785,24.7952],[92.0834,24.7828],[92.0769,24.783],[92.072,24.7926],[92.067,24.7872],[92.0717,24.7823],[92.0677,24.7775],[92.0814,24.7702],[92.0765,24.7686],[92.0773,24.7493],[92.0842,24.748],[92.0839,24.7377],[92.0749,24.717],[92.0581,24.7194],[92.06,24.7102],[92.0494,24.6969],[92.0395,24.7004],[92.0397,24.707],[92.0312,24.6999],[92.0117,24.7122],[91.9832,24.7146],[91.9949,24.7263],[91.989,24.7251],[91.9852,24.7341],[91.9722,24.7292],[91.9587,24.7374],[91.9652,24.7573],[91.9566,24.7598],[91.9606,24.7763],[91.9563,24.7776],[91.9691,24.7874],[91.9698,24.7934],[91.9614,24.7945],[91.9659,24.8042],[91.9573,24.8154],[91.941,24.8122],[91.9306,24.8266],[91.9314,24.8374],[91.9198,24.8425],[91.9308,24.8486],[91.9335,24.8563],[91.9279,24.8575],[91.9269,24.8669],[91.9379,24.8639],[91.9407,24.879],[91.9776,24.8775],[91.9719,24.8882],[91.9763,24.8947],[92.0211,24.9278],[92.0307,24.9136],[92.0193,24.8885]]]}},{"type":"Feature","properties":{"unit_id":"BD60910041","level":"upazila","name_en":"Gowainghat","name_bn":"Gowainghat","division":"Sylhet"},"geometry":{"type":"Polygon","coordinates":[[[92.0263,25.1791],[92.0409,25.1863],[92.0569,25.1837],[92.0531,25.1756],[92.0606,25.1601],[92.0484,25.1544],[92.0488,25.1441],[92.0702,25.1335],[92.0755,25.1171],[92.0879,25.1112],[92.0913,25.0896],[92.108,25.0946],[92.1185,25.0899],[92.0964,25.0741],[92.0975,25.0656],[92.0753,25.0533],[92.0746,25.0423],[92.0845,25.0366],[92.0726,25.0195],[92.0602,25.0142],[92.0567,25.0208],[92.0476,25.0122],[92.035,25.0253],[92.0195,25.0203],[92.0221,25.0133],[92.0043,25.0078],[91.999,24.9832],[91.99,24.9735],[91.9843,24.9814],[91.9771,24.9766],[91.9707,24.9609],[91.9844,24.9553],[91.9766,24.9484],[91.9723,24.9575],[91.9635,24.9579],[91.9638,24.9484],[91.9461,24.9472],[91.9196,25.0088],[91.9061,25.01],[91.8805,24.9867],[91.8562,24.9878],[91.8535,24.9925],[91.8448,24.9828],[91.8294,24.9846],[91.8207,25.0049],[91.8101,25.0119],[91.8123,25.0183],[91.839,25.0143],[91.8425,25.0266],[91.8551,25.0256],[91.8424,25.0581],[91.8581,25.0856],[91.8426,25.0948],[91.8581,25.1056],[91.8498,25.1108],[91.8582,25.1214],[91.8459,25.1308],[91.8438,25.1403],[91.8505,25.1513],[91.85,25.1736],[91.876,25.1776],[91.8806,25.1734],[91.9156,25.1818],[91.9807,25.1722],[92.002,25.1858],[92.0171,25.1862],[92.0263,25.1791]]]}},{"type":"Feature","properties":{"unit_id":"BD60910053","level":"upazila","name_en":"Jaintapur","name_bn":"Jaintapur","division":"Sylhet"},"geometry":{"type":"Polygon","coordinates":[[[92.1328,25.1601],[92.1398,25.1544],[92.1346,25.1432],[92.1457,25.1397],[92.1362,25.1391],[92.1657,25.1358],[92.1589,25.133],[92.1649,25.1306],[92.1596,25.1275],[92.164,25.1242],[92.1721,25.1286],[92.1832,25.118],[92.1894,25.1363],[92.1946,25.1257],[92.2207,25.1174],[92.2185,25.1155],[92.2004,25.1199],[92.1963,25.1082],[92.2226,25.1039],[92.2289,25.0902],[92.2139,25.092],[92.2174,25.084],[92.2027,25.0652],[92.2299,25.0557],[92.2079,25.0421],[92.2019,25.0632],[92.1738,25.0543],[92.1515,25.0165],[92.1555,25.0076],[92.1349,24.9908],[92.1158,24.9853],[92.0958,24.9896],[92.0805,24.983],[92.0704,24.9859],[92.0687,24.9776],[92.06,24.977],[92.0602,24.9655],[92.0432,24.9631],[92.0294,24.9498],[92.0184,24.9249],[92.0092,24.9184],[91.9952,24.9191],[91.9844,24.9553],[91.9707,24.9609],[91.9771,24.9766],[91.9843,24.9814],[91.99,24.9735],[91.999,24.9832],[92.0043,25.0078],[92.0221,25.0133],[92.0199,25.0205],[92.0331,25.0255],[92.0476,25.0122],[92.0567,25.0208],[92.0602,25.0142],[92.0683,25.0157],[92.0844,25.0363],[92.0746,25.0423],[92.078,25.0573],[92.0975,25.0656],[92.0964,25.0741],[92.1187,25.0882],[92.108,25.0946],[92.0913,25.0896],[92.0879,25.1112],[92.0755,25.1171],[92.0702,25.1335],[92.0488,25.1441],[92.0484,25.1544],[92.0609,25.1619],[92.0526,25.1865],[92.105,25.1759],[92.1328,25.1601]]]}},{"type":"Feature","properties":{"unit_id":"BD60910059","level":"upazila","name_en":"Kanaighat","name_bn":"Kanaighat","division":"Sylhet"},"geometry":{"type":"Polygon","coordinates":[[[92.3188,25.0701],[92.3224,25.0782],[92.3464,25.0746],[92.3484,25.0617],[92.3395,25.0499],[92.3629,25.0498],[92.3691,25.0408],[92.3835,25.0422],[92.3986,25.0328],[92.4251,25.0289],[92.4163,24.9904],[92.3919,24.9874],[92.3769,25.0058],[92.3726,24.9821],[92.3618,24.9823],[92.355,24.9661],[92.342,24.9677],[92.3312,24.9791],[92.3275,24.9604],[92.3112,24.9533],[92.2856,24.9633],[92.2824,24.9819],[92.2657,24.9871],[92.2576,24.9751],[92.2403,24.9712],[92.2391,24.9562],[92.2133,24.9641],[92.2212,24.9437],[92.1764,24.9318],[92.1681,24.9512],[92.1614,24.9506],[92.1559,24.9444],[92.1571,24.929],[92.1439,24.9071],[92.1326,24.9111],[92.1135,24.905],[92.1037,24.892],[92.0926,24.9015],[92.0811,24.8977],[92.073,24.9052],[92.0561,24.8883],[92.0193,24.8885],[92.0306,24.9115],[92.021,24.9243],[92.0226,24.9379],[92.0432,24.9631],[92.0602,24.9655],[92.06,24.977],[92.0687,24.9776],[92.0715,24.9864],[92.1158,24.9853],[92.1349,24.9908],[92.1555,25.0076],[92.1515,25.0165],[92.1738,25.0543],[92.2019,25.0632],[92.2079,25.0421],[92.2295,25.0544],[92.2029,25.0644],[92.2174,25.084],[92.2139,25.092],[92.2289,25.0902],[92.2315,25.0971],[92.3099,25.0693],[92.3188,25.0701]]]}},{"type":"Feature","properties":{"unit_id":"BD60910060","level":"upazila","name_en":"Osmaninagar","name_bn":"Osmaninagar","division":"Sylhet"},"geometry":{"type":"Polygon","coordinates":[[[91.8207,24.7808],[91.8358,24.7855],[91.8369,24.7756],[91.8228,24.7609],[91.8034,24.7611],[91.8119,24.7324],[91.8298,24.7325],[91.8317,24.7146],[91.8226,24.7171],[91.8254,24.7049],[91.8172,24.6993],[91.7998,24.7125],[91.7984,24.6963],[91.7926,24.6929],[91.7664,24.6985],[91.7689,24.7081],[91.7609,24.7095],[91.7536,24.6914],[91.763,24.6863],[91.7541,24.6769],[91.7656,24.6618],[91.7589,24.647],[91.7523,24.645],[91.7467,24.6188],[91.7286,24.6238],[91.7067,24.6143],[91.6944,24.6167],[91.6939,24.6064],[91.6839,24.6103],[91.6767,24.6343],[91.6608,24.6269],[91.6522,24.6293],[91.6551,24.6358],[91.6415,24.6477],[91.6445,24.6548],[91.6392,24.6585],[91.6497,24.6637],[91.6585,24.6788],[91.6493,24.6808],[91.6546,24.6977],[91.6426,24.6937],[91.6433,24.7007],[91.6614,24.7035],[91.6514,24.7181],[91.6581,24.7244],[91.6716,24.72],[91.6747,24.7254],[91.6576,24.7429],[91.6622,24.748],[91.6765,24.7488],[91.6777,24.741],[91.6781,24.7514],[91.684,24.7534],[91.7105,24.7402],[91.7208,24.7493],[91.7293,24.7482],[91.7265,24.7586],[91.7467,24.7831],[91.7478,24.7825],[91.7472,24.7744],[91.7647,24.7761],[91.7778,24.7814],[91.7889,24.7974],[91.8201,24.786],[91.8207,24.7808]]]}},{"type":"Feature","properties":{"unit_id":"BD60910062","level":"upazila","name_en":"Sylhet Sadar","name_bn":"Sylhet Sadar","division":"Sylhet"},"geometry":{"type":"Polygon","coordinates":[[[91.7847,25.0064],[91.8137,25.0107],[91.8321,24.9879],[91.8294,24.9846],[91.8437,24.9826],[91.8535,24.9925],[91.8562,24.9878],[91.8805,24.9867],[91.9061,25.01],[91.9202,25.0086],[91.9461,24.9472],[91.9638,24.9484],[91.9619,24.9579],[91.9723,24.9575],[91.9766,24.9484],[91.9847,24.9531],[91.9937,24.9204],[92.0096,24.918],[91.9763,24.8947],[91.9719,24.8882],[91.9776,24.8775],[91.9407,24.879],[91.9379,24.8639],[91.9168,24.8761],[91.8983,24.8764],[91.9072,24.8912],[91.9041,24.9002],[91.8783,24.9117],[91.8784,24.9209],[91.854,24.9136],[91.8495,24.9246],[91.8401,24.9213],[91.844,24.9102],[91.8318,24.9099],[91.8368,24.9033],[91.831,24.8954],[91.8161,24.8964],[91.8068,24.8879],[91.8025,24.8961],[91.7814,24.893],[91.7908,24.9013],[91.7837,24.9109],[91.7628,24.8824],[91.7579,24.8873],[91.763,24.9003],[91.7567,24.9079],[91.733,24.9039],[91.7341,24.9191],[91.707,24.9241],[91.7031,24.9336],[91.6882,24.9405],[91.6982,24.9395],[91.7121,24.9492],[91.7022,24.9538],[91.7102,24.9703],[91.6972,24.9789],[91.714,24.9735],[91.7109,24.9794],[91.7369,24.9918],[91.7397,25.0058],[91.7776,25.0188],[91.7847,25.0064]]]}},{"type":"Feature","properties":{"unit_id":"BD60910094","level":"upazila","name_en":"Zakiganj","name_bn":"Zakiganj","division":"Sylhet"},"geometry":{"type":"Polygon","coordinates":[[[92.4216,24.9902],[92.4222,24.966],[92.4591,24.9707],[92.4682,24.9637],[92.4664,24.9575],[92.4513,24.952],[92.4492,24.9389],[92.4876,24.9475],[92.484,24.9301],[92.4971,24.9018],[92.491,24.8917],[92.4924,24.8751],[92.4753,24.8684],[92.445,24.8726],[92.4372,24.8567],[92.4254,24.8529],[92.4064,24.8592],[92.4013,24.8498],[92.3863,24.8517],[92.3747,24.8722],[92.3619,24.8725],[92.3484,24.8893],[92.3386,24.8782],[92.3256,24.8961],[92.3067,24.9006],[92.3002,24.9147],[92.273,24.9051],[92.2475,24.9089],[92.2317,24.8999],[92.2267,24.9091],[92.2313,24.9131],[92.2184,24.918],[92.2167,24.9376],[92.2078,24.944],[92.2099,24.9444],[92.2124,24.9443],[92.217,24.9433],[92.2212,24.9437],[92.2133,24.9641],[92.2391,24.9562],[92.2403,24.9712],[92.2576,24.9751],[92.2657,24.9871],[92.2824,24.9819],[92.2856,24.9633],[92.3112,24.9533],[92.3275,24.9604],[92.3312,24.9791],[92.342,24.9677],[92.355,24.9661],[92.3618,24.9823],[92.3726,24.9821],[92.3769,25.0058],[92.3982,24.9867],[92.4216,24.9902]]]}},{"type":"Feature","properties":{"unit_id":"BD20151600","level":"upazila","name_en":"Chattogram City Corporation","name_bn":"Chattogram City Corporation","division":"Chattogram"},"geometry":{"type":"Polygon","coordinates":[[[91.8832,22.4299],[91.8934,22.4049],[91.8805,22.3826],[91.8718,22.341],[91.8621,22.3301],[91.827,22.3185],[91.8007,22.2984],[91.802,22.2811],[91.834,22.2717],[91.8402,22.2609],[91.8301,22.2406],[91.7992,22.2194],[91.7785,22.2321],[91.7733,22.263],[91.755,22.2851],[91.7444,22.3645],[91.7845,22.3817],[91.794,22.3944],[91.7702,22.4549],[91.8164,22.4659],[91.8192,22.4154],[91.8448,22.4097],[91.8461,22.4008],[91.8776,22.4048],[91.8764,22.4311],[91.8832,22.4299]]]}},{"type":"Feature","properties":{"unit_id":"BD20195000","level":"upazila","name_en":"Cumilla City Corporation","name_bn":"Cumilla City Corporation","division":"Chattogram"},"geometry":{"type":"Polygon","coordinates":[[[91.1885,23.4665],[91.2102,23.4724],[91.203,23.4459],[91.2127,23.4483],[91.2118,23.4374],[91.2213,23.4297],[91.2205,23.4224],[91.2259,23.4197],[91.2315,23.4288],[91.2292,23.4178],[91.2417,23.4147],[91.2401,23.4064],[91.2296,23.4007],[91.2333,23.3898],[91.2243,23.3865],[91.2119,23.4015],[91.2126,23.411],[91.1882,23.4155],[91.1852,23.4093],[91.1564,23.4062],[91.1647,23.4373],[91.1452,23.432],[91.1457,23.4161],[91.132,23.4114],[91.1275,23.4117],[91.1283,23.4251],[91.1166,23.4249],[91.1167,23.438],[91.1343,23.4382],[91.1321,23.4438],[91.1406,23.4483],[91.1696,23.4492],[91.1667,23.4811],[91.1725,23.486],[91.1827,23.4807],[91.1885,23.4665]]]}},{"type":"Feature","properties":{"unit_id":"BD30262500","level":"upazila","name_en":"Dhaka North City Corporation","name_bn":"Dhaka North City Corporation","division":"Dhaka"},"geometry":{"type":"Polygon","coordinates":[[[90.4613,23.8934],[90.461,23.8782],[90.473,23.8663],[90.4728,23.8417],[90.4866,23.8316],[90.4904,23.8165],[90.4851,23.814],[90.4809,23.7918],[90.4621,23.7814],[90.4609,23.767],[90.4492,23.768],[90.4524,23.7603],[90.4331,23.7637],[90.425,23.7507],[90.3948,23.7459],[90.3742,23.7583],[90.3671,23.7442],[90.3499,23.7389],[90.3415,23.7483],[90.3295,23.7495],[90.3436,23.7694],[90.3335,23.7755],[90.3425,23.8023],[90.3361,23.8203],[90.3423,23.8266],[90.3369,23.8313],[90.3414,23.8417],[90.3369,23.8472],[90.3498,23.854],[90.3449,23.8578],[90.3598,23.8932],[90.3847,23.8986],[90.3944,23.8808],[90.4121,23.883],[90.4388,23.9003],[90.4613,23.8934]]]}},{"type":"Feature","properties":{"unit_id":"BD30262000","level":"upazila","name_en":"Dhaka South City Corporation","name_bn":"Dhaka South City Corporation","division":"Dhaka"},"geometry":{"type":"Polygon","coordinates":[[[90.4832,23.7715],[90.4859,23.7493],[90.4948,23.7434],[90.4926,23.7335],[90.5107,23.7096],[90.4724,23.6871],[90.4669,23.6907],[90.4491,23.6692],[90.4005,23.7106],[90.3619,23.7103],[90.3517,23.7408],[90.3671,23.7442],[90.3742,23.7583],[90.3948,23.7459],[90.425,23.7507],[90.4331,23.7637],[90.4524,23.7603],[90.4492,23.768],[90.4609,23.767],[90.4587,23.7754],[90.4674,23.785],[90.4832,23.7715]]]}},{"type":"Feature","properties":{"unit_id":"BD30333300","level":"upazila","name_en":"Gazipur City Corporation","name_bn":"Gazipur City Corporation","division":"Dhaka"},"geometry":{"type":"Polygon","coordinates":[[[90.4233,24.0889],[90.4211,24.067],[90.4461,24.0598],[90.4496,24.0337],[90.4383,24.0169],[90.4516,23.9958],[90.4526,23.9824],[90.467,23.9723],[90.4609,23.9596],[90.473,23.9603],[90.4753,23.9675],[90.4775,23.9588],[90.4838,23.9576],[90.4766,23.9471],[90.4914,23.9421],[90.489,23.9243],[90.4941,23.9201],[90.4621,23.8826],[90.4588,23.8961],[90.4378,23.9007],[90.4121,23.883],[90.394,23.8808],[90.3803,23.8997],[90.3598,23.8932],[90.353,23.8776],[90.3438,23.9029],[90.3488,23.9313],[90.3423,23.9576],[90.3356,23.9477],[90.3171,23.9567],[90.3182,23.9502],[90.2995,23.9484],[90.2965,23.9607],[90.2805,23.9666],[90.2696,23.9616],[90.2587,23.9703],[90.2619,23.978],[90.2508,23.999],[90.2645,24.015],[90.2807,24.0091],[90.292,24.0137],[90.3022,24.0064],[90.3115,24.0148],[90.313,24.0257],[90.3024,24.043],[90.31,24.0442],[90.3255,24.0328],[90.3392,24.0416],[90.3359,24.0574],[90.3431,24.0608],[90.3373,24.0739],[90.3447,24.0745],[90.3512,24.0613],[90.359,24.0672],[90.3551,24.0759],[90.3626,24.0764],[90.3779,24.0977],[90.4085,24.0984],[90.4233,24.0889]]]}},{"type":"Feature","properties":{"unit_id":"BD30674400","level":"upazila","name_en":"Narayanganj City Corporation","name_bn":"Narayanganj City Corporation","division":"Dhaka"},"geometry":{"type":"Polygon","coordinates":[[[90.5258,23.6873],[90.5384,23.6937],[90.5466,23.6904],[90.533,23.6655],[90.5165,23.5968],[90.5326,23.5818],[90.5292,23.5715],[90.4926,23.5993],[90.4908,23.6268],[90.5109,23.6392],[90.477,23.6614],[90.4911,23.6777],[90.4902,23.6899],[90.483,23.6889],[90.4801,23.696],[90.5136,23.7087],[90.5258,23.6873]]]}},{"type":"Feature","properties":{"unit_id":"BD40473300","level":"upazila","name_en":"Khulna City Corporation","name_bn":"Khulna City Corporation","division":"Khulna"},"geometry":{"type":"Polygon","coordinates":[[[89.5506,22.8688],[89.5582,22.8265],[89.5816,22.8092],[89.5855,22.7862],[89.5798,22.7671],[89.5688,22.7746],[89.5645,22.7966],[89.5601,22.7989],[89.5566,22.7928],[89.5407,22.7998],[89.5338,22.8237],[89.5169,22.8328],[89.5133,22.8482],[89.5014,22.8617],[89.5152,22.8753],[89.4925,22.8875],[89.4986,22.8974],[89.5124,22.8944],[89.5076,22.9081],[89.5195,22.9093],[89.5276,22.8704],[89.5506,22.8688]]]}},{"type":"Feature","properties":{"unit_id":"BD50816600","level":"upazila","name_en":"Rajshahi City Corporation","name_bn":"Rajshahi City Corporation","division":"Rajshahi"},"geometry":{"type":"Polygon","coordinates":[[[88.6315,24.4096],[88.6183,24.389],[88.6277,24.3849],[88.634,24.3915],[88.6508,24.3889],[88.6547,24.3934],[88.6655,24.3655],[88.6539,24.3611],[88.6498,24.3495],[88.6148,24.36],[88.5695,24.361],[88.5561,24.3704],[88.5578,24.3746],[88.5416,24.3787],[88.5433,24.3848],[88.5515,24.3853],[88.5564,24.4012],[88.5691,24.3964],[88.5703,24.3833],[88.5859,24.382],[88.596,24.3961],[88.5893,24.3977],[88.5895,24.4165],[88.6315,24.4096]]]}},{"type":"Feature","properties":{"unit_id":"BD10065000","level":"upazila","name_en":"Barishal City Corporation","name_bn":"Barishal City Corporation","division":"Barishal"},"geometry":{"type":"Polygon","coordinates":[[[90.3261,22.7383],[90.3459,22.7294],[90.3538,22.7437],[90.3648,22.7292],[90.3813,22.7317],[90.3815,22.7255],[90.3859,22.7297],[90.3879,22.708],[90.3771,22.7009],[90.3559,22.6664],[90.3543,22.6496],[90.3238,22.6608],[90.3237,22.6438],[90.3161,22.6552],[90.3214,22.6725],[90.3061,22.6865],[90.3086,22.6972],[90.3187,22.6945],[90.3212,22.6999],[90.3163,22.7137],[90.3082,22.7163],[90.3055,22.7243],[90.3133,22.7308],[90.3013,22.7525],[90.3214,22.7539],[90.3261,22.7383]]]}},{"type":"Feature","properties":{"unit_id":"BD45614000","level":"upazila","name_en":"Mymensingh City Corporation","name_bn":"Mymensingh City Corporation","division":"Mymensingh"},"geometry":{"type":"Polygon","coordinates":[[[90.3918,24.7927],[90.3888,24.7975],[90.4152,24.7918],[90.421,24.7885],[90.4168,24.7823],[90.4333,24.773],[90.4686,24.7714],[90.4648,24.7676],[90.4705,24.7517],[90.4576,24.7558],[90.4527,24.7214],[90.4468,24.7217],[90.4609,24.6839],[90.4485,24.6809],[90.4239,24.6942],[90.4119,24.694],[90.4054,24.7083],[90.3914,24.712],[90.3939,24.7216],[90.3868,24.7286],[90.3773,24.7288],[90.351,24.7464],[90.3597,24.7641],[90.349,24.765],[90.346,24.7741],[90.3384,24.7719],[90.3396,24.7797],[90.331,24.785],[90.3366,24.7966],[90.3558,24.7997],[90.355,24.8053],[90.3806,24.7929],[90.3918,24.7927]]]}},{"type":"Feature","properties":{"unit_id":"BD55857500","level":"upazila","name_en":"Rangpur City Corporation","name_bn":"Rangpur City Corporation","division":"Rangpur"},"geometry":{"type":"Polygon","coordinates":[[[89.3165,25.8015],[89.3101,25.798],[89.3105,25.7828],[89.2965,25.7445],[89.3114,25.7444],[89.3077,25.7214],[89.3243,25.713],[89.3051,25.6957],[89.3246,25.6842],[89.317,25.6677],[89.2943,25.6708],[89.2942,25.6768],[89.2818,25.6833],[89.2809,25.6742],[89.2761,25.6804],[89.2624,25.6794],[89.2582,25.6697],[89.2439,25.6681],[89.243,25.678],[89.228,25.682],[89.2217,25.7014],[89.2001,25.7025],[89.2038,25.7122],[89.1866,25.7211],[89.1822,25.7173],[89.1819,25.7283],[89.1574,25.7479],[89.16,25.7555],[89.1555,25.7557],[89.1651,25.7601],[89.1599,25.7674],[89.1679,25.7682],[89.1706,25.7804],[89.167,25.8086],[89.1772,25.8138],[89.1788,25.822],[89.1786,25.816],[89.1932,25.8118],[89.1993,25.8186],[89.1914,25.8226],[89.1968,25.8353],[89.2088,25.8341],[89.2119,25.8211],[89.2364,25.8175],[89.2506,25.826],[89.2642,25.814],[89.2817,25.8241],[89.3004,25.8201],[89.3077,25.8081],[89.3142,25.8127],[89.3165,25.8015]]]}},{"type":"Feature","properties":{"unit_id":"BD60915000","level":"upazila","name_en":"Sylhet City Corporation","name_bn":"Sylhet City Corporation","division":"Sylhet"},"geometry":{"type":"Polygon","coordinates":[[[91.854,24.9136],[91.8779,24.9211],[91.8783,24.9117],[91.904,24.9003],[91.9072,24.8912],[91.898,24.8687],[91.8873,24.8615],[91.8837,24.8732],[91.8628,24.8758],[91.8535,24.8806],[91.8535,24.8878],[91.8388,24.891],[91.8404,24.9001],[91.8307,24.9072],[91.844,24.9102],[91.8419,24.9244],[91.8503,24.9225],[91.854,24.9136]]]}}]}